Author;ID;PIDs;Keywords
WANG, XUAN;fc93eac0-e633-48c6-bdfc-7eada05bcce5;680998;
Persson, Carl;a88cb4e6-b122-45ba-a4f4-1120a933d731;1903661;computer vision,3d reconstruction,text-to-3d,gaussian splatting,diffusion models,deep learning,datorseende,3d rekonstruktion,text-till-3d,gaussian splatting,diffusion modeller,djupinlärning
Anadon Leon, Hector;70884348-babb-465a-82b0-b20829901038;1229779;3d machine learning,object detection,computer vision,shape,point cloud
Hazara, Omid;8353d466-24ee-41ff-ab01-4ccedf20ce2c;1888229;3d shape retrieval,pattern recognition,machine learning,autoencoder,k-nn,3d shape retrieval,autoenconder,k-nn
Al Hakim, Ezeddin;1199;1245296,927344;computer vision,machine learning,autonomous vehicles,autonomous cars,lider,point cloud,deep learning,object detection,yolo
Hössjer, Simon;fcfc8edc-9a21-4b9b-845b-844a94999fc9;839326;3d/2d,image registration,radiosurgery
Strömberg, Philip;0;1214481;
Blomkvist Karlsson, Vera;1;1214481,1608961;clang,code generation,cuda,debugging,parallel computing,clang,kodgenerering,cuda,felsökning,parallella beräkningar
Stratigi, Eirini;f6ef33a5-a94c-4ed1-930f-b39d1c7c3ae9;1713732;cnn,svm,dbscan,mimo,bandwidth,frequencies,human presence detection,cnn,svm,dbscan,mimo,bandbredd,frekvenser,mänsklig närvaro detektering
Danielsson, Mattias;0af11e5d-dcbc-46f3-a671-3377b8831ca1;814688;
Romero, Mario;175;916505,916474,916472,916500,916470;information visualization,pedagogy,augmented project based learning,large public demos,interactive dance visualization,real-time interpolated animations,accelerometer,gyroscope,smartphones as wearables,activity shapes,human behavior,spatial analysis,spatiotemporal analysis,information visualization,embodied sculpting,user experience evaluation,haptic feedback,multimodal feedback,depth-sensor-based interaction,volume rendering,digital crafting,accessibility,text entry,blindness,mobile devices,touchscreens,multi-touch interaction,chording,gestures,touch evaluation.
Noroozi, Hamid;c8314a34-7875-489e-b67d-a72da1f540f1;1589979;security,privacy,vehicular pki,vpki,identity and credential management,vehicular communications,vanets,availability,scalability,resilient,efficiency,microservice,container orchestration,cloud,pseudonym transition,pseudonym unlinkability.,säkerhet,personlig integritet,identitet- och behörighetsuppgifter,tillgänglighet,skalbarhet,motståndskraftig,effektivitet,moln,pseudonymitet,anonymitet,ospårbarhet.
Wiklund, Victor;859;1500722,1215999;
Renman, Casper;2;810264;
Fristedt, Hampus;3;810264,1113057;deep learning,convolutional neural network,homography
Ishii, Shotaro;4;1597519;
Ljunggren, David;5;1597519;
Jalava, Vilma;0ea02dcb-09c4-4b37-a72b-e103577e600b;1599687;
Bogdanov, Daniil;70c6c5a3-1e92-43af-adbc-4ed2499425a4;813863,1180843;garment fit,machine learning,clustering,k-means,linear regression,support vector regression,e-commerce,online garment shopping
Bajallan, Rebwar;6;1465807;
Hashi, Burhan;7;1465807;
Fredrikson, Rasmus;8;929059,1246007;simulated annealing,genetic algorithm,university timetabling problem,cross-platform application,react native,progressive web application,pwa,ueq,android
Dahl, Jonas;9;929059,1241148;simulated annealing,genetic algorithm,university timetabling problem,sentiment analysis,machine learning,sentiments,ml,ai,neural networks,ann,artificial neural networks,convolutional neural network,cnn,language technology,natural language,news,titles,swedish,sentimentanalys,maskininlärning,sentiment,neuronnät,artificiella neuronnät,nyheter,nyhetsrubriker,språkteknologi
Taskin, Kasim;10;1214312,1466758;
Dinler, Mustafa;11;1214312;
Salman, Alzahraa;12;1212779;
Hanna, Rouwayd;13;1212779,1464463;
Andersson, Petter;14;1106836;d3 comparative server rendering client real-time visualization node
Wörlund, Robert;15;1106836;d3 comparative server rendering client real-time visualization node
Haglund, Isac;16;1464525;
Johansson, Lisa;17;1464525;
Alam, Joy;18;811673;artificial neural network,hybrid,comparative study
Ljungehed, Jesper;19;811673,1119205;artificial neural network,hybrid,comparative study,churn prediction,churn,prediction,recurrent neural network,rnn,customer lifetime value,clv
Besseling, Johan;20;1463840;
Renström, Anders;21;1463840;
Forsberg, Tom-Henrik;22;1105853;
Sundström, Johan;23;1105853;
Larsson, Mattias;24;929287,1231251;augmented reality,geographic information systems,global positioning system,user experience,mobile augmented reality
Kirichenko, Dan;25;929287;
Randleff, Veronica;26;927078,1231519;web app,native app,multi-criteria decision-making
Schwermer, Patrik;27;927078,1231573;java,kotlin,android,android runtime,art,clbg,computer language benchmarks game,runtime,performance,runtime,memory consumption,garbage collection,boxing of primitives,java,kotlin,android,android runtime,art,clbg,computer language benchmarks game,prestanda,körtid,minnesanvändning,garbage collection,boxing av primitiver
Streijffert, Nils;28;1464517;
Tegelmark, Frans;29;1464517;
Palacios Cuesta, Aitor;ba5b1011-7c56-47ab-b1a8-363a0dc7cecb;927145;
Sundlöf, Claudius;30;927355,1256056;automatic parallelization,benchmark,polybench,npb,icc,cetus,autopar,tc optimizing compiler,pluto
Krantz, Gustav;31;927355;
Svebrant, Henrik;32;927330,1233300;web search,click modeling,machine learning,recurrent neural networks,artificial neural networks
Svanberg, John;33;927330,1246205;ml,machine learning,neural networks,recurrent neural networks,nn,rnn,lstm,long short-term memory networks,anomaly detection,public transport,big data,data analysis
Lindblad, Maria;e7fa60d8-cdeb-4b35-9cb8-3168f22c9f60;1586454;formality style transfer,bert,natural language generation,swedish language models,gyafc,encoder-decoder models,överföring av formalitetsstil,bert,generering av naturligt språk,svenska språkmodeller,gyafc,kodnings-avkodningsmodeller
Gunér, Gustaf;34;1214420,1463587;
Haider, Adibbin;35;1214420,1616654;
Andersson, Tomas;938;1601097,1213402;pickup and delivery,dial-a-ride,dynamic,order assignment,large neighborhood search,pickup and delivery,dial-a-ride,dynamisk,tilldelning av beställningar,large neighborhood search
Dackander, Erik;41;1239046,927459;clustering,cluster analysis,machine learning,degoo,image clustering,comparative study,klustring,klusteranalys,maskininlärning,bildklustring,jämförande studie
Varatharajah, Thujeepan;36;927335;artificial neural network,random forest,machine learning,stock prediction,forecasting,regression,decision tree,feed foward neural network,stock
Victor, Eriksson;37;927335;artificial neural network,random forest,machine learning,stock prediction,forecasting,regression,decision tree,feed foward neural network,stock
Vidimlic, Haris;0038867c-e642-4749-af14-4339275be9cf;1609893;
Wedin, Mattias;38;1593175;
Bengtsson, Isak;39;1593175;
Raksanyi, Emil;40;927459;
Nolander, Christofer;42;1595251,1783240;query systems,parallelism,incremental computation,compiler architecture,dependency tracking,query system,parallelism,inkrementella beräkningar,kompilatorer,beroende spårning
Strömdahl, Amanda;43;1595251;
Marrikie, Rami;44;1596456;
Rached, Waled;45;1596456;
Larsson, Thimmy;46;1106628;
Wedin, Jonas;47;1106628;
Svensson, Erik;9c398c16-ff0d-40c7-9da4-0fe125180a0b;1659913;
Blom, Simon;0de7bde0-78ad-4238-bb15-3e010a5f1a1d;1595571;
Burvall, Benjamin;48;811125;
Olegård, Johannes;49;811125;
Björck, Erik;50;1214166,1468548;traffic lights,reinforcement learning,traffic control system,comparison,intersection,waiting time,longest queue first,trafikljus,förstärkande inlärning,trafikkontrollsystem,jämförelse,korsning,längst kö först
Omstedt, Fredrik;51;1214166;traffic lights,reinforcement learning,traffic control system,comparison,intersection,waiting time,longest queue first,trafikljus,förstärkande inlärning,trafikkontrollsystem,jämförelse,korsning,längst kö först
HAU, HWOH HEI JAMES;79931e3f-36c8-4082-8dbf-eef7d943689c;703152;
Alvaeus, Edvin;52;1774209;serverless,cloud computing,load testing,azure,rest,serverlös,datormoln,belastningstestning,azure,rest
Lindén, Ludvig;53;1774209;serverless,cloud computing,load testing,azure,rest,serverlös,datormoln,belastningstestning,azure,rest
Kjellberg, Gustav;54;1214150;
Kälvegren, Henrik;55;1214150;
Klaesson, Eric;56;721285;
Dahlin, Victor;57;721285;
Ranby, Erik;d5927062-cbcb-4d83-a73c-2bce8159540d;1047911;clustering k-means hierarchical
Vakili, Thomas;99df377f-9ae0-4c8b-b42c-96aa315fe096;927364;
Lundholm, Jesper;58;1214267,1608667;code analysis,code transformation,metamodel,abstract representation,kotlin,spoon,källkodsanalys,kodtransformation,metamodell,abstrakt representation,kotlin,spoon
Ledéus, Johan;59;1214267,1466817;
Acharya, Jaldeep;60;927551;
Fröberg, Ludvig;61;927551;
Östling, Marcus;62;1214317;
Lilja, Joakim;63;1214317;
Jafari, Mikael;64;1594906,1815072;blockchain,attacks,ethereum,solana,corda,oracle,blockkedja,attacker,ethereum,solana,corda,orakel
Olbe, Joel;65;1594906;
Tabari, Michel;66;1214255;
Sultani, Rawand;67;1214255;
Andersson, Oskar;68;927480;
Reyna Marquez, Steffany;69;927480;
Lundqvist, Melvin;70;1464440;
Forsberg, Agnes;71;1464440;
Sörme, Jacob;72;1214422,1466882;
Edwards, Tobias;73;1214422,1609025;
Heyman, Hugo;74;1463855;
Brandefelt, Love;75;1463855,1708139;datalog,decompiler,webassembly,logic programming,bytecode,datalog,dekompilator,webassembly,logic programming,bytecode
Schwalbe Lehtihet, Oliver;76;1593442;
Åryd, Viktor;77;1593442;
Borg, Caroline W.;78;1107835;
Dackebro, Erik;79;1107835;
Jagelid, Michelle;80;1108465,1463231;
Movin, Maria;81;1108465,1214183;machine learning,lstm,music search,query suggestion
Granskog, Tim;82;811126,1120685;autoencoder dimensionality reduction attribute elimination
Strigér, Amanda;83;811126,1139496;chatbots,machine learning,deep learning,sequence to sequence learning,conversation systems,end-to-end trainable,task-oriented chatbot
Podobas, Artur;84;503167,1559582,798214;application programming interfaces (api),computer software reusability,distributed memory architecture,parallel application,peak performance,programming models,scheduler implementation,task granularity,task parallelism,task performance
Brorsson, Mats;85;503167,370713,503169,798214;application programming interfaces (api),computer software reusability,distributed memory architecture,parallel application,peak performance,programming models,scheduler implementation,task granularity,task parallelism,task performance
Xue, Mengdi;c69eabee-d459-4564-9a95-aa1a3544b471;1560510;
Engelhardt, Sara;86;1105861;
Hansson, Emmeli;87;1105861;
Effati, Shayan;88;811866;
Alipoor, Donia;89;811866;
Avellan-Hultman, David;90;1597267;
Gunnberg Querat, Emil;91;1597267;
Andersson, Vilhelmina;92;1887938;mobile app development,progressive web app,cross-platform development,user experience,react,react native,android,ios,mobilapputveckling,progressiv webbapp,multiplattformsramverk,användarupplevelse,react,react native,android,ios
Seller Fredlund, Johan;93;1887938;mobile app development,progressive web app,cross-platform development,user experience,react,react native,android,ios,mobilapputveckling,progressiv webbapp,multiplattformsramverk,användarupplevelse,react,react native,android,ios
Gummesson, Viktor;832346a6-30f3-47bc-8712-42b31ba77674;1034015;visualisation,visualization,biofabric,gerpilsphere,force-directed. situational awareness
Adamsson, Marcus;94;928589;
Vorkapic, Aleksandar;95;928589,1268555;scion,blockchain,secure,network,communication,scion,blockkedja,säker,nätverk,kommunikation
Hummelgren, Lars;1666;1465215,1214384;
LAYOUSS, NIZAR GANDY ASSAF;3b2feff6-e418-4ee1-8f15-f0ea1f563f58;753291;
Bhat, Sriharsha;96;1471564;cyber-physical systems,behavior trees,simulation,mission planning,field testing,system integration.
Torroba, Ignacio;97;1471564;cyber-physical systems,behavior trees,simulation,mission planning,field testing,system integration.
Özkahraman, Özer;98;1471564,1115505;cyber-physical systems,behavior trees,simulation,mission planning,field testing,system integration.,multi-agent asv gaussian process mapping exploration depth shallow autonomous
Bore, Nils;99;1471564;cyber-physical systems,behavior trees,simulation,mission planning,field testing,system integration.
Sprague, Christopher;100;1471564,1707655,1709018;cyber-physical systems,behavior trees,simulation,mission planning,field testing,system integration.,autonomous systems,stability of hybrid systems,switched systems,behaviour trees,hybrid dynamical systems,formal guarantees,optimal control,machine learning,autonomy
Xie, Yiping;101;1471564;cyber-physical systems,behavior trees,simulation,mission planning,field testing,system integration.
Stenius, Ivan;102;1471564;cyber-physical systems,behavior trees,simulation,mission planning,field testing,system integration.
Severholt, Josefine;103;1471564;cyber-physical systems,behavior trees,simulation,mission planning,field testing,system integration.
Ljung, Carl;104;1471564;cyber-physical systems,behavior trees,simulation,mission planning,field testing,system integration.
Folkesson, John;105;1471564,911794,12342;cyber-physical systems,behavior trees,simulation,mission planning,field testing,system integration.,neural net,computer science
Ögren, Petter;106;1471564,1707655;cyber-physical systems,behavior trees,simulation,mission planning,field testing,system integration.,autonomous systems,stability of hybrid systems,switched systems
Holmgren, Helena;ed9731a9-6f07-4aef-99eb-219a8fc4f0d0;817907;
GIRAULT, NICOLAS;275284ed-7fae-45af-98b0-b1322c836016;753077;
BLOMQVIST, NIKLAS;107;770763;
HYGERTH, HENRIK;108;770763;
Zamanisiboni, Amirreza;109;1542074;chi(2)-privacy criterion,privacy mechanism design,euclidean information geometry
Oechtering, Tobias J.;110;1542074,1107165,1579745;chi(2)-privacy criterion,privacy mechanism design,euclidean information geometry,biometrics (access control),noise measurement,privacy,authentication,databases,indexes,data privacy,biometrics,identification systems,noisy enrollment,secrecy
Skoglund, Mikael;111;1542074,400051,1355470,1763975,1107165,1579745,398986;chi(2)-privacy criterion,privacy mechanism design,euclidean information geometry,communication costs,design trade-offs,estimation performance,estimation qualities,heterogeneous sensor networks,high qualities,localization systems,low qualities,optimal schedules,processing delays,sensor communications,sensor scheduling,stable time,switching rules,ultrasound sensors,communication,control theory,estimation,heterogeneous networks,kalman filters,riccati equations,sensor networks,machine learning,optimization,non-convex,data compression,biometrics (access control),noise measurement,privacy,authentication,databases,indexes,data privacy,biometrics,identification systems,noisy enrollment,secrecy,wireless sensor node design,receiver,simulator,transceiver circuits,system-level design and performance verification
Serra, Andreas;1161;1163624,668705;difference,analysis,similar,document,relative,utility
Richter, Simon;be24858e-4614-43d0-8412-b70c4332c0e0;1788175;phase-locked-loops,all-digital phase-locked-loops,time-to-digital converters,5g and beyond,radio-frequency design,fas-låsd-loop,helt-digital fas-låst-loop,tid-till-digital-omvandlare,5g och framtiden,radio-frekvens design
Laptev, Ivan;112;443263,338656,443275,441205,444655,335153,441155,442088,440686,473371,442100;matching,scale-space,image features,tracking,recognition,multi-scale representations,automatic road extraction,aerial imagery,snakes,multi-scale,evaluation,ridge detection,edge-detection,selection,motion,local features,motion descriptors,velocity adaptation,action recognition,learning,svm,human movement,representation,scale,acceleration,computer vision,event detection,image motion analysis,indexing,layout,motion analysis,optical computing,spatiotemporal phenomena,videoconference
Lindeberg, Tony;113;443263,634396,473387,338803,441151,474422,338656,474413,465766,440708,465703,474276,472969,473351,473428,473379,473368,473362,473381,339453,453064,473627,466293,338874,474284,443275,441205,440633,444655,473389,335153,442082,472978,441155,474472,473383,465689,464973,338468,440700,473392,546842,474298,441212,473431,472968,474296,473385,789796,473366,472972,473373,440719,442088,1144192,465018,442098,440686,473371,466218,442100;matching,scale-space,image features,tracking,recognition,multi-scale representations,multi-scale analysis,automatic scale selection,multi-channel texture analysis,active inspection system,carbide classification,texture segmentation,filters,images,scale,brain activation,human brain mapping,functional region,primal sketch,scale selection,blob detection,multi-scale representation,computer vision,automatic road extraction,aerial imagery,snakes,multi-scale,evaluation,ridge detection,edge-detection,selection,curve segmentation,minimum description length,junction detection,edge detection,curvature,classification,object recognition,image descriptor,histogram,object categorization,gaussian derivative,spatio-chromatic derivative,differential invariant,spatio-chromatic differential invariant,image feature,colour feature,cue combination,multiple cues,affine transformation,image correspondence,optic flow,shape estimation,stereo,motion,texture,disparity,vergence,invariance,deformation,decomposition,singular value,second moment matrix,surface model,enforced consistency,visual front-end,scale-space - visual front end - smoothing - gaussian filtering - gaussian derivative - discrete approximation - edge detection - junction detection - multiscale representation - computer vision - digital signal processing,computer vision,low-level processing,diffusion,gaussian filtering,discrete smoothing,segmentation,descriptive elements,scale detection,image structure,focus-of-attention,tuning low-level processing,edge focusing,histogram analysis,junction classification,perceptual grouping,texture analysis,critical points,classification of blob events,bifurcations,drift velocity,density of local extrema,digital signal processing,effective scale,scale-space lifetime,discrete smoothing transformations,brain mapping,cerebral activation,clusters,tactile,normalized derivative,feature detection,corner detection,frequency estimation,gaussian derivative,feature,blob,corner,similarity,affine,enhancement,fingerprint,image processing,surface orientation,algorithm,system,cues,fovea,retina,receptive field,log-polar mapping,resolution,scale-space,multi-scale representation,scale-space axioms,non-enhancement of local extrema,causality,scale invariance,gaussian kernel,gaussian derivative,spatio-temporal,affine,spatial,temporal,time-recursive,receptive field,diffusion,computer vision,image processing,junction localization,gaussian derivative,local features,motion descriptors,velocity adaptation,action recognition,learning,svm,human movement,representation,differentiald invariant,feature localization,edge detection multi-scale representation,object representation,shape analysis,applications,image segmentation,shape,ridges,interest point,scale calibration,scale linking,feature trajectory,deep structure,gaussian derivative,singularity,critical point,bifurcation,extremum region,blob event,gaussian smoothing,wavelets,computer vision,data mining,geometry,image analysis,laboratories,noise shaping,shape,smoothing methods,statistics,surface texture,shape estimation,shape from texture,disparity,adaptation,affine deformation,optic flow,acceleration,computer vision,event detection,image motion analysis,indexing,layout,motion analysis,optical computing,spatiotemporal phenomena,videoconference,scale selection,scale,scale space,spatial,temporal,spatio-temporal,scale invariance,scale covariance,feature detection,differential invariant,interest point,video analysis,computer vision,affine trifocal tensor,trilinear tensor,perspective,projection,structure,factorization,point,line,ridge,human-computer interaction,computer vision.
Fredriksson, Bastian;1554;1121040,811055;public key infrastructure,blockchain,merkle tree,proof of stake,certificate authority,graph decomposition,strongly connected component,pursuit-evasion,search number,el-system,formal grammar,greedy heuristic
Ryan, David;88ed40c4-6741-43bb-a758-aa9852d1dab6;1895902;data structures,linked representations,octrees,point cloud,digitalelevation model,spatial indexing,datastrukturer,länkade representationer,okträd,punktmoln,digital höjdmodell,spatial indexering
Tidestav, Louise;321b9121-03f4-445f-86e0-76dcc6e64276;1897676;domain-specific language,geospatial,graphics processing unit,domänspecifikt språk,geospatial,grafikprocessor
Jonsson, Ludvig;74a2005b-a055-4dbc-af34-d6df2057ed90;890319;
Bäck Eneroth, Moa;556b1142-cc9e-4cf6-84ec-689faa23e413;1466906;
Khan, Ahmad Salman;7d6b2731-dc31-4548-acf1-3cc4770b9c78;621638;
Mo, Fan;114;1711349;artificial intelligence,multi-agent programming,digital twin,process simulation
Chaplin, Jack C.;115;1711349;artificial intelligence,multi-agent programming,digital twin,process simulation
Sanderson, David;116;1711349;artificial intelligence,multi-agent programming,digital twin,process simulation
Rehman, Hamood Ur;117;1711349;artificial intelligence,multi-agent programming,digital twin,process simulation
Monetti, Fabio Marco;118;1711349;artificial intelligence,multi-agent programming,digital twin,process simulation
Maffei, Antonio;119;1711349;artificial intelligence,multi-agent programming,digital twin,process simulation
Ratchev, Svetan;120;1711349;artificial intelligence,multi-agent programming,digital twin,process simulation
Tu, Ruibo;1114;1720056,1239198,1464968,1647866,1349749;causal discovery,missing data,fairness,functional causal model,pc
Roungas, Bill;2b017065-1f66-4648-ae09-26d63dc11f6b;1661092;client-server systems,emotion recognition,virtual reality,design,diseases,built environment,cancer patients,causes of death,design frameworks,european union,game design,young peoples
Brynielsson, Joel;266;10469,345399,504183,1057519,576098,1057518,1118834;command and control,decision-making,situation awareness,data fusion,simulation,gaming,experimentation,microworld research,graphical modeling,game theory,rationality,intrigue sketch,narrative,organized cybercrime,persona,social media,topic modeling,geo-awareness,trend analysis,latent dirichlet allocation,streaming media
Berglund, Erik;121;1912285;pqbl,qbl,technology enhanced learning,primary school,ai generation
Schyffert, Janne;122;1912285;pqbl,qbl,technology enhanced learning,primary school,ai generation
Jin, Junchen;123;1205228,1205218,1205236,1343496;simulation-based optimization,archived genetic algorithm,road traffic controls,traffic light control,object-oriented software framework
Ma, Xiaoliang;124;1205228,1205218,1343496;simulation-based optimization,archived genetic algorithm,road traffic controls,traffic light control,object-oriented software framework
Baumann, Christoph;125;971284,1368718;hypervisor,isolation,assurance,formal verification,common criteria,armv8,decomposition,soc,information flow security,armv8
Näslund, Mats;126;971284;hypervisor,isolation,assurance,formal verification,common criteria,armv8
Gehrmann, Christian;127;971284;hypervisor,isolation,assurance,formal verification,common criteria,armv8
Schwarz, Oliver;128;971284,968447,675835,762165,675843,968761,1368718;hypervisor,isolation,assurance,formal verification,common criteria,armv8,instruction set architectures,arm,mips,noninterference,information flow,theorem proving,hol4,formal verication,information flow security,separation kernel,hypervisor,peripheral devices,dma,separation,user mode execu- tion,arm,formal hardware/software co-verification,hol4,arm instruction set,user mode execution,kernel security,platform security,hypervisor,formal verification,theorem proving,hol4,dma,peripheral devices,instruction set architectures,isa,information flow,boot,decomposition,soc,armv8
Thorsen, Hans;129;971284;hypervisor,isolation,assurance,formal verification,common criteria,armv8
Fonteneau, Félix;ed20d29b-8c51-4d72-8a0f-65327f6f3abe;1699485;api,content driven api,rest,graphql,api test application,mobile applications,api,innehållsdriven api,rest,graphql,api testapplikation,mobilapplikationer
Barbette, Tom;130;1410769,1579775,1184756,1371780;load-balancer,cheetah,high-speed,connection consistency,pcc,p4,fastclick,elasticity,service chains,hardware offloading,accurate dispatching,100 gbe,load balancing,tagging,blackboxes,nfv,nfv,offloading,hardware dispatching,high performance,networking,load-balancing,packet scheduling,high-speed networking,intra-server load-balancing,receive side scaling,network function virtualization,rss++
Tang, Chen;131;1410769;load-balancer,cheetah,high-speed,connection consistency,pcc,p4,fastclick
Yao, Haoran;132;1410769;load-balancer,cheetah,high-speed,connection consistency,pcc,p4,fastclick
Kostic, Dejan;133;1410769,1499219,724935,1608645,1579775,1184756,867614,756406,1085916,1371780,867620,844010,785946;load-balancer,cheetah,high-speed,connection consistency,pcc,p4,fastclick,non-volatile memory,distributed storage,file systems,data centers,reliability,fault tolerance,scalability,software-dened networking,performance,update scheduling,cloud computing,distributed file systems,storage systems,operating systems,networking,elasticity,service chains,hardware offloading,accurate dispatching,100 gbe,load balancing,tagging,blackboxes,nfv,nfv,offloading,hardware dispatching,high performance,software-dened networking,reliability,openflow,key-value,distributed,storage,multiget,scheduling,load-balancing,packet scheduling,high-speed networking,intra-server load-balancing,receive side scaling,network function virtualization,rss++,geo-distributed systems,replica selection algorithms,symbolic execution
Maguire Jr., Gerald Q.;134;1410769,1579775,1184756,1371780,844010;load-balancer,cheetah,high-speed,connection consistency,pcc,p4,fastclick,elasticity,service chains,hardware offloading,accurate dispatching,100 gbe,load balancing,tagging,blackboxes,nfv,nfv,offloading,hardware dispatching,high performance,networking,load-balancing,packet scheduling,high-speed networking,intra-server load-balancing,receive side scaling,network function virtualization,rss++,geo-distributed systems,replica selection algorithms,symbolic execution
Papadimitratos, Panagiotis;135;1410769,909470,1210501;load-balancer,cheetah,high-speed,connection consistency,pcc,p4,fastclick,location-based service,pseudonymous authentication,security and privacy,authentication,data privacy,encoding (symbols),error analysis,knowledge based systems,location,mobile devices,telecommunication services,basic protocols,decentralized system,location privacy protection,privacy leakages,security enhancements,security threats,sensitive informations,location based services,vehicular communications,security,privacy,identity and credential management,vehicular pki
Chiesa, Marco;136;1410769,1374999;load-balancer,cheetah,high-speed,connection consistency,pcc,p4,fastclick,programmable networks,network robustness,fast reroute,fast failover,shortest common supersequence
Sandström, Jesper;137;926975,1228211;functional programming,reactive programming,software architecture,programming patterns,programming paradigms
Ohlsson, Jonathan;138;926975;
Brommund, Andreas;139;1107392;
Skeppstedt, David;140;1107392;
Jansson, Niclas;141;542114,618543,1559582,1504203;
Hoffman, Johan;142;542114,618543;
Farhadi, Adam;5432c13e-3096-4faa-bf26-2d4849c7719d;1618357;concurrent data structures,linked-lists,list-based sets,samverkande datastrukturer,länkade listor,listbaserade set
Holm, Hannes;42463b1e-358a-4cb3-814c-ce3394e3e317;651157,651164;invasive software (viruses,worms,trojan horses),risk management,network management,detection rates,false alarms,rule set,signature-based network intrusion detection systems,zero day attack,systems science
Kiaian Mousavy, Sayyed Ali;28aa0483-27b4-4d14-bddf-fc8527463de7;1471707;
Meinke, Karl;143;442572,442577,1349608;machine learning,software testing,model checking,software testing,model checking,term rewriting,symbolic computation,machine learning,vehicle platoon,learning-based testing,co-cps,safety boundaries,quantitative analysis,coordinated braking
Niu, Fei;144;442572,445529,442577;machine learning,software testing,model checking,testing,machine learning,symbolic constraint solving,model checking,software testing,model checking,term rewriting,symbolic computation,machine learning
Royer, Corentin;bed050fe-b720-4008-b2a9-255cd211dda2;1799726;deep learning,entity retrieval,mixer,transformer
Balliu, Musard;1383;675561,1515038,1823042;possibilistic information flow,logic of knowledge,languagebased security,verification,sbom,software supply chain
Olofsson, Nina;145;861979,1118767;dialogue act,dialogue act classification,furhat,furhat robotics,classification,j48,machine learning,weka,robotics,education robots,swot,market segmentation,talhandlingar,klassificering,maskininlärning,robotik,utbildningsrobotar,marknadssegmentering,machine learning,ensemble,random forest,churn prediction,lime,interpretability,crm,local explanations
Fakih, Nivin;146;861979;dialogue act,dialogue act classification,furhat,furhat robotics,classification,j48,machine learning,weka,robotics,education robots,swot,market segmentation,talhandlingar,klassificering,maskininlärning,robotik,utbildningsrobotar,marknadssegmentering
Lin, Xinyi;e42320e5-3ec8-4450-99d2-4c5140860a02;1143919;machine learning,wireless communication,link to system mapping
Baskin, Fedor;147;1911800;fetal acidosis,magnetic induction,spectroscopy,gradiometer coil,fetal acidos,magnetisk induktion,spektroskopi,gradiometer spole
Scott-Robbert, Emil;148;1911800;fetal acidosis,magnetic induction,spectroscopy,gradiometer coil,fetal acidos,magnetisk induktion,spektroskopi,gradiometer spole
Tengvall, Tove;edea4ab4-8edb-44e5-bc4a-fdb71827f820;1501493;
Gren, Olaf;149;1464550;
Magnusson, Dennis;150;1464550;
Gidofalvi, Gyözö;581;500522,1908969,1912236,804946,804991,916117,794679,1414166;charging infrastructure planning,deep uncertainties,dynamic adaptive planning,route-based network effects,spatial decisions support,cluster,location-based social networks,temporal scale,user similarity,spatio-temporal data mining,congestion prediction,lbs,intelligent transport systems,continuous model evaluation,transportation mode segmentation and detection,trajectory data mining,error analysis,interval algebra,battery conscious,data collection,location and accelerometer data fusion,location awareness,location tracking,movement,smartphones
Jacquier, Moric;9c8be9fd-7c54-4e41-9ca2-e0a1e4ac5573;1647521;
Hallström, Eric;151;1106455;scheduling
Hellstenius, Sasha;152;1106455,1215272;scheduling,recurrent neural networks,lstm,patient volume prediction,digital healthcare
Svantesson, David;153;927255,1220512;decision trees,streaming,gpu,hpc,spdt,streaming parallel decision trees,machine learning
Eklund, Martin;154;927255,1228278;feature extraction multilabel classification glove tfidf
WEJÉUS, SAMUEL;a4afb625-8913-43f0-83c8-39ee7e6a5c48;753279;
Eriksson, Peter;a4de2c12-6e43-4fa0-b83f-3952d91f7b5a;824488;enterprise,application,architecture,database,tier,serialization,gpu
Caputo, Barbara;1036;14490,335153;datalogi,datalogi,motion,local features,motion descriptors,matching,velocity adaptation,action recognition,learning,svm,human movement,representation,scale
Wang, Hao;da045a2d-c54c-4f4d-a3a6-ea01dac26b35;1156251;relu,feedforward neural network,elm
Koepp, Wiebke;7aa2bcdf-3832-4809-aaa8-dd45741f3a07;913911;machine learning,neural networks,transfer functions
Iakymchuk, Roman;155;931822;allscale environment,particle-in-cell method,task-based nested recursive parallelism,prec
Jordan, Herbert;156;931822;allscale environment,particle-in-cell method,task-based nested recursive parallelism,prec
Peng, Ivy Bo;157;931822,1237206,1160619;allscale environment,particle-in-cell method,task-based nested recursive parallelism,prec,tensorflow,hpc,gpu
Markidis, Stefano;158;931822,1237206,1559582;allscale environment,particle-in-cell method,task-based nested recursive parallelism,prec,tensorflow,hpc,gpu
Laure, Erwin;159;931822,1237206,461904;allscale environment,particle-in-cell method,task-based nested recursive parallelism,prec,tensorflow,hpc,gpu,chemistry,image color analysis,libraries,measurement,optimization,quantum mechanics,wave functions
Turpeinen, Max;82030868-e7ce-4095-a49e-dd36b09b5729;1467022;
Vilhelmsson, Isak;7eba59ad-7850-4e76-98f0-0c62702ce1fd;1605998;node.js,apache,iis,go,web server,mysql,node.js,apache,iis,go,webbserver,mysql
Åkerfeldt, Magnus;1060;1783234,1596640;java streams,performance,benchmarking,loops,functional programming,java streams,prestanda,loopar,funktionell programmering
Karlbom, David;686;938293,668848;mpi,openmp,shared memory,hpc,parallel programming,numa
Hyyrynen, Fredrik;160;1105919;stock,forecasting,evolutionary,algorithm
Lignercrona, Marcus;161;1105919;stock,forecasting,evolutionary,algorithm
Wedenborn, Andreas;54c58ab4-b4de-4d40-b0d5-68fe5810108e;886159;computer assisted language learning
Kim, Hokeun;162;808914,1093403;
Broman, David;163;808914,1093403,1430148,1739445,1053090,1653044,1539632,1356912,1566176,925056,808912,1556115,1059700,1540046,1059699;compilers,composition,domain-specific languages,machine learning,modeling languages,semantics,chemical analysis,computer aided software engineering,embedded systems,learning systems,problem oriented languages,program compilers,specification languages,concrete research,domain specific languages,domain specific modeling languages,execution platforms,language compositions,language environment,modeling environments,probabilistic programming,probabilistic programming,operational semantics,static analysis,machine learning,fault detection,fault location,software maintenance,software debugging,software engineering,probabilistic programming languages,sequential monte carlo,gpu compilation,probabilistic programming,sequential monte carlo,operational semantics,functional programming,measure theory,modeling languages,cyber-physical systems,probabilistic programming,modeling,simulations,equations,robotic arm,syntax,ambiguity
Lee, Edward A;164;808914;
Zimmer, Michael;165;808914;
Shrivastava, Aviral;166;808914;
Oh, Junkwang;167;808914;
Messing, Andreas;1323;1174432,811002;vehicular communication,network,security,privacy
Fischer Horn af Rantzien, Douglas;168;1463788;
Weigelt, Christian;169;1463788;
Åsén, Per-Olov;f6ac092d-69da-43b3-be7d-3c9a1972c669;9162;datalogi,datalogi
Larsen, Caroline;170;1465057;
Ryman, Elin;171;1465057;
Tillman, Robin;1274;1112494,721646;search user interfaces,search engines,human-computer interaction,user experience
Stensö, Isak;172;926709;
Rosenback, Andreas;173;926709;
Griggio, Carla;174;916474;interactive dance visualization,real-time interpolated animations,accelerometer,gyroscope,smartphones as wearables
DAMASCHIN, MIHAI;ab126138-0eb1-4ccc-8c1f-cac054216164;700630;
Grados, Fiorella;176;668213;
Mohammadi, Aref;177;668213;
Kurzawski, Maximilian Georg;ee8efdfd-c103-4ebc-887a-d86895ba748e;1900421;
Fokin, Dennis;537;1229379,927446;multi-party computation,secret sharing,certificateless cryptography,cryptography
Sigova, Elizaveta;adb73fc1-a965-4c7b-b3ca-7b8570c338a2;1040874;dialogue acts,semi-supervised machine learning,dialoghandlingar,delvis övervakad maskininlärning
Johansson, Jonas;178;1107769,1587978;sentiment analysis,slope one,collaborative filtering,new item problem,cold start,cloud native,cloud computing,scalability,execution time,trading,cloud native,cloud computing,skalbarhet,exekveringstid,börshandel
Runnman, Kenneth;179;1107769;sentiment analysis,slope one,collaborative filtering,new item problem,cold start
BLOM, ALEXANDER;180;670679;
THORSEN, SOFIE;181;670679;
Odenman, Erik;d6d67daa-a31e-4728-9dcc-119a61c295ee;668870;
Schwieler, Mathilda;182;1609952;
Fredin Haslum, Eric;183;1609952;
YANG, Juanyu;7de74931-322b-4f9f-9cc5-af992093c944;1900734;menstrual health,dietary technology,social pressure,autobiographical design,speculative design,self-tracking technologies,menstruationshälsa,kostteknik,socialt tryck,självbiografisk design,spekulativ design,självspårningsteknik
Olby, Linnea;184;1264630;information extraction,named entity recognition,machine learning,binary logistic regression,gdpr,code of conduct
Thomander, Isabel;185;1264630;information extraction,named entity recognition,machine learning,binary logistic regression,gdpr,code of conduct
Kosonen, Iisakki;186;1205218;simulation-based optimization,archived genetic algorithm,road traffic controls,traffic light control,object-oriented software framework
Wong, Bonny;187;811085;
Boldt-Christmas, Axel;188;811085;
Rönnholm, Niklas;921f74be-379c-440d-9a21-5ae7453e2e4a;1192188;mobile devices,hosting,scalable hosting,neural network,neural networks,deep learning,multilayer perceptron,volunteer computing,wifi
Olsson, Philip;1561;954536,771145;openstack,cloud,cloud computing,hypervisor,networking,performance,networking performance
Feller, Shanly;8860a113-d99f-45e3-9d78-0d0fd10151e4;1844888;oracle cloud infrastructure,penetration testing,security practices,cloud security,vulnerability assessment.
Kvarnefalk, John;1156;1468320,1214506;
Rieschel, Emilia;189;1700454;
Nilsson, Emm;190;1700454,1886718;prophet,neuralprophet,convolutional neural network,long short-term memory,random forest,workload prediction,time seriesforecasting,prophet,neuralprophet,konvolutionellt neuralt nätverk,långt korttidsminne,slumpmässig skog,förutsägelse av arbetsbelastningtidsserieförutsägelse
Sandberg, David;10591822-0ac6-4f33-a846-6658049a3159;893982;lane departure,auditory warning signals,rumble strip,in-vehicle warnings,looming intensity
Alness Borg, Axel;191;1464508;
Enström, Marcus;192;1464508;
Chen, Nuo;0c2789b0-de5c-4673-a40c-9274a4df950f;1635572;transfer learning,data-driven motion synthesis,objective-driven motion generation,rig-agnostic encoding,deep learning-based clustering model,procedural animation,kunskapsöverföring,data-driven rörelsesyntetisering,procedurell animation,mål-driven animation-genereringsmodel,rig-agnostisk-kodning,djupinlärningsbaserad klusteringsmodel
Hägg, Philip;6477e152-3897-4e6c-b322-2129b15d8e88;1765359;algorithms,financial engineering,software engineering,algorithmic trading,tech- nical analysis,algoritmer,finansiell matematik,mjukvaruutveckling,algoritmisk aktiehandel,teknisk analys
Yang, Tiancheng;8bac2a6c-da3e-47ae-aac3-8f724fbb6853;1813713;object detection,yolo-v3-tiny,fault tolerance,fpga,vhdl,hardware accelerator,triple-modular redundancy,time redundancy,stuck-at-faults
Sproge, Åsa;b36727e8-eb95-4d9a-8a87-99a6b0eb10b1;798514;
CRONSIOE, JOHAN;b6ff1bd1-907e-442f-afdb-bb09fcbd7c26;702430;
Roverso, Roberto;7cda4488-0698-4b73-b5e6-eb46eea761c7;666136;peer-to-peer,distributed caching,nat traversal,congestion control,adaptive http streaming,live streaming
Stagge, Anton;3476fd2c-5291-41aa-9b24-eb02f7e15d72;1458832;
Kang, Eunsuk;193;1093403;
Edward, Lee;194;1093403;
Halvardsson, Gustaf;967;1757497,1687996;machine learning,time series classification,transformers,gated recurrent unit,venture capital,maskininlärning,tidsseriesklassifiering,transformer,gated recurrent unit,riskkapital,sign language interpretation,convolutional neural networks,transfer learning
Brokking, Alexander;229;1818767,1597473;web information extraction,computer vision,object detection,deep learning,informationsextraktion från webben,datorseende,objektigenkänning,djupinlärning
Makenzius, Micael;195;1684338;prometheus,wildfire progression,real-time,python,django,google earth engine,mapbox gl js,web-application,prometheus,skogsbrands simulering,realtid,django,mapbox gl js,webbapplikation
Bylerius, Jonas;196;1684338;prometheus,wildfire progression,real-time,python,django,google earth engine,mapbox gl js,web-application,prometheus,skogsbrands simulering,realtid,django,mapbox gl js,webbapplikation
Cakici, Baki;197;418234;policy making,computatinal epidemiology,workflow,individual-based simulation
Boman, Magnus;198;418234;policy making,computatinal epidemiology,workflow,individual-based simulation
Palmkvist, Viktor;1302;1897734,1231244,1556115,811370;domain-specific languages,programming languages,syntax,ambiguity,data structures,domain-specific language,programming language construction,syntax,ambiguity
Schieffer, Gabin;1d5a982c-c3f6-4905-9fbb-db6c2a0c9d79;1786161;molecular docking,autodock,gpu,tensor core,drug discovery,molekylär dockning,autodock,gpu,tensor core,läkemedelsutveckling
Reda, Waleed;317;1656395,1499219,1608645,1085916;distributed storage,file systems,hardware offload,persistent memory,distribuerad lagring,dilsystem,maskinvaruavlastning,beständigt minne,non-volatile memory,data centers,reliability,fault tolerance,scalability,cloud computing,distributed file systems,storage systems,operating systems,networking,key-value,distributed,storage,multiget,scheduling
Carlsson, Tobias;199;1795907;
Strömberg, Oskar;200;1795907;
Urquijo Martínez, Pablo;92cd59aa-8e71-4f44-807c-6c07ebf67b98;1700453;
Mossberg, Zimon;d387116d-6f4f-4053-8719-9cc9a0ca9461;1038763;asr,kaldi,nst,gmm-hmm
L I N D B L O M, M A T H I A S;201;668726;
W I E N E R, L U C A S;202;668726;
Quezada Cruz, Patricio Ignacio;203;817832;
Falk, Pontus;204;817832,817850;
Quezada, Ignacio;205;817850;
Armand Koenig, Cyril;9e5f6bdd-022d-4de8-b64e-5a8b777846b2;1705246;
Björkman, Mårten;206;464064,464053,464077,1857952,464071,448466,1887983,1882587,464072,448473,464067;computer vision,active vision,segmentation,cpmputer vision,active vision,segmentation,computer vision,active vision,robot vision,computer vision,segmentation,recognition,cognitive human-robot interaction,computer vision,holder-of-key,proof-of-possession,security assertion markup language,saml 2.0,identity providers,single sign-on (sso),digitalidentity,holder-of-key,bevis på innehav,security assertion markup language,saml 2.0,identitetsleverantörer,single sign-on (sso),digitalidentitet,computer vision,active vision,robot vision,computer vision,computer vision,active vision,manipulation,robotics
Kragic, Danica;207;464064,464053,1699653,1745112,1659725,448466,1636088,1659731,448473,464067,1349756;computer vision,active vision,segmentation,cpmputer vision,active vision,segmentation,representation learning,machine learning,cognitive human-robot interaction,computer vision,embedding and representation learning,algorithms evaluation,generative models,geomca,representation learning,machine learning,multimodal,contrastive learning,computer vision,computer vision,active vision,manipulation,robotics
Brunnström, Kjell;208;473387;
Eklundh, Jan-Olof;209;473387,464077,474276,464071,464072,473392;computer vision,active vision,robot vision,computer vision,segmentation,recognition,computer vision,active vision,robot vision
Kravchenko, Alexander;210;1699653;
Marchetti, Giovanni Luca;211;1699653,1745112,1842047;machine learning,computational geometry,voronoi,delaunay,symmetry,equivariance
Polianskii, Vladislav;212;1699653,1261771,1703214,1659725,1511175;machine learning,deep learning,autoencoders,tda,computational topology,topological data analysis,geometric methods,machine learning methods,voronoi,delaunay,high dimensional geometry,curse of dimensionality,monte carlo,representation learning,machine learning,delaunay complex,linear interpolation,voronoi diagram,clustering algorithms,complex networks,computational geometry,filtration,graphic methods,interpolation,learning algorithms,machine learning,network architecture,piecewise linear techniques,regression analysis,topology,delau-nay triangulations,exact computations,high dimensional data,machine learning applications,piecewise linear interpolations,randomized approximation,simplicial complex,data mining
Varava, Anastasiia;213;1699653,1659725,1636088;representation learning,machine learning,embedding and representation learning,algorithms evaluation,generative models,geomca
Pokorny, Florian T.;214;1699653,1659725,1511175;representation learning,machine learning,delaunay complex,linear interpolation,topological data analysis,voronoi diagram,clustering algorithms,complex networks,computational geometry,filtration,graphic methods,interpolation,learning algorithms,machine learning,network architecture,piecewise linear techniques,regression analysis,topology,delau-nay triangulations,exact computations,high dimensional data,machine learning applications,piecewise linear interpolations,randomized approximation,simplicial complex,data mining
Gómez, Paula;215;916472;activity shapes,human behavior,spatial analysis,spatiotemporal analysis,information visualization
Do, Ellen Yi-Luen;216;916472;activity shapes,human behavior,spatial analysis,spatiotemporal analysis,information visualization
Daníelsson, Freyr;f1d9c091-a657-4b7b-9d62-5b9f217729eb;1620328;user experience,ux practice,workshops,user interviews,remote working,användarupplevelse,ux-övning,workshops,användarintervjuer,fjärrarbete
Tao, Wang;91b14229-c6ae-4eb3-9cd8-151bc1ee661c;1230528;breast cancer detection,domain adaptation,transfer learning,semantic segmentation,style transfer
Kazzi, Daniel Alexander;217;1699776;artificial intelligence,human-robot interaction,service robots
Winberg, VIncent;218;1699776;artificial intelligence,human-robot interaction,service robots
Häger, Alvin;1fb3b1ab-a146-40ac-9376-8177a399524d;1659545;
Rosquist, Oscar;284;1573407,1107724;remote work,work from home,social well-being,covid-19 pandemic,digital social interactions,information and communication technologies,distansarbete,hemarbete,socialt välmående,covid-19 pandemin,digitala sociala interaktioner,informations- och kommunikationsteknik
Yu, Xinmiao;0c1deb8d-e524-41fe-a642-5cce98d82eac;1901878;procedural content generation,game adaptivity,player experience modeling,user engagement,proceduralt innehållsgenerering,spelanpassning,modellering av spelarupplevelse,användarengagemang
Fröberg, Tobias;219;1597283,1800437;codeql,computer security,javascript,joern,prototype pollution,vulnerability detection,codeql,datorsäkerhet,javascript,joern,prototypförorening,sårbarhetsdetektering
Nordström, Ludwig;220;1597283;
Lundberg, Emil;1c9e9fc8-f370-463c-9246-ac2809435115;893039;ann,artificial neural network,soinn,sotpar,sotpar2,prediction,spatio-temporal pattern detection,temporal activity diffusion,pattern recognition,unsupervised learning,vector quantization,ann,artificiellt neuralt nätverk,artificiella neurala nätverk,soinn,sotpar,sotpar2,förutsägelse,spatio-temporal mönsterdetekion,temporal aktivitetsdiffusion,mönsterigenkänning,oövervakad inlärning,vektorkvantisering
Alkhatib, Amr;c2de1ae0-5cbf-462f-b329-756054a2285d;1927808;
Ni, Chujie;8bc59098-137b-4b96-98f8-22cddf26f746;1783659;observability-driven development,end-to-end observability,open-source pipeline,opentelemetry,kubernetes,observerbarhetsdriven utveckling,observerbarhet från slut till slut,pipeline med öppen källkod,opentelemetry,kubernetes
Martinelli, Andrés;87edd6fe-f499-4b2d-86b6-66c7498175e0;10887;computer science,electronic system design,boolean decomposition,binary decision diagram,logic synthesis,graph algorithm
Morelius, Josefin;16f0cb83-464e-47cb-9a80-19a0e9e18c84;1895929;developer portal,software productivity,api documentation,developer satisfaction,developer effectiveness,usability evaluation,utvecklarportal,mjukvaruproduktivitet,api-dokumentation,utvecklartillfredsställelse,utvecklareffektivitet,användbarhetsutvärdering
Pierrou, Cajsa;221;1596439;
Malmström, Oskar;222;1596439;
Truedsson, Max;223;1464496;
Westergren, Erik;224;1464496,1708156;soft body simulation,position-based dynamics,shape matching,real-time simulation,mjuk kropp simulering,position-based dynamics,shape matching,realtidssimulering
Eriksson, Arvid;a8566c9b-4800-44a3-86be-8da749f9d8ee;1886984;deep learning,adversarial training,electrocardiogram,djupinlärning,motstridig träning,elektrokardiogram
Peterson, Johanna;968;1695605,1687996;image analysis,age prediction,mammography,breast cancer,convolutional neural networks.,bildbehandling,åldersbedömning,mammografi,bröstcancer,convolutional neural networks.,sign language interpretation,machine learning,convolutional neural networks,transfer learning
Muquri, Ali;3cfd7791-e24b-4323-99c6-baa4eef6ebc6;1783634;
Lindblom, Mathias;526201e1-47c5-4590-b1a9-08f415414d19;840104;agile,agile development,lean,lean development,tutoring sessions,online tutoring sessions,kanban,scrum,extreme programming,small-scale,small project,small team,crystal clear,elevutveckling,agil,agil utveckling,lärandesessioner,online utbildning
Xu, Zihao;e5d28c34-8926-412c-b943-0398f4c5057b;1887942;computer vision,deep learning,microscopy image segmentation,semi-supervised learning,mean teacher,wood science,datorseende,djupinlärning,mikroskopibildsegmentering,semisuperviserad inlärning,mean teacher,trävetenskap
Ringström1, Vincent;225;1773922;sound transcription,sound translation,ai,deep learning,real-time,language barrier,concurrency,ljud transkription,ljud översättning,ai,djupinlärning,real-tid,språkbarriär,samtidighet
Alvarez Funcke, Iley;226;1773922;sound transcription,sound translation,ai,deep learning,real-time,language barrier,concurrency,ljud transkription,ljud översättning,ai,djupinlärning,real-tid,språkbarriär,samtidighet
HENELL, DANIEL;d6cb5a72-1ebb-4bf4-b52b-8e500296cb40;698360;
Afroze, Tonima;227;838606;advanced health care at home,home assistance,vehicle routing problem,time windows,scheduling,rescheduling,routing,optimization,avancerad sjukvård i hemmet,hemtjänst,schemaläggning,omplanering,ruttoptimering,optimering
Rosén Gardell, Moa;228;838606;advanced health care at home,home assistance,vehicle routing problem,time windows,scheduling,rescheduling,routing,optimization,avancerad sjukvård i hemmet,hemtjänst,schemaläggning,omplanering,ruttoptimering,optimering
Wink, Michael;230;1597473;
Soleimanifard, Siavash;231;740903,649033,459635,459653,650753,524550,459633;algorithms,computer software,semantics,algorithmic verification,generic frameworks,global properties,independent components,new components,procedural languages,program structures,temporal safety properties,distributed systems,event-b,fault injection,model checking,software verification,state machines,regular inference,verification,integration,components,temporal logic,model checking,maximal models,modular verification,compositional verification,maximal models,model checking,temporal properties
Gurov, Dilian;232;649033,459635,773107,650753,459633;algorithms,computer software,semantics,algorithmic verification,generic frameworks,global properties,independent components,new components,procedural languages,program structures,temporal safety properties,distributed systems,event-b,fault injection,model checking,software verification,temporal logic,model checking,maximal models
Aktug, Irem;31000c7c-5d58-4273-b18e-cdd24ebe4bf7;1807,10232;verification,mobile code security,reference monitoring,maximal models,compositional verification
Sindhu, Muddassar;b1155773-a29f-422e-bee8-fdcbbb591a5d;610371,435171;specification-based testing,learning-based testing,reactive systems,lbtest,case studies,incremental learning,software testing,specification based testing,model checking
Kaur, Harpreet;0de240fb-22ae-40b5-a7f1-e4e8e0f16367;816583;
Teslenko, Maxim;fdc4d689-d013-4103-a3e1-eeca151c87cf;13508;graph dominators,fpga mapping,redundancy removal,rbn
Lindahl, Hanna;39cad26d-9634-41ce-bab2-fe82f756e089;1909328;ansiktsigenkänning,generativa motståndarnätverk,inmålning av bilder,blandande av bilder,ansiktsigenkänning,generativa motståndarnätverk,inmålning av bilder,blandande av bilder
Grozman, Vladimir;233;668903,865774;cu-tree,hevc,aqp,video,codec,mb-tree
Norman, Christopher;234;668903,915512;technical term extraction,keyphrase extraction,terminology,facktermsdetektering,nyckelordsextraktion,terminologi
Söderberg, Eric;235;1596643;
Råhlén, Jakob;236;1596643;
Kidane, Paulos;237;810990;
Bonds, August;238;810990;
Wass, Martin;239;1214442;
Wang, Thomas;240;1214442;
Boolis, Jonatan Olle;cafc01f0-8c8f-4b52-8352-a41712e670cb;1609868;
Despinoy, Eva;241;1464603;
Narrowe Danielsson, Sarah;242;1464603;
Mosulet, Paul-Philip;6e093b6b-7217-42dd-9700-370748800a86;1631705;
Li, Harry;db1d3c34-d0a3-4a6d-8c60-195cdce03687;763707;
Tell, Noah;243;1106042,1793345;delaunay,height field,height map,chunks,procedural terrain generation,topological surface,voxels,tetrahedron,tetrahedral mesh,tetrahedralization,tessellation,mutable environment,editable terrain,deformable environment,boolean operations,real-time,computer games,computational geometry,voxlar,tetrahedror,tetrahedralisering,tessellering,formbar terräng,booliska operationer,realtid,datorspel,beräkningsgeometri
Thun, Anton;244;1106042;delaunay,height field,height map,chunks,procedural terrain generation,topological surface
Kamras, Ludwig;245;1189454;
Matslova, William;246;1189454;
Ågren Thuné, Anders;798;1800861,1464559;reversible computation,domain-specific languages,arrows,partial invertibility,reversibel beräkning,domänspecifika språk,arrows,partiell inverterbarhet
Hassan, Abdallah;247;1106172;
Syed, Arsalan;248;1106172;
Girousse, Eva;d5c11bfb-5056-4429-b685-ec003c90672c;1609041;carbon footprint,digital sector,environmental impact,digitalization,koldioxidavtryck,digital sektor
Johansson, Christopher;6cf4531d-d2cc-4003-bf81-ad8ccaf7200b;10896;attractor neural networks,cerebral cortex,neocortex,brain like computing,hypercolumns,minicolumns,bcpnn,parallel computers,autoassociative memory
Wiltschi, K.;249;338803;multi-scale analysis,automatic scale selection,multi-channel texture analysis,active inspection system,carbide classification,texture segmentation,filters,images,scale
Pinz, A.;250;338803;multi-scale analysis,automatic scale selection,multi-channel texture analysis,active inspection system,carbide classification,texture segmentation,filters,images,scale
Danell Håkansson, August;251;1464064;posit,softposit library,moore’s law,posit,softposit,moores lag
Johnsson, Mirja;252;1464064;posit,softposit library,moore’s law,posit,softposit,moores lag
Westlin, Carolina;253;1214466;
Mårtensson, Andreas;254;1214466;
Nilsson, William;255;1595240,1913448;cryptography,online communication,secure communication,secret sharing,kryptografi,kommunikation på nätet,säker kommunikation,hemlighetsdelning
Arvidsson, Jakob;256;1595240,1778263;surface chemical reaction networks,molecular computing,dna computing,circuit simulation,adders,ytbundna kemiska reaktionsnätverk,molekylär beräkning,dna-beräkning,kretssimulering,additionskretsar
Lindberg Odhner, Nils;58a89dee-76d7-4120-8ff4-64c93de84b11;1603404;electricity exchange,price spread forecasting,deep learning,nord pool,day-ahead,intraday,elbörsen,prisskillnads prognoser,djupinlärning,nord pool,day-ahead,intraday
Ihre Sherif, Alan;970d9b57-7e7b-4043-943d-8f89c603d936;1622362;l3 cache,last level cache,intel cache allocation technology,l3 cache allocation,l3 cache performance improvement,redis performance,graph500 performance,bzip2 performance,l3-cache,sista nivåns cache,intel cache allocation technology,l3 cache-allokering,l3-cache prestandaförbättring,redis prestanda,graph500  prestanda,bzip2 prestanda
Schön, Martin;1658;967519;eye tracking,gaze-to-object mapping,3d virtual environments,video games
Wong, Sai Man;35b8aac3-2885-4ca9-a737-965498c8febb;1190118;software-based traffic generator,throughput,packet size,benchmark,operating system virtualization,container,docker,automation
Al-Tai, Elias;1083;1238485,811360;transformation language,json,xml,expressive power
Alinder, Helena;257;1212705,1466765;indian buffet process,ibp,gibbs sampling,recommendation systems
Nilsson, Josefin;258;1212705,1458891;indian buffet process,ibp,gibbs sampling,recommendation systems
Chien, Steven Wei Der;259;1237206;tensorflow,hpc,gpu
Sishtla, Chaitanya Prasad;260;1237206;tensorflow,hpc,gpu
Jun, Zhang;261;1237206;tensorflow,hpc,gpu
Bellem Westin, Hugo;262;1464917;
Shi, Karolina;263;1464917;
Kesten, Victor;f1a8e0a1-df24-436d-b781-cd21ab129992;1233704,1106244;visualization beer data analysis
Ye, Brian;932;1105278,811049;event sourcing,cqrs,granularity,event,slope one,recommender system,collaborative-filtering,netflix prize
Sandström, Carl;3f8e034f-b646-462a-84af-58b10e85880d;815021;
MILD, MARKUS;264;680237;
MÄÄTTÄ  VINKLER, ALEXIS;265;680237;
Zhou, Yang;630636c0-6a51-4419-8266-79a6d94896d7;811014,1503549;java pathfinder,trace compass,trace analysis,trace visualization
Fjellborg, Joakim;a24aa132-ea18-4a6b-ac9d-8eb2a233cd91;1894324;gpu,cuda,sssp,pathfinding,graph,grid,gis,terrain,raster,gpu,cuda,sssp,ruttning,graf,rutnät,gis,terräng
Arnborg, Stefan;267;345399;
Rodríguez Gálvez, Borja;1025;1848094,1763975;generalization,information-theoretic bounds
Benali, Adam;ece77db5-8e5e-4773-af96-69df0df6bb28;1645763;decompilation,webassembly,reverse engineering,neural machine translation,décompilation,webassembly,rétro-ingénierie,traduction automatique neuronale,dekompilering,webassembly,reverse engineering,neural maskinöversättning
Elmasdotter, Ajla;d21b74c2-22ac-4bf4-9473-d3ffdbcf49d4;1471299;
Olegård, Alexander;8b7f1db0-39df-4703-99d3-10634ec270b4;1886983;computer graphics,real-time rendering,ray tracing,stereoscopic,datorgrafik,realtidsrendering,strålföljning,stereoskopisk
Wikén, Victor;3b380872-aeeb-4825-9cb3-9d5718f08308;1250802;deep neural networks,convolutional neural networks,alexnet,inference speed,optimization,low-rank tensor decomposition,fine-grained classification problem,dog breed classification,transfer learning
Wippich, Max;268;1599572,1835960;virtual reality,trajectory visualization,neurosurgical education,external ventricular drain placement,virtuell verklighet,banvisualisering,neurokirurgisk utbildning,externt ventrikulär dräneringsplacering
Mickols, Kristin;269;1599572;
Vuong, Harry;270;1108729;
Liljegren, Sylwester;271;1108729;
Långström, Stina;66b51f6e-4526-4c1c-996e-545856ca9911;1613860;variability analysis,software product line,testing,test case categorization,testing strategy,feature modeling,variationsanalys,software product line,testning,testfallskategorisering,funktionsmodellering
Kangas, Jussi;1a285349-8679-4ae8-8581-94a24a053d84;1589984;information visualization,air temperature,effective,geographic visualization,time series,evaluation,informations visualisering,lufttemperatur,effektiv,geografisk visualisering,tidsserier,utvärdering
Ellebrink, Gabriel;25763184-6451-40db-9aa2-c899b9fa7e50;1709490;messaging protocol,decentralized,blockchain,smart contract,internet computer,dfinity,meddelandeprotokoll,decentraliserad,blockkedja,smarta kontrakt,internet computer,dfinity
Sood, Vinit;dd2259fc-8136-4387-bce2-5024cbff9305;762690;
Elin, Karagöz;272;1104337;pagerank,credibility,credibility analysis,twitter
Alice, Heavey;273;1104337;pagerank,credibility,credibility analysis,twitter
Heiskanen, Andreas;274;1217155,1609800;fftw,discrete fourier transform,fast fourier transform,hpc,perf,cache,memory analysis,robotic process automation,gui testing,test automation,software robot,web application,robotic process automation,gui-testning,testautomatisering,mjukvarurobot,webbapplikation
Johansson, Erik;275;1217155,1501535;fftw,discrete fourier transform,fast fourier transform,hpc,perf,cache,memory analysis,load balancing,lookaside load balancing,external load balancing,service mesh,kubernetes,envoy,grpc,lastbalansering,extern lastbalansering
Mattila, Max;276;1214465;
Salman, Hassan;277;1214465;
Ljungström, Erica;741f6e1b-3a06-4d28-8a2d-c919617d4878;1148763;ea,enterprise architecture,it management,hci,human-computer interaction,ux,ea,företagsarkitektur,it hantering,mdi,människa-dator interaktion,ux
Gebremeskel, Ermias;56b476f1-54fa-45c8-b25c-6ae74ab910df;1224181;deep learning,large scale distributed deep learning,data parallelism
Ekne, Samuel;278;811020;
Gylleus, Karl;279;811020,1215836;procedural,generation,buildings,modeling,virtual,grammar,perception,procedurell,generation,byggnader,modellering,virtuell,grammatik,perception
Blad, Julius;62caaa96-038b-4f4c-8ca4-2c0baa16e6bf;957393;multi-tenant database
Olmedilla Belinchón, Adrián;173ee17e-ea22-49f1-9181-d837bfcf60cc;1774214;covid-19,cyber-attack,internet security,cybersecurity threats,remote work,cybersecurity awareness,covid-19,internetsäkerhet,cybersäkerhetshot,fjärrarbete,cybersäkerhetsmedvetenhet,covid-19,ataque cibernético,seguridad en internet,amenazas a la seguridad cibernética,trabajo remoto,concienciación sobreseguridad cibernética
Hedberg, Christer;2eec37d1-ab86-4d14-8a7b-d8a51f41a290;699680;
Engwall, Olov;527;465486,1928995,1263534,1352328,1263543,1471890,971288;articulation analysis,acoustic-to-articulatory inversion,embodied conversational agents,articulation feedback,human-robot interaction,conformity,influential agent,multiparty interaction,child-robot interaction,education,trust,speech,tongue,muscle activation,electromagnetic articulography,biomechanics,vowel-vowel utterances,biomechanical model,acoustic model,voice production,finite element method,speech production,biomechanical articulatory model,vocal tract geometry,vocal tract acoustics,finite element method
Lidberg, Pär;280;441151;brain activation,human brain mapping,functional region,scale-space,primal sketch,scale selection,blob detection,multi-scale representation,computer vision
Roland, Per;281;441151,474422;brain activation,human brain mapping,functional region,scale-space,primal sketch,scale selection,blob detection,multi-scale representation,computer vision
Lidberg, Per;282;474422;
Lind, Emma;590;1702335,1432272;machine learning,self-supervised learning,feature extraction,parkinson’s disease,magnetoencephalography,electroencephalogram,maskininlärning,självlärande inlärning,särdragsextraktion,parkinsons sjukdom,magnetoencefalografi,elektroencefalografi,cluster analysis,dbscan,parallelization,signal separation,unsupervised learning,klusteranalys,dbscan,parallellisering,signal separation,oövervakat lärande
Gärtner, Joel;b295f5f0-da31-4b55-bbf8-360ab89d7ce8;1141835;random,vulnerability,entropy,csprng,rng,trng,prng,lrng,linux,estimate,haveged,prngd,freebsd,overestimate,linux random number generator,cryptography,random number generator,seed,predictors,markov chains
Höglund, Lucas;5a13d5fc-ba8a-4557-a41b-45f085c0e439;1611491;autoencoder,clustering,eye tracking,feature extraction,feature selection,machine learning,parkinson’s disease.,autokodare,klustring,blickspårning,särdragsextraktion,särdragsidentifikation,maskininlärning,parkinsons sjukdom.
Stiff, Philip;a3aa5de9-64e1-461f-8587-cace3e5cda89;1238507;clustering,keyword extraction,free-text,human evaluation,klustring,extrahering av nyckelord,fritext,mänsklig utvärdering
Valentin Maza, Axel;f81ef9f4-beb1-489b-9cb9-cc41cb074cfb;1837771;artificial intelligence,speaker detection,speaker recognition,speaker diarization,speaker identification,debate,politics,deep learning,artificiell intelligens,talardetektion,talarigenkänning,talardiarisering,talaridentifiering,debatt,politik,djupinlärning
Mishra, Shashank;7be44887-859a-4653-9511-3b90952b6013;1138353;code coverage,line coverage,branch coverage,path coverage,mutation testing,unit testing,test process,complexity
Luttu, Johan;283;1107724;
Abdallah Hussein Mohammed, Ahmed;a4932c85-3abb-4611-8e7a-3f296856d423;1678510;enterprise architecure,enterprise architecure framework,multilevel modeling,taxonomy,företagsarkitektur,ramverk för företagsarkitektur,flernivåmodellering,taxonomi
Lindberg, Joakim;669;1107664,810999;
Brink, Anton;bc67dff1-eff1-4666-baa2-197d4f4cb55e;1869802;motion analysis,markerless pose estimation,machine learning,gaussian process regression,long-short-term-memory,neural network,apple arkit,opencap,vicon
Eriksson, Joakim;4bfe75c5-4de3-40b2-92bf-4687c4a7cae0;827957;agile,agile software development,barriers,agile adoption,china,chinese software development organizations
Tham, Emelie;006690b9-ef28-422d-90ba-bf9d3b2c0604;1590762;enterprise architecture,social network analysis,louvain method,systematic literature review,research community.,företagsarkitektur,analys av sociala nätverk,louvain metoden,systematisk litteraturgranskning,forskargrupp.
Ahmed, Kachkach;1bb0d3e7-ae17-4337-8d3b-7516e233e66f;927614;music streaming,streaming services,user behavior,data analysis,machine learning
Koski, Alexander;285;1108725;
Persson, Jennifer;286;1108725;
Foufa, Mastafa;e2cde962-5da1-4925-a0cf-830dbad1b5a0;1644217;
von Hacht, Johan;fe7e9bca-f696-4002-95d0-173648b722fe;1592842;anomaly detection,root cause analysis,system logs,long short-term memory,machine learning,anomalidetektion,grundorsaksanalys,system loggar,long short-term memory,maskininlärning
Singh, Akash;ed78ebdc-2304-4a4d-8d78-82828bf97fd9;1149130;lstm,rnn,anomaly detection,time series,deep learning,lstm,rnn,avvikelsedetektion,tidsserier,djupt lärande
Nordling, Carl;3aaf41be-febc-4524-8cbe-7a0ef28f70d9;1466914;
Vlk, Vendela;a099dca7-c72f-429e-b4ca-7c50c839f552;1871153;anomaly detection,deep learning,lstm,autoencoder,time series,log analysis,avvikelsedetektion,djupinlärning,lstm,autoencoder,tidsserier,logganalys
Aboode, Adam;88f1f842-6d0f-4ffb-8544-321e9e4f17d7;1198551;data quality,anomaly detection,time series data,holt-winters method
Wang, Lingxiao;3ff3c312-3a6f-4357-b44d-ba0036ee3b76;1751346;fraud detection,anomaly detection,machine learning,bedrägeriupptäckt,anomalidetektering,maskininlärning
Wester, Philip;287;1617827;smoothing methods,computational modeling,intrusion detection,telecommunication traffic,organizations,computer networks,classification algorithms
Heiding, Fredrik;288;1617827,1472900,1548919,1898666,1472901;smoothing methods,computational modeling,intrusion detection,telecommunication traffic,organizations,computer networks,classification algorithms,automated modeling,conceptual models,ontologies,ontology framework,threat modeling,ethical principles offensive cyber security training ethical hacking penetration testing privacy security training ethical guideline ethical framework,computer security,red teaming,phishing,artificial intelligence,large language models
Lagerström, Robert;289;1617827,1472900,1548919,1472901,1478644;smoothing methods,computational modeling,intrusion detection,telecommunication traffic,organizations,computer networks,classification algorithms,automated modeling,conceptual models,ontologies,ontology framework,threat modeling,ethical principles offensive cyber security training ethical hacking penetration testing privacy security training ethical guideline ethical framework
Uddholm, Joakim;6b719e8d-f7e1-4142-8222-03fb98e23582;953534;anonymity,whistleblowing,cryptography,tor,indistinguishability,anonymous encryption
Pettersson, Lars;290;1214402;
Lundell Johansson, Christoffer;291;1214402;
Kollin, Felix;292;1105900;aco,tsp,ant colony optimization
Bavey, Adel;293;1105900;aco,tsp,ant colony optimization
Muir, Macaully;294;927549;
Wikström, Johan;295;927549,1263990,851477;forecasting,machine learning,lstm,sarima,arbetsförmedlingen,swedish public employment service,sport fishing,recreational fishing,fishing,supervised machine learning,random forest,linear regression,artificial neural networks,sportfiske,fiske
Nilsson, Oscar;296;1700288;
Yngwe, Noel;297;1700288;
NORLIN ANDERSSON, JACOB;5b58de15-bd63-4b65-ab14-b9c22e770614;668825;
Gustafsson, Andreas;4b6f75c1-fa1a-419f-ba89-7a9b9b0ef683;701155;
Isacson, Dan;2edf25f7-7451-4898-bb3b-9b4291bdcc23;826851;smart,watch,watches,application,apple watch,apple,smartwatch,smartwatches,development,klocka,applikation,utveckling,smartklocka,smartklockor,klockor
Horemuz, Michal;86e9e018-e878-463f-a281-8109da35204e;1229984,806699;machine learning,financial,trading,xgboost,bond index,michal,horemuz
Oldensand, Victor;298;1699434;
Haglund, Simon;299;1699434;
Fridström, Henrik;300;812020;
Sjöberg, Linus;301;812020;
Bergman, August;302;1107755;
Ericsson, Sonja;303;1107755,1527517;
Kragbé, David;dc74a935-956f-4ed5-9536-35d399395c96;1712026;natural language processing,document classification,embeddings,classifiers,naturlig språkbehandling,dokumentklassificering,inbäddningar,klassificerare
Mejdi, Sami;304;927348;
Djoweini, Camjar;305;927348;
OLSSON, ROBERT;e1517e5a-6fd4-4741-a677-e16ed4a5b0c5;753212;
Emanuelsson, Kristoffer;a546d4af-a26b-4d4a-aacd-eed4c6005dc5;915549;multi-commodity,maximum flow,max flow,flow,multicommodity,approximation,schemes,framework,dynamic graph,dynamic,es-tree,complexity,space,time,madry,maximum flöde,max flöde,flöde,approximering,dynamiska grafer,graf,dynamiskgraf,es-träd,tidskomplexitet,komplexitet,minneskomplexitet,madry
Florén, Mikael;5345986b-0604-44a8-8830-0a25a91cb385;945792;theoretical computer science,graphs,algorithms,max cut,approximation,teoretisk datalogi,grafer,algoritmer,max cut,approximation
Huang, Sangxia;844;579115,634074,447569,817263,675836,447563;pcp,approximation,d-to-1,perfect completeness,combinatorial optimization,inapproximability,hardness,probabilistically checkable proofs,boolean constraint satisfaction problem,csp,graph coloring,hypergraph coloring,direct sum,superposition,label cover,chromatic number,k-colorable graphs,np-hard,#csp,dichotomy theorem,counting problems,computational complexity
Huang, Yuxuan;d42a5dc8-16fb-4855-85f9-cd2dd0745b09;1635719;shopping list,smart glasses,optical head-mounted displays,augmented reality,memory expansion.
Gartz, Madeleine;306;1119782;bitcoin,cryptocurrency,blockchain
Linderbrandt, Ida;307;1119782;bitcoin,cryptocurrency,blockchain
Larsson, Jesper;658;1602050,1563283,1214412;security,penetration testing,threat modelling,internet of things,smart cameras,säkerhet,penetrationstestning,hotmodellering,sakernas internet,smarta kameror
Pålsson, Andreas;1378;1114955,930520;art,ndk,gpu,c++,java,android,renderscript,image processing,dalvik,android runtime
Matsoukas, Christos;7b68f6a8-b25a-436c-848c-06e06c0b98ed;1856694;
Näslund, Per;96cb28e8-2722-4119-ac6e-fd6f1bd7084f;1264794;speech synthesis,neural,lstm,speech technology,tacotron,attention,cnn,neural networks,rnn
Rehn, Martin;dd75a28e-8882-4d6f-82d9-6e0e4ca2bf0c;10991,8079;cerebral cortex,neural networks,attractor memory,sequence learning,biological vision,generative models,serial order,computational neuroscience,dynamical synapses,datalogi,datalogi
Kreitz, Gunnar;1222;410606,587561,680801;distributed object store,key-value store,performance measurements,performance modeling,response times,streaming media services,system dimensioning
Helldin Boman, Joakim;62efb13c-ffb5-4587-a85e-429dcb2ac04d;1466227;
Lindholm, Timmy;308;1610267;
Jonnerby, Olof;309;1610267;
Blomqvist, Fredrik;310;1900563;shor code,quantum error correction,qiskit,simulated quantum noise environment,shor-kod,kvantfelkorrigering,qiskit,simulerad kvantbrusmiljö
Hultcrantz, Emil;311;1900563;shor code,quantum error correction,qiskit,simulated quantum noise environment,shor-kod,kvantfelkorrigering,qiskit,simulerad kvantbrusmiljö
Ekberg, Johan;e2f3d6f7-62bd-476f-9e59-ee96dc06372e;1931289;database schema migrations,schema changes,blue-green deployments,expand-contract,rollback,database replication,multi-masterreplication,databasschemamigrationer,schemaförändringar,blå-gröna distribution,expandera-kontraktera,återställning,databasreplikering,multi-master replikering
Manfredh, Lucas;4ff9f55a-bea6-4fb7-af26-080cb61ceaca;1702359;security,privacy,bluetooth,smartwatch,ethical hacking,säkerhet,integritet,bluetooth,smartklocka,etisk hacking
Lieutier, Paul;5af49bde-8496-41a1-8737-0d011bc55803;1801190;energy consumption,time series,ensemble learning,renovation works,energiförbrukning,tidsserier,ensembleinlärning,renoveringsarbeten
Anderson, Thomas;312;1499219;non-volatile memory,distributed storage,file systems,data centers,reliability,fault tolerance,scalability
Canini, Marco;313;1499219,724935,1608645,1085916,867620;non-volatile memory,distributed storage,file systems,data centers,reliability,fault tolerance,scalability,software-dened networking,performance,update scheduling,cloud computing,distributed file systems,storage systems,operating systems,networking,key-value,distributed,storage,multiget,scheduling
Kim, Jongyul;314;1499219,1608645;non-volatile memory,distributed storage,file systems,data centers,reliability,fault tolerance,scalability,cloud computing,distributed file systems,storage systems,operating systems,networking
Kwon, Youngjin;315;1499219,1608645;non-volatile memory,distributed storage,file systems,data centers,reliability,fault tolerance,scalability,cloud computing,distributed file systems,storage systems,operating systems,networking
Peter, Simon;316;1499219,1608645;non-volatile memory,distributed storage,file systems,data centers,reliability,fault tolerance,scalability,cloud computing,distributed file systems,storage systems,operating systems,networking
Schuh, Henry;318;1499219;non-volatile memory,distributed storage,file systems,data centers,reliability,fault tolerance,scalability
Witchel, Emmett;319;1499219,1608645;non-volatile memory,distributed storage,file systems,data centers,reliability,fault tolerance,scalability,cloud computing,distributed file systems,storage systems,operating systems,networking
LIBERG, LENNART;d86e8a41-13ba-4f19-9538-665c358641f8;699722;
Asketorp, Jonatan;c44688eb-ac11-432c-8a60-184a8b93f209;769846;
Klein, Simon;7f2df138-898e-4aa8-92df-6165c3f618d9;813153;
Li, Zilong;bcf056b3-4e3e-4baf-a4a3-8b335b415610;1710389;recommendation system,sequential recommendation,click-through rate model,transformer,multi-task learning,sistema di raccomandazione,raccomandazione sequenziale,modello di percentuale di clic,trasformatore,apprendimento multitasking,rekommendationssystem,sekventiell rekommendation,klickfrekvensmodell,transformator,multi-task learning
Yadav, Ritu;320;1665641,1665635;flood detection,bi-temporal,change detection,sar,siamese,deep learning,encoder-decoder,attention,lidar,als,u-net,segmentation,change detection,urbanization,remote sensing
Nascetti, Andrea;321;1665641,1665635;flood detection,bi-temporal,change detection,sar,siamese,deep learning,encoder-decoder,attention,lidar,als,u-net,segmentation,change detection,urbanization,remote sensing
Ban, Yifang;322;1665641,1665635;flood detection,bi-temporal,change detection,sar,siamese,deep learning,encoder-decoder,attention,lidar,als,u-net,segmentation,change detection,urbanization,remote sensing
Jacobson, Maria;c2d5ee43-c813-4242-bf77-0f63dd9513ef;1783640;s-hci,sustainability,environmental decision support systems,human-centered design,s-hci,hållbarhet,beslutsfattande inom hållbarhet,människocentrerad design
E. L. Dahlin, Anton;1d364b18-491f-46c1-938c-c6092003d8f3;1711490;variational auto-encoder,triplet loss,contrastive loss,generative models,metric learning,latent space,attribute manipulation,variationsautokodare,triplettförlust,kontrastiv förlust,generativa modeller,metrisk inlärning,latent utrymme,attributmanipulation
Bakhuizen, Ellinor;e17fdd06-633d-431f-88dd-9e323c224bca;1601100;visual impairment,screen reader,telemedicine,digital healthcare,accessibility,synnedsättning,skärmläsare,digital vård,nätläkare,tillgänglighet
Del Tejo Catalá, Omar;323;1109152;
Masiá Fuster, Luis;324;1109152;
Hansdotter, Jenny;1338;1169327,812034;audio feedback,fear avoidance,kinesiophobia,rehabilitation treatment
Rosenberg, Gabriel;b79f8c5e-5f4f-488a-b851-bd2ac1ea87ba;1750936;extended reality,augmented reality,video conferencing,computer vision,natural interaction,natural user interfaces,förstärkt verklighet,videokonferenser,datorseende,naturlig interaktion,naturliga gränssnitt
Björkbom, Amel Vendela;fdc658bb-7173-4fc2-8078-bed1dd44a5c3;1783652;virtual try-on,augmented reality,luxury retail,beauty sector,video commerce,online shopping,customer service,luxury service,lyxkonsumtion,kosmetik,e-handel,kundervice,virtuell teknik
Mohebali Zadeh, Hasti;acc4bf08-694c-4dbd-8927-b6cc2b799b7e;1885303;augmented reality applications,5g network,computation offloading,user evaluation,förstärkt verklighet-applikationer,5g-nätverk,beräkningsavlastning,användarutvärdering
Pan, Tianyang;325;1499186;
Verginis, Christos;326;1499186,1499184;
Wells, Andrew;327;1499186;
Kavraki, Lydia;328;1499186,1499184;
Dimarogonas, Dimos V.;329;1499186,1040226,936296,1912874,1352745,1499184;
Nilsson, Mårten;a96c464f-bfc2-4baf-899f-feb7f58f3290;1244477;gan,gans,machine learning,deep learning,generative model,generative models,deep  generative model,deep generative models,generative adversarial networks,vae,vaes,variational autoencoder,variational autoencoders,autoencoder,auto encoder,encoder,decoder,computer vision,eye tracking,pupil localization,pupil,eyes,eye,synthetic data,big data,data generation,synthetic data generation,neural networks,neural network,high-dimensional data,high-resolution images.
Zeng, Jingna;735679fe-a5ed-4a86-810a-af3f89fc5e15;1472160;software transactional memory,parallel programming,futures,synchronization,concurrency control,self-tuning,sequential model-based bayesian optimization,memória transacional em software,programação paralela,futuros,sincronização,controle de concorrência,auto-ajuste,otimização bayesiana  seqeencial baseada em modelos,mjukvarubaserat transaktionellt minne,parallell programmering,synkronisering,parallell exekvering,självjustering,sekventiell modellbaserad bayesian-optimering
Zetterlund, Louise;c08d0717-3655-4ac4-ad96-eb0e62238b1b;1601868;
Lidström, Christian;1013;1840268,769994,957404;software sontracts,contract-based design,formal verification,deductive verification,contract inference,program instrumentation,embedded software,embedded systems,frama-c,verification,functional requirements,embedded,automotive,c
Hodzic, Amar;23af22d0-56ae-4784-8e68-bf1842275373;1662423;insurance,semi-structured data,web data extraction,deep learning,försäkring,semistrukturerad data,webbdataextraktion,djupinlärning
EKSTRÖM, DENNIS;b41cde41-1c52-4ec3-9e9a-0972844a24ff;771156;
Bariant, Augustin;fa1be6cb-1b3b-4c7b-8c76-24107ce8ac63;1774217;bitslicing,cryptography,whitebox,compilation,boolean circuits.,parallélisation au bit,cryptographie,boîte blanche,compilation,circuits booléens.,bitslicing,kryptografi,vit låda,kompilering,booleska kretsar.
Sångberg, Dennis;434;841518;deep,convolutional,networks,neural networks,image segmentation,brain tumour,glioma,mri,brats
Nyström, Tom;22bcb373-70a4-470f-a793-659388e987f5;1892784;machine learning,bioacoustics,active learning,maskininlärning,bioakustik,active learning
Söderberg, Oskar;a885f368-3a60-4f0c-a02c-050631c53aa6;1801590;formal verification,contract inference,model checking,deductive verification,theory of heaps,acsl,translation,formell verifiering,kontrakth¨arledning,modellprovning,deduktiv verifiering,theory of heaps,acsl,overs¨attning
Amilon, Jesper;3d887395-e2f0-462b-905e-f7a5c01bdf05;1604617;formal verification,contract inference,hoare logic,model checking,horn clauses,formell verifikation,kontraktgenerering,formell semantik,hoare logik,modellprovning,horn clauses
Ansin, Rasmus;330;755070;
Lundberg, Didrik;331;755070,1469213,1265405;program logics,formal verification,theorem proving,binary analysis,hoare logic,hol4,hol,higher-order logic,sml,poly/ml,formal methods,axiomatic semantics,formal verification,static verification,program verification,hoare logic,floyd-hoare logic,itp,interactive theorem prover,theorem prover,proof assistant,bir,automated theorem proving,atp,automated deduction,computer-assisted proof,automated reasoning
Holmberg, Marcus;e4154c34-3769-4f4f-9517-c34e2b18ad78;1868188;level of detail (lod),voxel,octree,virtual terrain,human perception,nivå av detailj (lod),voxel,octree,virituell terräng,mänsklig perception
Broyelle, Antoine;720e4a67-b7b0-4b39-a4ef-d862a9622cdb;1231003;deep learning,artifical neural networks,lung damages,lung cancer,ct scans,pulmonary nodules,detection,region proposal.
Sjöberg, Jonas;332;811084;
Nissar, Hugo;333;811084;
Olsson, Sebastian;1203;944647;eeg,sleep scoring,support vector machines,deep belief networks,aasm,unsupervised learning,feature extraction,genetic algorithms,meta-features
Czerny, Maximilian;d8f6943d-df0b-4b88-938b-df3ffb507050;721652;
Sundbaum, Niklas;29b00eb1-91ff-4c4a-a0fd-569a3a1eebbe;824273;continuous delivery,load testing,performance testing,deployment pipeline,automation,control charts
Lundén, Daniel;334;1739445,1653044,1741049,1539632,1356912,1119734,811047;probabilistic programming,operational semantics,static analysis,probabilistic programming languages,sequential monte carlo,gpu compilation,probabilistic programming languages,compilers,static program analysis,monte carlo inference,operational semantics,probabilistiska programmeringsspråk,kompilatorer,statisk programanalys,monte carlo-inferens,operationell semantik,probabilistic programming,sequential monte carlo,operational semantics,functional programming,measure theory
Çaylak, Gizem;335;1739445;probabilistic programming,operational semantics,static analysis
Ronquist, Fredrik;336;1739445,1653044;probabilistic programming,operational semantics,static analysis,probabilistic programming languages,sequential monte carlo,gpu compilation
Department of Zoology, Stockholm University, Stockholm, Sweden.);8afaea62-fe6a-4411-9248-691541c34635;1739445;probabilistic programming,operational semantics,static analysis
Bigert, Johnny;d1121f36-9eb7-433c-9a5f-f33aaf46c2a1;7478;datalogi,datalogi
Dam, Mads;337;968447,675835,762165,1469213,675843,675838,1368718,1606994,464025,872807;instruction set architectures,arm,mips,noninterference,information flow,theorem proving,hol4,formal verication,information flow security,separation kernel,hypervisor,peripheral devices,dma,separation,isolation,user mode execu- tion,arm,formal hardware/software co-verification,hol4,program logics,formal verification,theorem proving,binary analysis,hoare logic,arm instruction set,user mode execution,kernel security,binary verification,hypervisor,decomposition,soc,armv8,formal verification,refinement,serial interface,device driver,interactive theorem prover,information flow,information-centric networking,metadata search,distributed management
Blateyron, Remi;989baa1a-4d76-4671-8d6d-6350f633a977;903259;intensity-based feature-based registration differentiation comparison suspicious manipulated packages
Mayer, H.;338;338656;automatic road extraction,aerial imagery,snakes,multi-scale,evaluation,ridge detection,edge-detection,selection
Eckstein, W.;339;338656;automatic road extraction,aerial imagery,snakes,multi-scale,evaluation,ridge detection,edge-detection,selection
Steger, C.;340;338656;automatic road extraction,aerial imagery,snakes,multi-scale,evaluation,ridge detection,edge-detection,selection
Baumgartner, A.;341;338656;automatic road extraction,aerial imagery,snakes,multi-scale,evaluation,ridge detection,edge-detection,selection
Li, Meng-Xiang;342;474413,473385;curve segmentation,minimum description length,junction detection,edge detection,curvature,classification,object recognition,computer vision
Wikman, John;1424;1475357,1106644;software based memory correction,dram,reed-solomon,hamming,cubesat,low-earth orbit,mist
LUNDIN FORSSÉN, WILLIAM;c0db2a8e-3cc4-4b48-afb3-8aa842509123;763236;
Spång, Anton;376;1117041,811675;clustering,automatic,image annotation,sharing labels,cnn,convolutional,neural network,klustering,automatisk,bildannotering,cnn,konvolutionellt,neuralt nätverk
CUBA GYLLENSTEN, AMARU;1297544d-9c05-4e2c-8bb0-54a4aa645489;763248;
Sjösund, Lars Lowe;16d0dc54-9522-423a-906a-250d5293eeee;700083;
Jonsson, Leif;343;1053090;machine learning,fault detection,fault location,software maintenance,software debugging,software engineering
Magnusson, Måns;344;1053090;machine learning,fault detection,fault location,software maintenance,software debugging,software engineering
Sandahl, Kristian;345;1053090;machine learning,fault detection,fault location,software maintenance,software debugging,software engineering
Villani, Mattias;346;1053090;machine learning,fault detection,fault location,software maintenance,software debugging,software engineering
Eldh, Sigrid;347;1053090;machine learning,fault detection,fault location,software maintenance,software debugging,software engineering
Jansson, Ludvig;597;952599;image matching automatic golf detector descriptor computer vision homography
Haapanen Rollenhagen, Svante;043ae274-08c6-49a1-94d1-b5b2c013262b;1600252;deep learning,music recommendation,recommendation systems,music informatics.,djupinlärning,musikrekommendation,rekommendationssystem,musikinformatik.
Bäckström, Niklas;f74d6c2a-c009-4076-b008-fec592acc788;908515;
Lin, Chun Hung;09e12aab-d13e-49a3-a269-c9c6e3adcc98;1524925;
Kalpakchi, Dmytro;49b215aa-dc2c-44ea-90b6-5bd7acd2158e;1231561;reference resolution,pedestrian wayfinding systems,natural language processing
Martínez Marrodán, Diego;1594ae60-6694-4376-ab9d-5c14a0119ef9;811456;
Winsnes, Casper;ba186b73-4d13-4458-961c-923cd54e012c;950054;
Lison, P.;348;1034694;
Meena, Raveesh;349;1034694;
Gunning, Christoffer;350;668274;
Forslund, Daniel;351;668274;
Eriksson, Tobias;068e9b16-84ee-4c39-939d-4f4702c8e5b7;700316;
Mattisson, Alfrida;7b13a5d5-fe7c-4a6a-a38c-bbee1a813d78;1604441;
Hendered, Victoria;352;1463845;
Jönsson, August;353;1463845,1857391;generative ai,llm,gpt,qbl,question generation,generativ ai,llm,gpt,qbl,frågegenerering
Almroth, Kristoffer;7cd48a1c-721a-42f1-af5b-8bfa3c91d05f;1604437;cinematic replay,highlight detection,virtual cinematography,video game
Välja, Margus;354;1472900;automated modeling,conceptual models,ontologies,ontology framework,threat modeling
Franke, Ulrik;355;1472900;automated modeling,conceptual models,ontologies,ontology framework,threat modeling
Welander, Sonja;356;1904898;wayfinding sign,directional sign,gis,qgis,python,bicycle sign,automatization,vägvisningsskylt,gis,qgis,python,cykelskylt,automatisering
Fischer, Evelina;357;1904898;wayfinding sign,directional sign,gis,qgis,python,bicycle sign,automatization,vägvisningsskylt,gis,qgis,python,cykelskylt,automatisering
Tarelius, Therese;358;1904898;wayfinding sign,directional sign,gis,qgis,python,bicycle sign,automatization,vägvisningsskylt,gis,qgis,python,cykelskylt,automatisering
Barrios, Karolina;9c3ab915-3012-4627-afd1-50c4847da2f7;1592808;
Choudhary, Abhishek;261cb83e-b772-416d-9199-c8b70fcaaa30;1184476;exploration,autonomous,uav,data gathering
Qi, Lin;ca74271f-b5ea-4e97-8d6a-c27895241bcf;1133388;human activity region,robot,human tracking
Kotzev, Lubomir;359;815687;
Rolleberg, Niklas;360;815687;
Jacobsen, Olov;4d00fc63-df8e-4c6a-a755-82df1e9e23f9;864071;cable suspended system,dredging
Evilevitch, Anton;361;1597711;image classification,densenet,elastic weight consolidation,catastrophic forgetting,cifar100,bildklassifiering,densenet,elastic weight consolidation,catastrophic forgetting,cifar100
Ingram, Robert;362;1597711;image classification,densenet,elastic weight consolidation,catastrophic forgetting,cifar100,bildklassifiering,densenet,elastic weight consolidation,catastrophic forgetting,cifar100
Reichlin, Alfredo;363;1745112;
Yin, Hang;364;1745112,1659731;representation learning,machine learning,multimodal,contrastive learning
Ghadirzadeh, Ali;365;1745112;
Heldner, Mattias;366;678909;
Hjalmarsson, Anna;367;678909;
Edlund, Jens;368;678909;
Björkholm, Viktor;1343;1156647,811052;android doze background scheduling mobile network battery
Nilsson, Elliot;369;1699773;time series classification,multivariate time series,music industry,record label business model.
Wensink, Liza;370;1699773;time series classification,multivariate time series,music industry,record label business model.
Mbuvha, Rendani;77bea247-2c37-4cd5-ad9d-ed7314b32010;1119453;bayesian,neural networks,wind energy,forecasting,renewable energy,gaussian,approximation
Thiriet, Loïc;08f9e545-0569-4985-8d5f-d9137860fec5;1894323;optimization,bayesian optimization,deep learning,computer vision,fine-tuning,satellite imagery.,optimisation,optimisation bayesienne,aprentissage profond,vision par ordinateur,peaufinage,imagerie satellite.,optimering,bayesiansk optimering,deep learning,datorseende,finjustering,satellitbilder.
Yin, Emmy;371;1599698;
Wijk, Klas;372;1599698;
Elowsson, Anders;ce703e8d-430c-4a68-9050-1b74af47497c;1044322;beat tracking
Hast, Gustav;f8fcdc09-aa7f-47ba-815e-c2fde128bfa1;7927;datalogi
Colledanchise, Michele;201467d7-14cf-41e1-86c0-a8cbc260bcea;1078940;
Lövmar, Anton;388;877205;biometrics,security,machine learning,web technologies,javascript,svm
Svedin, Martin;373;1108742;
Geuna, Trolle;374;1108742;
Porion, Chloé Marie;5c89f4a7-6d66-442f-aee4-16571227c847;1778259;software testing,field monitoring,test monitoring,video games,video game modding,mjukvarutestning,fältövervakning,testövervakning,videospel,videospel modding
PALASANTZA, ATHANASIA;c9e6283e-1c22-4bd9-b5e1-5de2ced91912;766099;
Newton Hedelin, Markus;86c76d13-e66d-4808-91d0-0c3c8db04f36;1887929;grpc,rest,soap,application programming interfaces,api architecture,communication protocol,distributed systems,microservice,benchmark,performance,latency,tls,grpc,rest,soap,applikationsgränssnitt,api-arkitektur,kommunikationsprotokoll,disitribuerade system,mikrotjänst,mätning,prestanda,latens,tls
Nilsson, Andreas;375;811675;
Sahlin, Daniel;874;1702126,1463813;deep learning,reinforcement learning,reward functions,neural networks,furuta pendulum,djupinlärning,förstärkningsinlärning,belöningsfunktioner,neurala nätverk,furuta-pendel
Normelli, Gustav;5142cfb3-6f2e-4256-b4b4-2020b56f9c18;1892790;message broker,apache kafka,rabbitmq,performance,throughput vs. latency,distributed cloud environment,kubernetes,azurekubernetes services,openmessaging benchmark framework,microservice architecture,docker,helm charts,message broker,apache kafka,rabbitmq,prestanda,genomströmning,latens,distribuerad molnmiljö,kubernetes,azure kubernetes services,openmessaging benchmark framework,mikrotjänstarkitektur,docker,helm charts
Roghult, Alexander;11ccfaf8-ff20-49ab-844c-f445cfbeb483;912464,770821;python cython cpython jython pypy
Brolin Echeverria, Paolo;377;668678;
Westermark, Joakim;378;668678;
Gedin, Sebastian;379;1212221,1458874;
Holm, Jakob;380;1212221;
Berg, Johan;381;1792957;rest,grpc,json,protocol buffers,api,http,benchmark,performance,microservices,network communication,rest,grpc,json,protocol buffers,api,http,benchmark,prestanda,mikrotjänster,nätverkskommunikation
Mebrahtu Redi, Daniel;382;1792957;rest,grpc,json,protocol buffers,api,http,benchmark,performance,microservices,network communication,rest,grpc,json,protocol buffers,api,http,benchmark,prestanda,mikrotjänster,nätverkskommunikation
Wang, Po-An;383;1880914,1883453,1896121;
Tzeng, Ruo-Chun;384;1880914,1883453,1536967,1879078;signed network,spectral analysis,social network,polarization
Proutiere, Alexandre;385;1880914,1883453,737623,1896121,1802149,898710;multi-armed bandits,adaptive control,model predictive control,clustering,k-means,cluster validation,number of clusters
Petersson, Marcus;6ea20101-1fe8-4108-ba34-42e8c000aa81;353525,552449;transient receptor potential,trp,metabotropic glutamate receptor,mglu1/5,dendritic integration,synaptic activation,temporal summation,low-frequency,entorhinal cortex,mathematical model,computational neuroscience,ion channels,computational modeling,simulations,dendrites,axons,trp,hippocampus,c-fiber nociceptors,pain
Sannervik, Filip;1358;1903932,1595274;electric cars,pentesting,in-vehicle infotainment,cybersecurity,elbilar,penetrations test,infotainmentsystem,cybersäkerhet,internet of things (iot),iot-devices,vulnerability assessment,grouping iot-devices,self-organising maps,vulnerability likelihood.,sakernas internet (iot),iot-enheter,bedömning av sårbarhet,gruppering av iot-inheter,self-organising maps (soms),sårbarhetsrisk.
ERGENEKON, EMRE BERGE;386;678828;
ERIKSSON, PETTER;387;678828;
Weherage, Pradeep Peiris;0a476f1a-e7c1-44be-b5f4-262a53316a1b;1149014;
LÖVMAR, ANTON;388;670528;
CLASSON, PER;389;670528;
Melander, Anton;390;1121133;blockchain,bitcoin,consensus,cryptocuyrrency,blockkedja,kryptovaluta,digital valuta
Halvord, Erik;391;1121133;blockchain,bitcoin,consensus,cryptocuyrrency,blockkedja,kryptovaluta,digital valuta
Johansson, Tom;392;1127299,1118878,811136;blockchain financial transactions cryptocurrency implementation banking,openid connect,oidc,electronic identification,eid,openid connect,oidc,e-legitimation,e-leg
Charpentier, Viktor;393;1127299;blockchain financial transactions cryptocurrency implementation banking
Huang, Shun;394;1044630;blockchain,mutual funds,fund market,distributed database,fondmarknad,blockkedja,distribuerad databas,fonder
Carlsson, Jacob;395;1044630;blockchain,mutual funds,fund market,distributed database,fondmarknad,blockkedja,distribuerad databas,fonder
Kultala, Henrik;396;1464500;
Persson, Simon;397;1464500;
Olsson, Rasmus;a8aeaf74-28b7-4e9e-b70f-90e8e9b084bd;1466770;
Hashemi Demneh, Darja;9935f9a5-96c7-4334-a813-60a1e9be5ff4;812196;
Almajni, Nour Alhuda;5f4c4edb-b501-4a9e-baf3-f375827ab065;1604513;model-based testing,modbat,bounded exhaustive search,random search.,modellbaserad testning,modbat,begränsad uttömmande sökning,slumpmässig sökning.
Karlsson, Ragnhild;398;771147;
Eriksson, Mikael;399;771147,946219;virtual reality,immersive virtual reality,human-computer interaction,interaction techniques,usability
Morin, Clément;f5662f10-5719-4118-bc3b-21fcb5dc0e26;1613876;logo detection,online advertisements,display advertising,automatic brand detection,logotypigenkänning,online annonsering,automatisk varumärkesigenkänning
Ekner, Gustav;546;1793001,1597402;computer security,webassembly,crypto mining,code obfuscation,browsers,datasäkerhet,webassembly,kryptovalutautvinning,kodobfuskering,webbläsare
Lindqvist, Amanda;485a556f-a85d-4046-9ffb-2fe0503d1e1a;1868182;augmented reality,child-centered design,design thinking,reading engagement,user engagement,förstärkt verklighet,barncentrerad design,designtänkande,läsengagemang,användarengagemang
Laure, Denis;1d1b4438-fe95-4433-be92-c1ac568179d2;956287;simulations,digital material,interaction design
Flodman, Mikael;c49aa759-7aa9-4be2-8e38-605081305ee7;824930;recommendation system,als-wr,implicit data
Boström, Peter;506;1616944,1111865;
Jerjas, Allan;b926bee7-a48b-4dec-a4be-9e91d97c1ddc;699709;
Fu, Xinye;6183dfab-70e0-478c-a4af-4eeda10882c4;1164150;evolutionary clustering,spark,survey,data-intensive computing,evolutionär clustering,spark,undersökning,datintensiv databehandling
Zhou, Zixin;2ef8d44b-82ad-4a96-9c6b-35aa0821ee35;1784233;building information modeling,tekla structures,connection,classification,machine learning,multimodal data fusion
Masko, David;1545;1120301,811111;eye tracking,deep learning,transfer learning,convolutional neural networks,supervised learning
Öberg, Jesper;77c41211-43f3-4265-9a8c-20fdf0fb3cd3;1596023;
Mets Kiritsis, Lea;58f72215-87e5-4225-bfde-0cd2b30a4d95;1217178;
Lövgren, Johan;b21015e6-bc7e-47f6-a311-860f4b87d543;1783083;open-source,vulnerability identification,high-risk developers,öppen källkod,identifiering av sårbarheter,högriskutvecklare
Van Hoovels, Kevin;400;1613600;lactate sensor,sweat,sport,physiology,wearable platforms
Jheronimus Acad Data Sci, NL-5211 DA sHertogenbosch, Netherlands.);5c5682c5-4ec4-488d-846d-196fd2c55e9c;1613600,1613600;lactate sensor,sweat,sport,physiology,wearable platforms
Xuan, Xing;401;1613600;lactate sensor,sweat,sport,physiology,wearable platforms
Cuartero, Maria;402;1613600;lactate sensor,sweat,sport,physiology,wearable platforms
Gijssel, Maarten;403;1613600;lactate sensor,sweat,sport,physiology,wearable platforms
Swaren, Mikael;404;1613600;lactate sensor,sweat,sport,physiology,wearable platforms
Crespo, Gaston A.;405;1613600;lactate sensor,sweat,sport,physiology,wearable platforms
Osnes, Simon;406;1599553,1788170;bachelor thesis,version control system,git,github,education,computer science education,commit behaviour,kandidatexamensarbete,versionshanteringssystem,git,github,lärande,datateknik,commitbeteende,second-hand,machine learning,data analysis,feature selection,clustering,k-means,second-hand,maskininlärning,dataanalys,urval av attributer,klustring,k-means
Berg, Amanda;407;1599553;bachelor thesis,version control system,git,github,education,computer science education,commit behaviour,kandidatexamensarbete,versionshanteringssystem,git,github,lärande,datateknik,commitbeteende
Formgren, Björn;12aedd77-8a21-40fc-ba58-2b4e9da46f9a;1892787;large language models,code generation,software architecture,cohesion,cyclomatic complexity,classeval,humaneval
Engelin, Martin;1624;1230671,927209;capsnet,convolutional,network,capsule,neural,clothing,clothes,sellpy,rotation,rotational,views
Prelipcean, Adrian Corneliu;1054;930577,916117,1204245,794679;travel diary automation,trajectory segmentation,travel data collection,travel diary collection system evaluation and comparison,continuous model evaluation,transportation mode segmentation and detection,trajectory data mining,error analysis,interval algebra,multiple day travel diary collection,travel mode destination and purpose inference,travel diary collection system comparison,travel pattern stability and variability over time,battery conscious,data collection,location and accelerometer data fusion,location awareness,location tracking,movement,smartphones
Neppare, Christoffer;408;930605;
Blomberg, Pontus;409;930605;
Mann, Anna;410;1562606;classification,categorization,e-mails,preprocessing,tf-idf,machine learning,supervised learning,naïve bayes,support vector machine,decision tree,klassificering,kategorisering,e-postmeddelanden,förbehandling av data,tf-idf,maskininlärning,övervakad inlärning,naïve bayes,support vector machine,decision tree
Höft, Olivia;411;1562606;classification,categorization,e-mails,preprocessing,tf-idf,machine learning,supervised learning,naïve bayes,support vector machine,decision tree,klassificering,kategorisering,e-postmeddelanden,förbehandling av data,tf-idf,maskininlärning,övervakad inlärning,naïve bayes,support vector machine,decision tree
Ottosson, Love;6bb07581-c717-479e-9e1e-5789fb45cf91;1149081;distributed systems,nosql,big data,e-commerce
Escandón Álvarez, Carlos;4da3c010-710f-4380-ad23-79e651e8e2dd;1793709;cell tower geolocation,crowdsourced measurements,positioning,machine learning,neural networks
ZHANG, WILLIAM;959f119d-9c3e-433a-9a98-895ffed57345;681006;
PETTERSSON, CHRISTOFFER;412;771132;
SCHMIDT, ERIC;413;771132;
Ali, Miran;86afd01d-a394-40a0-b598-71e6ff96038c;758220;search engine,search,findwise,solr,searching,relevance,qf,cosine similarity,mongodb,inex
Santos Escriche, Eduardo;0bf96560-dac1-4357-b80e-9510c397e550;1885073;graph neural networks,network-based intrusion detection,temporal graph networks,cybersecurity,machine learning,grafneurala nätverk,nätverksbaserad intrångsdetektering,temporala grafnätverk,cybersäkerhet,maskininlärning
Kraljevic, Matija;73ce3729-6e87-4aa2-9521-f80f02239f0a;932897;
Viklund, Alexander;414;1108415;character recognition,natural images,tensorflow,data augmentation,neural networks,chars74k,convolutional,teckenigenkänning,naturliga bilder,tensorflow,dataaugmentering,neurala nätverk,neuronnät,chars74k
Nimstad, Emma;415;1108415;character recognition,natural images,tensorflow,data augmentation,neural networks,chars74k,convolutional,teckenigenkänning,naturliga bilder,tensorflow,dataaugmentering,neurala nätverk,neuronnät,chars74k
Abdihakim, Ali;3ef5db79-ac1e-4853-ae5d-0785ad4a53bf;1603397;viral,popular and trending are interchangeable terms and refers to content that garners hundreds of thousands if not million of views in a short span of time.,viralt,populärt och trendigt är utbytbara termer och syftar på videor som får hundratusentals om inte miljontals visningar på kort tid.
Kottorp, Max;416;1119783;chatbot,artificial intelligence,machine learning
Jäderberg, Filip;417;1119783;chatbot,artificial intelligence,machine learning
Amilon, Mattias;7644cbff-b27e-4dc2-a1af-6dce397eb8e6;812049;
VALLERYD, MATILDA;418;771048;
ASKLING, THERESE;419;771048;
Malmgren, Max;420;668850;
Åhammar, Ulf;421;668850;
Le, Yvonne;298462bf-eeeb-418c-90c2-2cd68491b828;1075738;compound splitting compounding
Alnesjö, Robert;1647;1185014,812783;dash,chunked,http,live,streaming,low delay,throughput,fetch
Chaliane Junior, Guilherme Dinis;471b6ff8-0506-4743-8dbf-179a4385ec1b;1149077;
Wiltschi, Klaus;422;440708;
Pinz, Axel;423;440708;
NORDSTRÖM, RICHARD;424;676643;
TÄNGMARK, ANNIKA;425;676643;
Chahine, Fredrick;0b88b87e-bb1b-47b2-b597-241d5b10c4cf;676642;
Bergelid, Linn;984;1228997,927331;text classification,machine learning,song lyrics,music
Javanmardi, Ramtin;426;1213692;eeg,alzheimer's,machine learning,supervised machine learning,spectral power,feature extraction,support vector machine,svm,knn,lda
Rehman, Dawood;427;1213692;eeg,alzheimer's,machine learning,supervised machine learning,spectral power,feature extraction,support vector machine,svm,knn,lda
Tumwa, Philip;428;1700455;
Möttus, Sandra;429;1700455;
Kolibacz, Eric;a938ed0e-30cb-438d-a0c6-96c3ddcd99e6;1221560;convolutional neural network,machine learning,neural network,pick and place machine,assembly line
Sharma, Bharat;796c6482-d296-4960-aa40-06655f7a1a9d;1633154;machine learning,natural language processing,deep learning,classification,supervised learning,transformer models,sentence embeddings,doc2vec,deep averaging networks.,maskininlärning,naturligtspråkbehandling,djupinlärning,klassificering,övervakad inlärning,transformeringsmodeller,meningsinbäddningar,doc2vec,djupa linjärkombinerande nätverk.
Roy, Debaditya;430;1811849,1602304,1835806;deep learning,human activity recognition,out-of-distribution detection,time-series classification,uncertainty estimation,electrical and electronic engineering,biochemistry,instrumentation,atomic and molecular physics,and optics,analytical chemistry
Komini, Vangjush;431;1811849;deep learning,human activity recognition,out-of-distribution detection,time-series classification,uncertainty estimation
Girdzijauskas, Sarunas;432;1811849,1602304,1543377,1471910,1717398,917395,1751023;deep learning,human activity recognition,out-of-distribution detection,time-series classification,uncertainty estimation,electrical and electronic engineering,biochemistry,instrumentation,atomic and molecular physics,and optics,analytical chemistry,graph convolution,software define networks,open world learning
Riese, Axel;1043;1137260,814621;computer vision,deep learning,model compression,transfer learning
SEGERSVÄRD, OSKAR;433;676564;
SÅNGBERG, DENNIS;434;676564;
Pers, Axel;435;1196404;
Orre, Adam;436;1196404;
Dath, Carl;461;1783084,1214377;natural language processing,machine learning,word2vec,glove,bert,personal data classification,språkteknologi,maskininlärning,personlig data klassificering
Klingestedt, Kashmir;736;1241936,926633;client,server,client-server,communications,efficiency,evaluation,gis,nis,geographic information system,network information system,protobuf,protocol buffers,java,serialization,protocol,http,http/1.1,http/2,hypertext transfer protocol,httpclient,tomcat,overhead,payload,webserver,transmission,spatial data,natural language,speech recognition,natural language interface,gamification
Daniel, Öberg;9c090b2e-ac3b-4405-885e-1e27b2568297;877778;clinical assessment,compression ultrasonography,deep vein thrombosis,support vector machines
Lu, Chi Jen;437;1883453;
Björnberg, Adam;09aeb2ff-e468-4c4d-91f6-05dcee3f96aa;1617069;iot,internet of things,chaos engineering,cloud platforms,iot,sakernas internet,kaosteknik,molnplattformar
Lindgren, Leonard;438;1774212;aws,heroku,comparison,infrastructure as code,cost,availability,aws,heroku,jämförelse,prestanda,kostnad,tillgänglighet
Kvasov, Maxim;439;1774212;aws,heroku,comparison,infrastructure as code,cost,availability,aws,heroku,jämförelse,prestanda,kostnad,tillgänglighet
Jos´e Iglesias Garc´ıa, Fernando;48b0709c-6d60-4dd3-b839-018ed1105ce5;753043;
Friberg, Christoffer;d3cc249d-7b80-4fb2-9629-c88cc6afc349;813313;
Li, Jing;974a140f-04fa-49cb-98fb-0684a467d693;1164172;clustering,time series forecasting,rain attenuation,machine learning,unsupervised learning,klustring,tidsserieprognoser,regn dämpning,maskininlärning,unservervised learning
Porcu, Simone;c41b3105-d369-4da0-9a05-8af27a1be48b;1868373;machine learning,data engineering,data processing,customers clustering,maskininlärning,datateknik,databearbetning,kundkluster
Eriksson, Håkan;1657;948252;machine learning,cluster analysis,log file analysis
Bjarnason, Brynjar Smári;9a53ff28-9e9a-4082-ba91-82664fc44d02;1109071;metagenomics,coverage,composition,k-mer,clustering,mixture model,gaussian,dirichlet process,machine learning
Johansson, Andreas;c97f450d-7e01-4567-83f0-c317fd7f17e8;945762;clustering,user-behavior,online social network
Bergholm, Marcus;639;1220095,927475;user clustering,image clustering,deep embedding clustering,dec,photon mapping,k-nearest neighbors,ellipsoid,gpu,parallel
Aspegren, Villiam;224b4794-3888-47cf-a616-c6282c3e1269;882369;graph drawing,automatic graph layout,directed graphs,sugiyama,cluster,clusters
Sharif Razavian, Ali;440;738235;
Azizpour, Hossein;441;738235,1857952,1857950,1882587,1857944;label noise,noisy labels,robustness,gaussian noise,classification,log-ratio transform,compositional data analysis
Sullivan, Josephine;442;738235;
Carlsson, Stefan;443;738235;
Mazza, Lorenzo;b25dd2a1-987c-492e-bf20-9e8172a674a7;1896704;stock returns,cross-section,financial machine learning,regression-via-classification,coarse-graining,neural network,naive-bayes,aktieavkastning,tvärsnitt,finansiell maskininlärning,regression-via-klassificering,grovkornig,neuralt nätverk,naive-bayes
Liu, Willy;719;1640196,1214468;
Tysell Sundkvist, Leif;444;1112978;
Persson, Emil;445;1112978;
Abbasi, Azad Ismail;bfc0261c-5957-4305-bcee-a0d7d897379c;817742;human-computer interaction,hci,usability,graphical user interface,gui,user friendly interface,user-centered system design,ucsd,människa-datorinteraktion,mdi,användbarhet,grafiskt användargränssnitt,användarvänligt gränssnitt,användarcentrerad systemdesign,acsd
Lorentz, Robert;446;1107752;cold start,recommender system,k-nn
Ek, Oskar;447;1107752;cold start,recommender system,k-nn
Lundberg, Edvin;1555;1115157,811055;multi-agent games,multiagent games,multi-agent system,imperfect information,imperfect recall,collaboration,imperfect communication,finite-state strategy,concurrent games,concurrent system,strategy synthesis,strategy construction,automated programming,automated problem solving,automated collaboration,verification,knowledge-based subset construction,knowledge tracking,graph decomposition,strongly connected component,pursuit-evasion,search number,el-system,formal grammar,greedy heuristic
Kammerlander, Robin;14bfdcfb-79f4-48d0-a74c-25bb87d71b9c;1467053;
Dönmez, Halit Anil;7bf1b7b1-9f97-4e2f-8564-692212b6caa7;1118706;virtual,crowd,simulation,reinforcement,learning,qlearning,machine
Svärd, Mikael;448;1114109;fake news,machine learning,naive bayes
Rumman, Philip;449;1114109;fake news,machine learning,naive bayes
de Oliveira Oliveira, Mateus;10d46965-da37-468b-82e5-a95084e37e3a;665450;combinatorial slice theory,partial order theory of concurrency,digraph width measures,equational logic
Sommar, Fredrik;450;811021;sentiment classification,sentiment analysis,opinion mining,lexicon,machine learning,hybrid,movie reviews,social media
Wielondek, Milosz;451;811021;sentiment classification,sentiment analysis,opinion mining,lexicon,machine learning,hybrid,movie reviews,social media
Thörnberg, Jesper;d6568dec-352f-4017-922c-143882d1316b;858100;cnn,convolutional neural network,svm,support vector machine,rgb-d,depth
Puranen Åhfeldt, Theo;799;1870943,1464559;unmanned aerial vehicle,drone detection,trajectory-based,background subtraction,joint detection and tracking,computer vision,deeplearning,drönare,drönardetektering,trajektoria-baserad,bakgrundssubtraktion,förenad detektering och spårning,datorseende,djupinlärning
Geffrier, Valentin;dbcdf7a8-4026-46ae-88ac-eb05d6aa1205;1152662;graph clustering community detection device advertising identity bipartite louvain
Baumgardt, Tor;c2b1730f-2d2c-4f34-8d2f-c5f170bea68d;1217269;
Holesovsky, Ondrej;427b317e-90bd-4029-a050-2a5d080742ad;1150748;convolutional neural networks,compact architectures,weight quantization,activation quantization,dithering activations
Löwbeer, Rikard;452;1886716;steganography,steganalysis,convolutional neural network,machine learning,algorithmic design,steganografi,steganalys,konvolutionellt neuralt nätverk,maskininlärning,algoritmisk design
Göransson, Emil;453;1886716;steganography,steganalysis,convolutional neural network,machine learning,algorithmic design,steganografi,steganalys,konvolutionellt neuralt nätverk,maskininlärning,algoritmisk design
Larspers Qvist, Simon;c92fd2a7-33bd-436c-92c8-f55cadd66a22;1887671;fashion image classification,image classification,yolo,yolov5,clip,fashionclip,semantic understanding,automatic labeling,imagecategorization,comparative analysis,computer vision,klassificering av modebilder,bildklassificering,yolo,yolov5,clip,fashionclip,semantisk förståelse,automatisk kategorisering,bildkategorisering,jämförande analys,datorseende
Bahy, Mazen;5e780ef2-237c-4eec-9758-6d7f33b67152;1473061;
Wrife, Andreas;da785381-ad31-46e7-af14-eb1ea6c45d88;1844577;virtual reality,surgical simulations,external ventricular drainage,motion capture,interaction controls,virtuell verklighet,kirurgiska simuleringar,extern ventrikeldränage,interaktionskontroller
Brundin, Amanda;7426ada4-5971-40da-affc-d4b09f810e9d;1897041;user-centered design,audio faders,radio broadcasting,touch interfaces,skeuomorphic design,user experience,användarcentrerad design,ljudreglage,radiosändning,touchgränssnitt,skeuomorf design,användarupplevelse
Uggelberg, Richard;454;1111201,1685851;software testing,software engineering,test improvement,property-based testing,invariant detection,mjukvarutestning,mjukvarukonstruktion,testförbättring,egenskapsbaserad testning,invariantdetektion
Lundblom, Andreas;455;1111201;
THIPPURSRIDATTA, AKSHAYA;73b5a5eb-2f97-42b5-83b0-0fbb658e428a;680994;
Forsberg, Filip;df4b1182-8759-470b-8791-ca6f194055c6;1797616;
Xia, Ziqi;78f55d47-6d1a-4e9d-b003-de4ae06364a9;1598162;performance testing,performance engineering,information visualization,quality assurance,user experience,web services,prestandatestning,performance testing,prestandateknik,performance engineering,informationsvisualisering,kvalitetssäkring,quality assurance,användarupplevelse,webbtjänster
Petersson, Jesper;6e7c801e-bb98-49fc-a77b-f076da43e038;1778306;machine learning,cloud computing,benchmark,image quality assessment,maskininlärning,molntjänster,jämförelse,bildkvalitetsbedömning
Lillthors, Christopher;456;929350;
Philipson, Samuel;457;929350;
Danielsson, André;9879b399-bfeb-44a1-8ea0-64e8c9db755f;1109257;android,ndk,dalvik,java,c++,native,android runtime,clang,java native interface,digital signal processing,fast fourier transform,vectorization,neon,performance evaluation
Roos, Quintus;458;1464868,1708538;transformed-based pre-trained language models,natural language processing,natural language generation,conditional text generation,text classification,fine-tuning,english language learning.,transformbaserade förtränade språkmodeller,naturlig språkbehandling,naturlig språkgenerering,betingad textgenerering,finjustering,instruktionsjustering,engelska inlärning.
Lilliesköld, William;459;1464868;
Vikström, Johan;9ebde25d-00b6-459d-b8c2-4ff8b68073fb;1588978;peer- to- peer,decentralized machine learning,federated learning,gossip learning,long short- term memory,convolutional neural network,peer- to- peer,decentraliserad maskininlärning,federated learning,gossip learning,lång korttidsminne
Asante-Poku, Kwabena;60af11ea-488f-41d2-81e0-6a2568a5b7d9;816401;
D'Orto, Manolo;1682;1523039,1213527;
Lundin, Lars;460;1214377;
Albiz, Julius;d8b19f0a-50d5-4887-beda-44470e65999f;1801366;gaze cue,eye tracking,mixed-method,case study,gaze cue,mixad metod,fallstudie
Li, Rui;432b7d32-8db6-40f7-a79d-a49fda19dcf2;1233059;human-robot interaction,virtual reality,human-computer interaction,space perception,spatial sound
Persson, Max;462;1609945;
Dabiri, Arash;463;1609945,1783239;speech-to-text,deep learning,accents,wav2vec,tal-till-text,djupinlärning,brytningar
Broberg, Felix;464;1214470,1468484;
Eriksson, Emelie;465;1214470;
Eder, Felix;1669;1589040,1215409;event-driven architecture,monolithic architecture,domain-driven design,service- oriented architecture,organisational structure,event-driven arkitektur,monolitisk arkitektur,domändriven design,serviceorienterad arkitektur,organisationsstruktur
Eriksson, Oliver;466;1464534,1692949;imposters,rendering,crowd rendering,perception,imposters,rendering,rendering av folkmassor,iaktagelseförmåga,particles,tessellation,b-spline,mesh shaders
Lindblom, William;467;1464534,1708704;imposters,rendering,crowd rendering,perception,imposters,rendering,rendering av folkmassor,iaktagelseförmåga,microservice architectures,threat modelling,design patterns,mikrotjänstarkitekturer,hotmodellering,designmönster
Odelius, Nora;468;1797611;quantum computing,quantum annealing,simulated annealing,graph coloring problem,kvantberäkningar,quantum annealing,simulated annealing,graffärgningsproblemet
Reinholdsson, Isak;469;1797611;quantum computing,quantum annealing,simulated annealing,graph coloring problem,kvantberäkningar,quantum annealing,simulated annealing,graffärgningsproblemet
Le, Tony;470;1464073;
Karlberg, Pontus;471;1464073,1778303;iot,security,hacking,iot,säkerhet,dataintrång
Hocker, Simon;472;1774216;compilers,interpreters,regular languages,regex,performance,kompilatorer,tolkare,regulära språk,regex,prestanda
Hammarstrand, Andreas;473;1774216;compilers,interpreters,regular languages,regex,performance,kompilatorer,tolkare,regulära språk,regex,prestanda
Josefsson, André;972;1230567,929771;databases,nosql,geospatial,gis
Alekseenko, Andrey;474;1886365,1886363;sycl,gromacs,heterogeneous acceleration,molecular dynamics,performance-portability,heterogeneous parallelism,gpu,sycl,gromacs
Pall, Szilard;475;1886365,1886363;sycl,gromacs,heterogeneous acceleration,molecular dynamics,performance-portability,heterogeneous parallelism,gpu,sycl,gromacs
De Blasio, Simone;476;1463798;
Ekstedt Karpers, Fredrik;477;1463798;
Gyllenram, Jonathan;478;1108960;
Gisslém, Fredrik;479;1108960;
Sannemo, Johan;480;937684;
Lindholm, Simon;481;937684;
Ortega Mattsson, Alvaro;74d5a4cd-feac-4200-abf1-9e0ed0eafb88;1472455;
Werlinder, Marcus;8b913729-001c-431a-b0b8-689f6d5cf828;1466268;
Jonsson Sjödin, Adrian;482;1783632;cross-platform,native,mobile development,low-code,jetpack compose,flutterflow,user interface,cross-platform,native,mobilutveckling,low-code,jetpack compose,flutterflow,användargränssnitt
Lundqvist, Alexander;483;1783632;cross-platform,native,mobile development,low-code,jetpack compose,flutterflow,user interface,cross-platform,native,mobilutveckling,low-code,jetpack compose,flutterflow,användargränssnitt
Haneklint, Carl;484;1763111;virtual threads,spring boot,reactive webflux,java,concurrency,virtual threads,spring boot,reactive webflux,java,concurrency
Joo, Yo Han;485;1763111;virtual threads,spring boot,reactive webflux,java,concurrency,virtual threads,spring boot,reactive webflux,java,concurrency
Wåreus, Linus;486;927368;query containment,xpath,implementation,the canonical model,the homomorphism technique
Wällstedt, Max;487;927368;query containment,xpath,implementation,the canonical model,the homomorphism technique
Hansjons Vegeborn, Victor;488;1112342;
Rahmani, Hakim;489;1112342;
Saikia, Himangshu;8f002247-35d4-4cf8-8261-1bd53a238881;1150643;topology,scalar fields,merge tree,tree comparison,tracking,similarity search
Andersson, Rasmus;490;1795915;fluid simulation,lagrangian fluid simulation,smoothed-particle hydronamics,position based dynamics,vätskesimulering,lagransk vätskesimulering,smoothed-particle hydronamics,position based dynamics
Tjernell, Erica;491;1795915;fluid simulation,lagrangian fluid simulation,smoothed-particle hydronamics,position based dynamics,vätskesimulering,lagransk vätskesimulering,smoothed-particle hydronamics,position based dynamics
Sandelius, Hugo;492;771160;
Forsell, Simon;493;771160;
Sahlgren, Michaela;3777db76-3815-4de8-a0f5-6eeb7dcf0b01;1887430;machine learning,neural networks,patent classification,bert,sbert,dense passage retrieval,maskininlärning,neurala nätverk,patentklassning,bert,sbert,dense passage retrieval
Tsiodoulos, Dimitrios;e669f528-c1a1-41d4-977e-c5de9d71ca9e;922114;navigation,mobile application,usability,mobile interaction,mobile evaluation
Wong, Mark;8e022bb0-709f-499d-9614-af523f27f322;1140324;comparison interpolation methods residence price heat map kriging thin plate spline inverse distance weighting,jämförelse interpolationsmetoder bostadspriser färgdiagram kriging thin plate spline inverse distance weighting
Morfeldt Gadler, Teodor;a4409b3a-3f61-4ad0-be30-8330c2b84310;1795928;
WICKMAN, TOMAS;494;770174;
ÖHMAN, EMIL;495;770174;
Ufymtseva, Sofiia;634f8fe9-9b59-4063-812e-bea12892ab94;1894319;machine learning,autoencoder,long short-term memory,predictive maintenance,fault detection,bearing,maskininlärning,autoencoder,long short-term memory,prediktivt underhåll,feldetektering,lager
Lindberg, Adam;496;1597259;
Gerholm, Gustav;497;1597259,1710481;mint project,pose estimation,video annotating,hyperpose,3d-distance approximation,mint-projektet,poseuppskattning,videoannotering,hyperpose,uppskattning av 3d-sträcka
Khan, Alina;ed97b019-2219-4419-86a0-3a3c0235ef60;1900413;datormoln,multi-moln,devops,docker,kubernetes,amazon web services,microsoft azure,infrastruktur som kod,terraform,gitlab,continuous integration,continuous delivery och continuous deployment,elastic kubernetes service,azure kubernetes service
Duberg, Daniel;498;812006,1176285;unmanned aerial vehicle,safe navigation,tele-operated,robotics,drones,uav,indoor,collision avoidance,human-uav interface,interface,human-robot interface,computer science
Tideström, Jakob;499;812006;
Molin, Eric;8e934549-0413-4c7d-a259-6751f0219250;1037481;single-page application,framework,javascript
Fournier, Camille;e9926f5d-8df4-46b1-8a3b-34410f2c55ee;1474729;
Kratz, Jakob;500;1595833,1847463;radius search,spatial partitioning,agent- based simulation,boids,grid,kd- tree,quadtree,maximum velocity,radius search,spatial partitioning,agent- based simulation,boids,grid,kd- tree,quadtree,maximum velocity,algorithms,computational geometry,dynamic pr-tree,query performance evaluation,algoritmer,beräkningsgeometri,dynamiskt pr-träd,prestandautvärdering
Luthman, Viktor;501;1595833;radius search,spatial partitioning,agent- based simulation,boids,grid,kd- tree,quadtree,maximum velocity,radius search,spatial partitioning,agent- based simulation,boids,grid,kd- tree,quadtree,maximum velocity
Karlsson, Herman;502;1464060;
Williams, Sebastian;503;1464060,1778279;javascript,utility library,ecma,performance,web,benchmarking,javascript,verktygsbibliotek,ecma,prestanda,webb,benchmarking
Adzemovic, Haris;504;1112146;
Sandor, Alexander;505;1112146,1230535;blockchain,iot,public key encryption,public key infrastructure
Filipsson, Melker;507;1111865;
Janse, August;508;811171;
Redgert, Rebecca;509;811171,1108255;data warehouse,data quality,semiotic theory,syntactic quality,semantic quality,pragmatic quality,strategic decision making,quality framework,guiding principles
Romuld, Daniel;510;811948;
Ruhmén, Markus;511;811948;
Öhman, Joey;512;1653044;probabilistic programming languages,sequential monte carlo,gpu compilation
Kudlicka, Jan;513;1653044,1356912;probabilistic programming languages,sequential monte carlo,gpu compilation
Senderov, Viktor;514;1653044;probabilistic programming languages,sequential monte carlo,gpu compilation
Department of Zoology, Stockholm University, Stockholm, Sweden);74677e74-63e7-49a8-98fc-d158df7edd7c;1653044;probabilistic programming languages,sequential monte carlo,gpu compilation
Sirak, Simon;e0cdb6bc-6104-47f6-9b06-1999b19c061c;1616660;object detection,low data regime,complementary labels,deep learning,objektdetektion,låg dataregim,komplementära etiketter,djupinlärning
Ingverud, Patrik;23118475-78bb-421c-9958-432497bd0ffd;1231616;recommender systems,convolutional neural network,matrix factorization
Hagerf, Alexander;875a3553-71a0-49fc-b91f-c18169812320;827501;machine learning,statistical,herbrand,relational,ilp,kreator,learning,bayesian,logic,program,balios,complexity,blp,srl,foi,maskininlärning,relationslärande,relationer,logik,komplexitet,bayesiansk
Linde, Oskar;515;465703;image descriptor,histogram,object recognition,object categorization,gaussian derivative,spatio-chromatic derivative,differential invariant,spatio-chromatic differential invariant,image feature,colour feature,scale-space,cue combination,multiple cues,multi-scale representation,computer vision
Schaefer, Ina;516;459635;distributed systems,event-b,fault injection,model checking,software verification
Ait Lahmouch, Nadir;ecd03864-6222-4bba-b622-d65c34fe456c;1650794;natural language processing,deep learning,bert,knowledge distillation,pruning.
Bergdorf, Johan;517;812016;
Norman, Jesper;518;812016;
Åslund, Jacob;519;1464528;
Dahlin, Anton;520;1464528;
Wall, Paul;c9e8d941-e39c-4d9e-8a73-6a45a29e715c;1705230;waveholtz iteration method,helmholtz equation,discontinuous galerkin methods,underwater acoustics.,waveholtziterativametod,helmholtzekvation,diskontinuerligagalerkinmetoder,undervattensakustik.
Huss, Mikael;c475253a-9615-486d-88ac-8b7e0d914abb;12226;
Dabbaghchian, Saeed;846;1263713,1263534,1352328,1263543,1471890,971288;vocal tract,upper airway,speech production,biomechanical model,acoustic model,vocal tract reconstruction,speech,tongue,muscle activation,electromagnetic articulography,biomechanics,vowel-vowel utterances,voice production,finite element method,biomechanical articulatory model,vocal tract geometry,vocal tract acoustics,finite element method
Sandström, Malin;932ab8d9-b73c-4b58-89f4-198767a565b1;301250,12177;olfaction,olfactory system,olfactory bulb,olfactory receptor neuron,synchronization,camkii,mathematical modelling,lukt,luktsystemet,luktbulben,synkronisering,camkii,matematisk modellering,synchronisation,camkii
Elias, Isaac;850866f1-2451-4ab4-8360-6d3d7dcd8f80;11046;distance methods,tree reconstruction,sorting by transpositions,multiple alignment,ancestral sequences
Mossler Rockström, Martin;9db9802d-215f-4162-82db-5fe1a571ea8f;1201228;optimisation,spoon,utensils,disability aids,shape adaptation,visualisation,optimering,sked,bestick,hjälpmedel,formanpassning,visualisering
Samuelsson, Axel;521;812097,1116701;spelling correction,edit distance,search,music,spotify,trie,damerau,levenshtein
Hellgren, Robin;522;812097;
Hjorth, Johannes;b6efce97-c460-4fb0-b1f9-4aac46d57dd8;218751;striatum,fast spiking interneurons,medium spiny projection neurons,gap junctions,interoperability,music
Harischandra, Nalin;812a2db0-ad57-45ef-a373-05487a08e420;13466,454870;locomotion,computer simulation,central pattern generator,muscle activation,linear transfer functions,sensory feedback,neural control,locomotion,computer simulation,central pattern generator,system identification,gait transition,sensory feedback,spiking neural networks
Björkman, Carl;573777d5-d619-4b58-aaf5-f1d9e1b48faf;1120444;control flow analysis,tableau system,theoretical computer science,program verification,compositional verification,static analysis,control flow
Hjerpe, Adam;5ec70a8c-c9fa-453e-86a4-c39301cde5ee;921542;machine learning,ml,variable importance,vim,random forests,rf,feature selection,variable selection,exploratory data analysis,eda
Lindeberg, Tim;8be80afe-c4c7-47c4-a906-bca89ff28a8f;947325;eye tracking,eyetracking,gaze contingent,depth of field,level of detail,tessellation,3d grahpics,computer graphics,foveated rendering
Sorkhei, Moein;03aaea0a-1eb0-468c-b611-500bafa9ab3a;1517805;
Austrin, Per;b12612a6-0d7b-4559-ad00-5e1fa097deff;114147;
Ceylan, Ciwan;1716;1139156,813801;noise-contrastive estimation,nce,unnormalised models,statistical estimation,natural image statistics,unsupervised learning,neural network
Socolovschi, Serghei;523;1602304;electrical and electronic engineering,biochemistry,instrumentation,atomic and molecular physics,and optics,analytical chemistry
Bwogi, Andrew;524;1105877;
Dagdelen, Tuncay;525;1105877;
Kamelabad, Alireza M.;526;1928995;human-robot interaction,conformity,influential agent,multiparty interaction,child-robot interaction,education,trust
Skantze, Gabriel;528;1928995,1338264,1141130;human-robot interaction,conformity,influential agent,multiparty interaction,child-robot interaction,education,trust
Zhao, Xin;529;1500064,1524375;consistency types,replicated data types,distributed programming,information-flow security,programming languages,distributed systems,type system,replicated data types
Haller, Philipp;530;1500064,1054689,1054687,1556115;consistency types,replicated data types,distributed programming,information-flow security,syntax,ambiguity
Ingemarsson, Gabriel;531;1106927;
Kodet, Rickard;532;1106927;
Blomstrand, Mikael;6dff3848-cbdc-4834-b492-a317e504c217;1247320;scala,dotty,compiler,jvm,mållgan,final,immutable
Castañeda Lozano, Roberto;7613b40e-a464-40f5-beca-88574f6e3cb6;1232941,758121;constraint programming,combinatorial optimization,register allocation,instruction scheduling,compiler construction
Lioubartsev, Dmitrij;e90fcb31-d28f-41a2-83aa-8c300fe35d0e;945222;computer algebra system,step-by-step solutions,artificial intelligence,pedagogy,high school mathematics,datoralgebrasystem,steg-för-steg-lösningar,artificiell intelligens,pedagogi,gymnasiematematik
SETTERQUIST, DAN;533;668690;
SKEPPSTEDT, PETER;534;668690;
Edlund, Joakim;535;811554;
Berntsson, Fredrik;536;811554,753639;
Hagrot, Joel;538;927446;
Eriksson, Fredrik;c4b2f17f-5617-4777-8908-4616cf3485f9;703027;
Abdelmassih, Christian;929a072b-26b5-4185-b0ba-3a0d40479c66;1231856;application isolation,container escape,kubernetes network segmentation,applikationsisolering,container escape,kubernetes nätverkssegmentering
Fahlander, Per;6752b167-9837-409d-85ed-4f1e16edd93b;1631401;mal,corelang,incident response,containment,threat modelling
Nadjar, David;fbb8ef7d-37bb-4e47-a4a3-557f176697d6;1749269;systemverilog,content assist,auto-completion,hardware development language (hdl),sigasi,eclipse,ordering,systemverilog,content assist,automatisk komplettering,hårdvarubeskrivningsspråk (hdl),sigasi,eclipse,ordning
Lindström, David;7f90781d-304c-4351-bdb0-5699b207dbed;1186070;recommender system,content based filtering
Chemeque Rabel, Marine;fdf43efd-a3e3-4171-a72f-9cfb7ab39f9d;1515217;
Wu, Dan;23da3893-2516-4a78-b0c5-73be39170ae1;755363;ontology integration,semantic and pragmatic integration,context,knowledge base,rules
LINDSTEDT, GUSTAF;539;668859;
RUNELÖV, MARTIN;540;668859;
Baheux, Ivan;36294efc-0e3b-49b0-a0bc-aaab7054630e;1778255;android application security,vulnerability detection,context-awareness,model-based security testing,domain specific language,sécurité des applications android,détection de vulnérabilités,sensibilité au contexte,tests de sécurité basés sur les modèles,langage dédiés,android-applikationssäkerhet,upptäckt av sårbarheter,kontextmedvetenhet,modellbaserad säkerhetstestning,domänspecifikt språk
Lauri Aleksi Törnwall, Mikael;14bcac47-845a-46b7-8b08-f014be7047fb;1801471;chatbot,artificial intelligence,machine learning,language model,large language model,gpt-3,natural language processing,text summarization,dialogue summarization,prompt design,prompt programming,chatbot,artificiell intelligens,maskininlärning,språkmodell,stor språkmodell,gpt-3,naturlig ppråkbehandling,textsammanfattning,sammanfattning av dialog,design för inmatningsprompt,inmatningsprompt programmering
Luong Phu, Henry;0ee63a25-1ccd-4184-8092-434cbb1a23c0;1608149;software quality,static analysis,rule violation,automated repair,kvalitetssäkring,statiskt analys,regelbrott,automatisk reparation
LI, ZHEN;8fbca5b0-6252-47ab-8ee5-04ea5a9c1450;762870;
Sanchez Llado, Ferran;a28e942d-7f0a-4d0b-9d85-def80a9c4b67;1887432;machine learning,natural language processing,game ai,llm agents,reinforcement learning,maskininlärning,bearbetning av naturligt språk,ai för spel,llm-agenter,förstärkningsinlärning
Dubus, Gaël;1437;485806,465549,646701,465516,465427;modelling,nuclear,fuel,pwr,numerical,solver,convergence,qualification,sonification,rowing,sculler,sports,accelerometer
Wynen, Daan;92812e47-09fb-449b-bcd9-254ffd12e470;862363;convolutional kernel networks,convolutional neural networks,kernel methods,action recognition,computer vision,video
Ericsson, Andreas;541;1597512;convolutional neural network,cnn,breast cancer,computer aided diagnostics,data augmentation
Döringer Kana, Filip;542;1597512;convolutional neural network,cnn,breast cancer,computer aided diagnostics,data augmentation
Nikou, Alexandros;543;1040226,1776790;
Tumova, Jana;544;1040226,1649271,1776790,1578330,1578019,1932900;autonomous vehicle navigation,formal methods in robotics and automation,human factors,human-in-the-loop
Jonsson, Jacob;a3690660-099e-4cfd-b976-7a2728d7efc3;1281586;nlp,gan,gans,genertive adversarial networks,cot,cooperative training,generative models,language models
Bhatnagar, Kunal;545;1597402,1837768;adaptive sparsity,computational neuroscience,rewiring,structural plasticity,brain-like computing,neural networks,hebbian learning,adaptiv gleshet,beräkningsneurovetenskap,omkoppling,strukturell plasticitet,hjärnliknande beräkning,neurala nätverk,hebbskt lärande
Vällfors, Lisa;27286064-80a0-4e95-acaf-241a1e5205fd;1646064;natural language processing,information extraction,machine learning,random forests,coreference resolution,språkteknologi,informationsextraktion,maskininlärning,beslutsträdsinlärning,koreferenslösning
Borgström, Johannes;547;1539632;probabilistic programming,sequential monte carlo,operational semantics,functional programming,measure theory
Jacobson, Olof;ccaec948-f568-4087-a053-69ff85afb0d6;947314;
Isacson, Jonas;548;1107363;
Lindblom, Emil;549;1107363;
Franovic, Tin;d14de8dd-84cc-44cd-9dd0-8ac525ab2652;702436;
Luo, Yulian;946f3464-26d2-4200-abdd-cedd4db97d0a;1739088;literature-mining,single page application,graph database,litteraturbrytning,ensidig applikation,grafdatabas
Lundström, Anders;550;1477557;
Fernaeus, Ylva;551;1477557,974491;interaction design,impermanence,incompleteness,imperfection,wabi-sabi,materiality,design practice
Windlin, Charles;552;1477557;
Bogdan, Cristi;553;1477557;
Nikolic, Vladan;b0598c88-03d6-49e8-b253-ff1d1e7e20ec;865639;graph database,documents,ner,named entity recognition,named entity recognizer,relations
Eklund, Anna;554;1105777;
Jacobsson, Sofia;555;1105777;
Ramberg, Erik;3f1ef9cf-a3fc-4389-969d-98fdebbac13e;808066;qa,testing,quality assurance,scrum,software development,qa,testning,kvalitet,systemutveckling
Bouvin, Daniel;556;1700274;banking,behavior,behaviour,credit modelling,klarna,logistic regression,machine learning,neural networks,random forests,xgboost
Hamberg, Erik;557;1700274;banking,behavior,behaviour,credit modelling,klarna,logistic regression,machine learning,neural networks,random forests,xgboost
Megzari, Abdelmoujib;c2b138b5-0231-4d0d-bf91-018581d21359;1887932;critical node detection problem,critical node problem,particle swarm optimization,discrete partical swarm optimization
PÅLSSON, MÅRTEN;32c4d495-60fc-41d0-95ee-476c323bc910;754436;
Freider, Elias;a0b6cfe7-779c-4882-8a63-8294b54f9634;822446;navigation,path finding,crowd movement
Nguyen, Kim;62388c26-35a4-4f47-9779-28266e5f5bbe;668818;
LAGRÉE, PAUL;ca46ef96-d561-44be-ac43-94a2ed811bca;753259;
Poromaa, Erik Ragnar;fcd0a932-f369-484f-8c93-62aa293d93af;1093469;mcts tree search simulation
Larsson, Martin;1276;1784230,1593563;contraction hierarchies,customizable contraction hierarchies,vehicle routing problem,battery electric vehicles,mixed fleet,kontraktionshierarkier,anpassningsbara kontraktionshierarkier,ruttplanering,batteridrivna elfordon,blandad fordonsflotta,natural language processing,unsupervised learning,sentiment analysis,word embeddings,readability,språkteknologi,oövervakad inlärning,sentimentanalys,ordinbäddningar,läsbarhet
Jalap, Joakim;6b0fad5e-d4a7-410a-96ce-4f9a55c00021;754558;
Lindberg, Christian K. K.;dc6239ea-5c12-4f35-b65d-26499d21c62b;1820233;cybersickness,virtual reality,mixed reality,flight simulator,military,cybersjuka,virtuell verklighet,blandad verklighet,flygsimulator,militär
Uhlir, Adam;8cc4126d-7b84-4e63-8d6c-522ab6ed713c;1149005;
Moosbrugger, Paul;179dccfd-96d5-4e51-b1ad-e55cfb28255e;1799661;prototype pollution gadgets,dynamic taint analysis,forced branch execution,nodeprof instrumentation,truffle/graaljs
Stahre, Mattias;591;1710483,1432272;deeplearning,machine learning,dataset collection,annotation,labeling,transformer network,multi-modal,computer vision,natural language processing,embedding,layoutlmv2,docbank,djupinlärning,maskininlärning,datasamling,annotering,märkning,transformernätverk,multi-modulär,datorsyn,naturlig språkbehandling,inbäddning,layoutlmv2,docbank,cluster analysis,dbscan,parallelization,signal separation,unsupervised learning,klusteranalys,dbscan,parallellisering,signal separation,oövervakat lärande
Östlund, Fredrik;558;1700888,1897036;machine learning,supervised learning,reinforcement learning,power quality,statcom,maskininlärning,väglett lärande,förstärkningsinlärning,elkvalitet,statcom
Fahlman, Erik;559;1700888,1909318;large language model,tree of thought,analogous thinking,problem-solving,zero-shot problems,stora språkmodeller,avsiktsträd,analogt tänkande,problemlösning,initialförsöksproblem
Corcoran, Diarmuid;560;1199106;
Andimeh, Logman;561;1199106;
Ermedahl, Andreas;562;1199106;
Kreuger, Per;563;1199106;
Schulte, Christian;564;1199106,1468946;assembly manufacturing,constraint programming,robot planning and scheduling
Ramambason, Maia C.;e1ea4bd2-964c-4b83-ad1b-dffe4c91bc3d;1911804;energy communities,data physicalisation,sense-making,electricity representations,energigemenskaper,datafysikalisering,meningsskapande,representationer av elektriciteten
Jonsson, Therese;684b0d13-1a10-496d-9d74-c94efa9b41f1;1462909;
Gürdür, Didem;565;1179482;data visualization,information visualization,supply chain,automated warehouse,intelligent agent,cyber-physical systems,dashboard design,soar
Raizer, Klaus;566;1179482;data visualization,information visualization,supply chain,automated warehouse,intelligent agent,cyber-physical systems,dashboard design,soar
El-khoury, Jad;567;1179482;data visualization,information visualization,supply chain,automated warehouse,intelligent agent,cyber-physical systems,dashboard design,soar
GOUCHER, DANIEL;56c6202a-4fb4-4b52-9703-f1384d2c1894;753563;
HANSSON, KARL;4d32557c-4db0-487d-9cee-2a5ab24bd5d8;700143;
Nordmark, David E.G.;bb0ad707-783f-43d4-b1e8-9971a85df432;1784232;megaproject,small sample size,project management,random forest,critical success factors,feature selection,recursive feature elimination,megaprojekt,små dataurval,projektledning,random forest,kritiska framgångsfaktorer,variabel urval,rekursiv variabel eliminering
Chen, Xi;0dfd11d5-3cc7-4944-bab4-cd0faf6eb8d3;1501390;
Bonino Quintana, Joaquin;568;1464474;
Fagerlind, Sebastian;569;1464474;
Grana Gutiérrez, Braulio;310f7553-ce1f-4c94-90d9-9fcc43308e95;1149125;
Castro Leiva, Luis Alfonso;d4f7acc8-55f8-4472-bd35-b957ae6f0783;1164147;
Shafaat, Tallat Mahmood;ad19f415-93b3-4f29-b4db-1b5512078389;211208;structured overlay networks,distributed hash tables,dhts,network partitions,network mergers,network size estimation,lookup inconsistencies,gossiping
Boskos, Dmitris;570;936296;
Josilo, Sladana;571;1295997;computation offloading,fog computing,game theory,task placement,decentralized resource management
Dan, György;572;1295997;computation offloading,fog computing,game theory,task placement,decentralized resource management
Listo Zec, Edvin;c8cf4da5-5bef-4dc7-9d88-f6e659fcbaf0;1921206;decentralized learning,federated learning,deep learning,machine learning
Ramirez, Adrian;0acb5d17-622d-4a77-956d-98ae6bed002e;1149120;community detection,unbalanced communities,adaptive diffusion,decentralized algorithm,gemenskap detektering,obalanda gemenskaper,adaptativ diffusion,decentraliserad algoritm
Löf, Marcus;926;1116772,810822;blockchain colored coins transport industry bitcoin smart-property
Alkathiri, Abdul Aziz;573;1543377;
Giaretta, Lodovico;574;1543377,1751023;
Sahlgren, Magnus;575;1543377;
Schiess, Daniel;10bf7083-91fe-4956-b082-6b8f3655b225;703194;
Chen, Jingsheng;8f0e1588-7784-4e3a-8103-18079bb69942;1725013;highway driving scenario,autonomous driving,decision-making,hierarchy finite state machine,prediction algorithm,scenario för motorvägskörning,autonom körning,beslutsfattande,hierarkisk finite state machine,prediktionsalgoritm
Nordström, Didrik;ccc00b08-891b-436c-9478-d07fafa32326;842293;parameter,setting,declarative programming,lazy execution
Grenfeldt, Mattias;687;1841733,1596031;decompilation,go,runtime metadata,reverse engineering,dekompilering,go,körtidsmetadata,reverse engineering
Zhao, Wenquan;a0a29374-fc1a-4aae-a29c-b1dc5dbdbc23;1135693;active learning,deep learning,text classification
Gamba, Matteo;576;1857952,1882587,1936627;privacy,inference,homomorphic cryptography,integritet,slutledning,homomorfisk kryptografi
Englesson, Erik;577;1857952,1857950,1857944;label noise,noisy labels,robustness,gaussian noise,classification,log-ratio transform,compositional data analysis
Karimi Valdani, Adrian;33bc4678-38ae-4959-92f2-6139850a3d3b;1912371;deep learning,3d convolutions,football action recognition,djupinlärning,3d faltning,aktivitetigenkänning fotboll
Karlbrg, Tobias;578;1795168;deep learning,u-net,earthquake-induced building damage,vhr satellite imagery,djup maskininlärning,u-net,byggnadsskador,jordbävning,satellitbilder
Malmgren, Jennifer;579;1795168;deep learning,u-net,earthquake-induced building damage,vhr satellite imagery,djup maskininlärning,u-net,byggnadsskador,jordbävning,satellitbilder
Carpentier, Benjamin;ac784305-bb05-48d3-982a-817bef1e57e1;1584546;satellite image time series,remote sensing,land cover classification,deep learning,convolutional neural network,tidsserier av satellitbilder,fjärranalys,classificering,djupinlärning,konvolutionelltneuralt nätverk
Mellberg, Robert;637;1713873,1605633;5g,deep learning,machine learning,predictions,electrical power,5g,djupinlärning,maskininlärning,förutsägelser,elektrisk effekt
Moazez Gharebagh, Sara;563ac16f-8558-4548-b419-3144c2526d97;1789091;tensorflow.js,javascript,artificial neural networks,deep learning,recurrent neural networks,long short-term memory,gatedrecurrent units,tensorflow.js,javascript,artificiella neurala nätverk,djupinlärning,recurrent neural networks,long short-term memory,gatedrecurrent units
von Essen, Benjamin;479cd90f-1d1c-4aa7-91ca-5ee38274905c;1700265;lstm,empirical asset pricing,deep learning,representation learning,neural networks,lstm,empirisk tillgångsvärdering,djupinlärning,representationsinlärning,neurala nätverk
Coots, Ian;db1b6775-e341-44a3-b1c0-fcef0c0cd5e4;813615;
Cumbane, Silvino Pedro;580;1908969,1909001;processing frameworks,mobile call detail records (cdr),displaced population,disaster response,covid-19,deep learning,bilstm model,centrality measures,bearbetningsramverk,detaljerade register av mobilsamtal (cdr),förflyttad befolkning,katastrofinsats,covid-19,djupinlärning,bilstm-modellen,centralitetsmått
Bahceci, Oktay;1463;1118011,811087;information filtering,information retrieval,search engine,search engines,recommendation,music recommendation,personalized recommendation,personalised recommendation,context aware recommendation,recommender systems,statistical learning,artificial intelligence,machine learning,deep learning,neural networks,artificial neural networks,feed forward neural networks,convolutional neural networks,recurrent neural networks,deep neural networks,embedding,statistical learning,artificial intelligence,neural network,machine learning,support vector machine,twitter,stock forecasting.
Meldau, Eva-Lisa;27a0b340-f51e-426c-b62a-20c9a9d9e93f;1185934;de-identification,deep learning,recurrent neural networks,natural language processing,pharmacovigilance,medical language processing,privacy protection,adverse drug reactions
Eklind, Anna;197fbc33-f5c1-4a30-8600-06094f8e7819;1468018;
Ganesan, Aishwarya;c417e9f4-4a2f-4ff4-89fe-758dd8d4fa07;1856442;lane detection,deep q-learning,lane localization,reinforcement learning,filavkänning,djupinlärning med q-lärande,fillokalisation,förstärkningsinlärning
Finnman, Peter;582;927740;
Winberg, Max;583;927740;
Ammouri, Kevin;de9bd8bb-3c2a-4185-be5d-725e08a3ca6e;1590898;deep reinforcement learning,adversarial attacks,optimal attacks,building control,optimal control,energy efficiency,djup förstärkande inlärning,adversarial attacker,optimala attacker,byggnadskontroll,optimal kontroll,energieffektivitet
Serra, Franco;eacf234d-7262-4700-a9ce-da5389d27447;1707448;feature extraction network,visual odometry,imu,neural network,pose estimation,feature extraction,visuell odometri,imu,neuralt nätverk,poseuppskattning
Sundström, Isak;46b31d70-95dd-4e25-a128-f660629a2dab;1801193;deepfakes,face swap,lip sync,user study,deepfakes,face swap,lip sync,användarstudie
Babiker, Ayah;584;1894322;artificial intelligence,deepfake technology,infosec,scam,disinformation,artificiell intelligens,deepfake teknologi,informationssäkerhet,bedrägerier,desinformation
Basta, Tina;585;1894322;artificial intelligence,deepfake technology,infosec,scam,disinformation,artificiell intelligens,deepfake teknologi,informationssäkerhet,bedrägerier,desinformation
HEGSTAM, BJÖRN;7bc2f563-aceb-412d-b50c-5c18ceb8e71b;699691;
Hellström, Per;586;817838;
Jaccopucci, Victor;587;817838;
GALLART DEL BURGO, ADRIÀ;7db62d8b-b176-4c99-becc-a11a38744796;703068;
Alenskog Berg, Christoffer;588;1463781;
Tomsic, Niklas;589;1463781,1701492;wireless keyboards,penetration testing,radio frequency analysis,crazyradio,mousejack,enhanced shockburst,trådlösa tangentbord,penetrationstest,radiofrekvensanalys,crazyradio,mousejack,enhanced shockburst
Huang, James;872f94d4-3af0-4b4f-a1e4-2542280e60ea;668923,769349;
Poklukar, Petra;592;1659725,1636088,1659731,1659746;representation learning,machine learning,embedding and representation learning,algorithms evaluation,generative models,geomca,representation learning,machine learning,multimodal,contrastive learning,representation learning,machine learning,generative models
Murray, Lawrence;593;1356912;
Schön, Thomas;594;1356912;
Hansen, Johanna;23d91adc-6c81-4faa-8647-90af3c8f741e;1848840;wetland delineation,satellite image segmentation,convolutional neural networks,pre-training,deep learning,remote sensing,avgränsning av våtmarker,segmentering av satellitbilder,konvolutionella neurala nätverk,förträning,djupinlärning,fjärranalys
Jägberg, Isak;595;817831;
Stichel, Mats;596;817831;
Johansson, Fredrik;d88c0e9a-cd9e-438b-9096-0edc8919fcbd;1230219;deniable encryption,security
Axelsson, Natalie;1196;1469911,1215852;
Weissenböck, Stephan;523b81c6-7eec-4c4b-857b-154316432d9d;1811243;data analysis,enceladus,plumes,atmosphere,jwst,nirspec,ifu,infrared spectroscopy,dataanalys,enceladus,plym,atmosfär,jwst,nirspec,ifu,infraröd spektroskopi
JANSSON, LUDVIG;597;770327;
ENGSTRÖM, ROBIN;598;770327;
DEL CARMEN MOLLA GARCIA, MARIA;807e3e13-241e-458a-9a33-664f7a81c931;699637;
Huang, Ying Ying;181eb22f-8a65-462c-a12d-edc25d0be0e5;321168;multimodal interaction,3d worlds,haptics,audio,visually impaired users,collaboration,navigation
Dowling, Gustav;995be3eb-d0c2-40fb-8aa7-480cb0314ac6;1702838;overall equipment efficiency,assembly manufacturing,automotive industry,supervisory control and data acquisition,information systems,downtime management,overall equipment efficiency,monterings produktion,fordonsindustri,supervisory control and data acquisition,information systems,stopptidshantering
Byström, Markus;bc3d6c76-6b3f-4476-9068-efb90a7709e9;757033;
Säfström, Pelle;82c005b0-d162-43cc-ac4b-38cf2456adbb;680761;
Tholsby, Ellen;01a9a717-a678-4624-a1ef-e76715db5767;1789930;video editing,collaboration,user interface design,workspace awareness,videoredigering,samarbete,design av användargränssnitt,arbetsplatsmedvetenhet
Poncet, Thomas;91901b04-eda1-4dce-b51a-c7d32df9451c;1884557;computer security,encryption,configuration management,key management,datasäkerhet,kryptering,konfigurationshantering,nyckelhantering
BESADA, JOEL;4f65b447-2ff3-4ad7-8a26-18c5bda66fef;669114;
Abrahamsson, Felix;f602cf68-45a9-4131-a384-1348b0899a20;1229461;question answering,deep learning,machine learning,transfer learning,natural language processing,technical consulting,word embeddings,divide and conquer
Rybak, Jakub;4a1e09f3-f685-4a13-94d7-8b3374d1adf8;1884879;software,python,stock,fastapi,mongodb,pydantic
Grape, Felix;e841d08e-11bd-432f-90dc-4003822adb85;1156638;iot,internet of things,access control system,security,generic,remote procedure call,rpc,access control,distributed access control,decentralized access control,generic access control system,sakernas internet,accesskontrollsystem,accesskontroll,generisk accesskontroll,generisk
Hadzialic, Dennis;6f4a517a-f60d-4b6d-81b9-a512eb5a86b3;1885075;software engineering,spatial data managment,node.js,docker,postgis,geojson,google cloud platform (gcp),mjukvaruutveckling,hantering av rumslig data,node.js,docker,postgis,geojson,google cloud platform (gcp)
Andrée, Jonas;599;916500;embodied sculpting,user experience evaluation,haptic feedback,multimodal feedback,depth-sensor-based interaction,volume rendering,digital crafting
Peters, Christopher;600;916500,1539659;embodied sculpting,user experience evaluation,haptic feedback,multimodal feedback,depth-sensor-based interaction,volume rendering,digital crafting,embodied conversational agents,face threatening acts,multi-modal perception,persuasiveness,politeness,small group behavior,daily lives,face to face,human agent interactions,virtual agent,intelligent virtual agents
Thuresson, Björn;601;916500;embodied sculpting,user experience evaluation,haptic feedback,multimodal feedback,depth-sensor-based interaction,volume rendering,digital crafting
Green, Anders;4187b8ae-d27c-4dc9-beba-8a9a87b6f075;158201;human-robot interaction,human-robot communication,natural language user interfaces,interaction design
Svensson, Emma;8f075676-be41-4bb0-b01c-6998e220eb83;1887674;human-computer interaction,tracking,polycystic ovary syndrome,människa-datorinteraktion,spårning,polycystiskt ovarialsyndrom
Lindborg, Emelie;cfbe4b11-a16f-426a-8fc2-f92eb78327c7;1788177;user engagement,design thinking,digital financial services (dfs),young adults,användarengagemang,designtänkande,digitala finansiella tjänster (dfs),unga vuxna
Jansson, Frida;d499746a-1f91-43fc-a75e-7bcf708c7423;1886980;api,api documentation,user experience,user-centred design,api,api dokumentation,användarupplevelse,användarcentrerad design
Axelsson, Philip;d4272799-86df-44ac-858d-f16b27c47e9d;1900417;energy literacy,energy consumption visualisation,energikunskap,visualisering av energiförbrukning
Sigtryggsdóttir, Hallbjörg Embla;d71d950b-bc48-4f64-8578-767c2d3c4ff9;1820240;water,design toolkit,interaction design,waterhci,soma design,research through design,vatten,designverktygslåda,interaktionsdesign,waterhci,soma design,forskning via design
Hedlund, Martin;512e319d-8023-428b-98cd-731fde4504e3;1159190;virtual reality,walk-in-place,locomotion
Behnam, Humam;753;1710648,1463854;kanban board,sticky notes,computer vison,opencv,feature detection,feature matching,canny edges,contours,perspective transformation,text detection,kanbantavla,klisterlappar,datorseende,opencv,funktionsdetektering,funktionsmatchning,cannykanter,konturer,perspektivförvandling,textigenkänning
Kärrby, Andreas;602;1464490;
Tennander, Maja;603;1464490;
Kim, Seonghyun;d7e7cfe7-1ee3-4376-b7ac-a2fcd8c534e9;893861;
Jamil Ahsan, Adnan;604;1464612;
Landberg, Daniel;605;1464612;
Lu, Anton;c87fd06c-5bbd-418a-8f9c-7cdb3946be13;1728663;rail defect detection,rail image classification,rail joints,object detection,image classification,deep learning,järnvägsfeldetektering,järnvägsbildigenkänning,järnvägsskarvar,objectigenkänning,bildklassificering,djupinlärning
Stigeborn, Olivia;606;1464590,1589461;natural language processing,word embedding,resume ranking,semantic meaning,språkteknologi,ordinbäddning,cv rankning,semantisk betydelse
Wallberg, Frida;607;1464590;
Tieu, Benny;933;1616670,811049;enterprise architecture smell (ea smell),enterprise architecture debt (ead),software architecture smell (sa smell),technical debt (td),verksamhetsarkitektursröta,verksamhetsarkitektursskuld,mjukvaruarkitektursröta,teknisk skuld,slope one,recommender system,collaborative-filtering,netflix prize
Grippe, Edward;608;811913;
Lönnerberg, Mattias;609;811913;
Nabeel, Mohamad;65cfcace-dba8-48f6-8894-5a1e9c7832c1;1804295;diffusion models,anomaly detection,telecommunication,time series,diffusionsmodeller,anomalitetsdetektering,telekommunikation,tidsserier
Jóhannsson, Jökull;e27c2ddc-abca-4f1a-8adf-283fa56e0b07;1189805;fraud,machine learning,random forest,neural network,fraud detection,music
Sahindal, Boran;610;1107956;
Hamra, Sam;611;1107956,1517798;
NÄSMAN, MARKUS;1d08fb60-27da-4dc2-aded-1babef829fbc;699767;
Bouaddi, Hilaire;3c474189-81d6-4b5a-b3e8-7c9fd9a83774;1704349;latency,hypervisor,container,virtualization,real-time applications,kvm,scheduling,latence,hyperviseur,conteneur,virtualization,applications en temps réel,kvm,planification,latens,hypervisor,container,virtualisering,realtidsapplikationer,kvm,schemaläggning
Klasmark, Jacob;93433bb7-7937-491c-8cc1-b6f1d6f1aaa5;1727824;obfuscation detection,powershell,natural language processing,machine learning,security operations center,obfuskeringsdetektion,powershell,natural language processing,maskinlärning,security operations center
Albrektsson, Fredrik;eab4bb23-3246-48be-b260-616d17a03dac;1107323;nlp,plagiarism detection,twitter,sockpuppets
Liljekvist, Hampus;6af12c79-1deb-41f3-97e2-b33be3ad1ad1;947287;detecting,finding,synchronisation,desynchronisation,out-of-sync,problems,issues,bugs,errors,network,lockstep protocol,multiplayer,video games,fuzzing,ai,artificial intelligence,testing,debugging,nondeterminism,log file analysis,dynamic program analysis,test automation,checksums
Bäckström, Sandra;612;927736,1270634;time series prediction,lstm,mlp,svr,arima
Fredin Haslum, Johan;613;927736;
Brolin, Morgan;614;1105785;
Ledin, Erik;615;1105785;
Wålarö, Johannes;ebfc5d57-9ded-43b4-be38-165793f7a428;812148;
Oliveira Franca, Matheus;88170619-e17c-4842-8e24-42c28b1cadeb;1595278;suggestive image recognition,deep learning,nsfw,cnn,förslag på bildigenkänning,deep learning,nsfw,cnn
Losch, Max;5a42cb8b-3d42-4e32-96e9-a04016226b37;853460;deep learning,cnn,convnets,convolutional neural networks,metastases,computer vision,brain tumor,medical imaging,mri
Khudur, Alan;d01abd6f-45eb-4b18-8f8d-3c83fac5cf4c;1884563,1886977;passive intermodulation (pim),signal distortion,radio communication systems,frequency-division duplexing (fdd),signal-to-noise ratio (snr),gaussian mixture estimation from weighted samples,time delay estimation (tde),passiv intermodulation (pim),signaldistorsion,radiokommunikationssystem,frequency-division duplexing (fdd),signal-brusförhållande (snr),gaussian mixture estimation from weighted samples,tidsfördröjning,passive intermodulation (pim),signal distortion,radio communication systems,frequency-division duplexing (fdd),signal-to-noise ratio (snr),gaussian mixture estimation from weighted samples,time delay estimation (tde),passiv intermodulation (pim),signaldistorsion,radiokommunikationssystem,frequency-division duplexing (fdd),signal-brusförhållande (snr),gaussian mixture estimation from weighted samples,tidsfördröjning
Wang, Huijie;c64ea624-49ee-42eb-a5a0-2a7200736baa;1141864;machine learning,convolutional neural network,deep learning,human detection,computer vision
SHARMA, RISHIE;3eb20c86-7a55-446d-a8dc-0c76891a29c5;763254;
Jawad, Dina;1442;1117695,811568;web api,scraping,machine learning,supervised learning,web api content scraping,ddos,application layer,speak-up,denial-of-service,cyber attack
Wennlöf, Håkan;616;755031;
Karipidou, Kelly;617;755031,866153;machine learning,gaussian processes,statistical modelling,classification,motion capture
Annica, Ivert;47e787ac-d149-4238-8960-e72eeba4c9a5;919823;genetic programming,attribute selection,permutation test,genetisk programmering,atttribut,relevansbestämning,permutationstest
HOLMBERG, VIKTOR;a8552640-7324-43f7-99dc-61b646dabee7;702220;
Mellin, Henrik;00adc4d7-74ca-4ee6-b2ed-27e91e37c4fa;1716144;penetrationtesting,internet of things,threatmodeling,bluetoothlowenergy,firmware analysis,reverse engineering,penetrationstestning,sakernasinternet,hotmodellering,bluetoothlowenergy,analys of fast programvara,baklängeskonstruktion
Arvidsson, Ellen;45edcd15-6dac-46fc-9bdd-cb52459882b2;1268459;type systems,concurrency,determinism,object capability model,lattices,small-step operational semantics
Guo, Jiayi;45adf1c1-0fe6-44c1-b722-726c1374ad4a;1804793;application portfolio management,apm,application portfolio rationalization,it management,atlas copco,organisering av applikationsporfölj,apm,rationalisering av applikationsportfölj,it hantering,atlas copco
Brodin, Rasmuss;618;1887673;healthcare technology,legal compliance,medication label printing,patient safety,pediatric healthcare,web application,zebra printers,hälso- och sjukvårdsteknik,lagföljande,läkemedelsetiketter,patientsäkerhet,pediatrisk vård,webbapplikation,zebraskrivare
Lindemalm, Klara;619;1887673;healthcare technology,legal compliance,medication label printing,patient safety,pediatric healthcare,web application,zebra printers,hälso- och sjukvårdsteknik,lagföljande,läkemedelsetiketter,patientsäkerhet,pediatrisk vård,webbapplikation,zebraskrivare
Dahl, Johan;620;1118816;database,cuba,enterprise architecture management,databas,kuba,eam
Cerda, Benjamin;621;1118816;database,cuba,enterprise architecture management,databas,kuba,eam
Xin, Yufei;40cbd731-f51e-44a7-b08b-c32f97c633ca;1875261;finite element head models,iterative closest point (icp) algorithm,principal  component analysis (pca),infant cranial sutures,suture morphology integration,finita element huvudmodeller,iterativ närmaste punkt (icp) algoritm,principkomponentanalys (pca),spädbarnskranialsuturer,integrering av suturmorfologi
Eriksson, Jonatan;27dabe89-d838-4c58-875b-7d063b5bf1ab;1904091;rhythmic patterns,step sequencers,drum machines,euclidean rhythms,unpredictability,randomness,probability,music software,rytmiska mönster,stegsekvenserare,trummaskiner,euklidiska rytmer,oförutsägbarhet,slumpmässighet,sannolikhet,musikmjukvara
Mogaddam, Anton;622;1667906;passwords,keyboard patterns,password memorability,python,hashcat,lösenord,tangentbords mönster,minnesvärdhet för lösenord,python,hashcat
Muhammad, Khan;623;1667906;passwords,keyboard patterns,password memorability,python,hashcat,lösenord,tangentbords mönster,minnesvärdhet för lösenord,python,hashcat
Iivanainen, Johanna;b5ad2154-301d-474e-84d6-491a6709e51c;1617058;defect taxonomy,defect classification,small- and medium-sized enterprises,software defects,manual defect classification.,defekttaxonomi,defektklassifikation,små och medelstora företag,mjukvarufel,manuell defektklassificering.
Meenakshi Sundaram, Vignesh;c208c42d-d8ce-436c-8dc4-999e03a8ee98;1142432;bleeding-edge,microservice architecture,walking meeting,non-intrusive technology,cloud solution,user-centered design,agile development
Yin, Wenjie;0d36ec4e-bdee-4a7c-a37a-113b689c89fb;1828413;
Amgren, Pontus;624;1804919;inter-process communication,data interchange format,performance evaluation,interprocesskommunikation,dataöverföringsformat,utvärdering av prestanda
Olausson, Emil;625;1804919;inter-process communication,data interchange format,performance evaluation,interprocesskommunikation,dataöverföringsformat,utvärdering av prestanda
Svensson, Harald;bd5da9be-6c06-4d35-b954-e28b74121402;14420;
Tagesson, Emil;1fb9e608-5ad6-4937-830c-720e68b7f28c;1913900;precharge,high voltage battery,buck converter,sic mosfet,electric vehicle,precharge,högspäningsbatteri,buck omvandlare,sic mosfet,eldrivet fordon
Nordgren, Otto;1243341a-691d-476a-b190-c087089b6f81;763259;
Ibrahim, Ahmedhadi Bashir;626;1885512;web gui,model-view-controller,refactoring,user centered design,user experience,power controller,mc2600,m530b,m830b,communication protocols,modbus,ydn23,webbaserat grafiskt användargränssnitt,modell-vy-kontroller,kodomstrukturering,användarcentrerad design,användarupplevelse,kraftkontroller,mc2600,m530b,m830b,kommunikationsprotokoll,modbus,ydn23
Alshikha, Besher;627;1885512;web gui,model-view-controller,refactoring,user centered design,user experience,power controller,mc2600,m530b,m830b,communication protocols,modbus,ydn23,webbaserat grafiskt användargränssnitt,modell-vy-kontroller,kodomstrukturering,användarcentrerad design,användarupplevelse,kraftkontroller,mc2600,m530b,m830b,kommunikationsprotokoll,modbus,ydn23
Snarberg, Hanna;21f39c74-a57a-45ab-b47d-1d5431236d8b;1894751;wearable,jump test,inertial measurement unit,sports biomechanics,real-time,bärbar enhet,hopptest,imu,idrottsbiomekanik,realtid
Badar, Mian;628;668244;
Thakrar, Nikhil;629;668244,1082547;controller area network,can,diagnostics,scania,uds,kwp,obd,j1939,network regulator,bandwidth management,token bucket,traffic shaping,vehicle,bit stuffing,osi model,arbitration
Saber Tehrani, Daniel;f3fb5d37-ecdd-41fa-afc4-c64d0c6a81d6;1853075;state of health,state of charge,machine learning techniques,battery cycler,battery aging,hälsotillstånd,laddningstillstånd,maskininlärningstekniker,battericykler,batteriåldrande
Jacobsson, Daniel;799e3894-28e2-4174-a3bc-5d972e443b34;1943851;dna nanostructures,high-throughput screening,drug delivery,cellular uptake,candidate prediction system,nucleotide sequences,feature extraction,python,structural prediction,dna-nanostrukturer,högkapacitetsscreening,läkemedelsleverans,cellupptagningsförmåga,kandidatprediktionssystem,nukleotidsekvenser,funktionsutvinning,python,förutsägelse av struktur
Haraldsson, Tobias;44e460fb-bfb8-4b08-823c-2be0a28c6bab;1770583;shap,explainable ai,survival analysis,los,machine learning,ed crowding,shap,förklarbar ai,överlevnadsanalys,los,maskininlärning,överbelastning på akuten
Horndahl, Andreas;630;504183;
Kaati, Lisa;631;504183;
Mårtenson, Christian;632;504183;
Svenson, Pontus;633;504183;
Bengtsson, Gabriel;37ad0a58-35b4-4c75-9f9b-2cdfbef06556;1511982;
Kindblom, Marie;1198;1230122,927344;computer science,machine learning,cdss,diagnosis,anamnesis,digital health,health care,primary health care,svm,knn,rf,nb,mlp,ann
Heimisdóttir, Hrafndís Brá;634;1464479;
Skärby, Jill;635;1464479;
Andreasson, Albin;636;1605633;
Höppe, Tobias;f05a3a27-edfd-433b-8a80-ee748b27d415;1726971;diffusion,video prediction and infilling,conditional generation,diffusion,videoförutsägelse och ifyllnad,villkorad generation
SANGELL, MALIN;d8a25e7f-458e-4241-a09b-e1624ff11029;680423;
Wieslander, Johan;2b764345-bac2-406c-a757-2317b97201fb;1597750;augmented reality,computer vision,mobile applications,object detection,feature extraction,human computer interaction,augmented reality,förstärkt verklighet,datorseende,mobila applikationer,objectdetektion,människa-datorinteraktion
Gårding, Jonas;638;473351,473379,473366,472972,473373;computer vision,data mining,geometry,image analysis,laboratories,noise shaping,shape,smoothing methods,statistics,surface texture,shape estimation,shape from texture,disparity,adaptation,affine deformation,optic flow
Janiuk, Ludvig;1239;1508220,1215050;
Masson, Clément;d07e43be-85ca-418f-bd98-1b0dd2e14149;820704,816098;direction,estimation,visual odometry,camera,compass,keypoint,feature,bundle adjustment,computer vision,slam
Kronvall, Viktor;640;927475;photon mapping,k-nearest neighbors,ellipsoid,gpu,parallel
Ordozgoiti, Bruno;641;1536967;signed network,spectral analysis,social network,polarization
Gionis, Aristides;642;1536967,1717398;signed network,spectral analysis,social network,polarization,graph convolution,software define networks,open world learning
Backman, Carl-Johan;4f76385b-1c51-4d79-ad19-67c9465f3ccc;1077056;narrative visualization,data visualization,think aloud method
Steier, Martin;670;1133441,810999;programming,plagiarism,cheating,programmering,plagiat,fusk
Choi, Eun-Hye;643;1062023;combinatorial testing,t-way test generation,t-way coverage,interaction strength,hamming distance,chi-square distance.
Artho, Cyrille;644;1062023,1062024,1062027;combinatorial testing,t-way test generation,t-way coverage,interaction strength,hamming distance,chi-square distance.,csp,parametric monitoring,process algebra,runtime monitoring
Kitamura, Takashi;645;1062023;combinatorial testing,t-way test generation,t-way coverage,interaction strength,hamming distance,chi-square distance.
Mizuno, Osamu;646;1062023;combinatorial testing,t-way test generation,t-way coverage,interaction strength,hamming distance,chi-square distance.
Yamada, Akihisa;647;1062023;combinatorial testing,t-way test generation,t-way coverage,interaction strength,hamming distance,chi-square distance.
Emtell, Sebastian;b1f125b4-2e9a-4157-8de1-82bca95b254a;1473026;
Klauck, Hartmut;648;808907;
Na Nongkai, Danupon;649;808907,808915,808913;
Pandurangan, Gopal;650;808907;
Robinson, Peter;651;808907;
Abdlwafa, Alan;652;811098;
Edman, Henrik;653;811098,1216267;prefixspan,cspan,sequential pattern mining,emr,electronic medical record,clinical pathway
Ghodsi, Ali;88453584-7c39-4af9-b25e-21b580673f57;11131;distributed hash tables,structured overlay networks,distributed algorithms,distributed systems,group communication,replication
Wuhib, Fetahi Zebenigus;c7b52299-9d87-4c46-b752-300909404957;371527;decentralized management,engineering protocols,distributed monitoring,resource management
Runåker, Björn;f7b78e58-5283-45aa-8054-f34172aee8dd;807591;simulation,tlm,proxy,tap
Friberg, Oscar;654;817827;
Englesson, Björn;655;817827;
SHEN, TONG;c6ac727b-60e1-4fa6-858c-0eb61a6ceb78;762932;
Maiga, Aïssata;1278;1783235,1594779;rust,ada,spark,foreign function interface (ffi),memory safety,type safety,ownership,rust,ada,spark,gränssnitt för främmande funktioner (ffi),minnessäkerhet,typsäkerhet,ägarskap,event based camera,image reconstruction,simulated data,real data,firenet,e2vid,event based camera,firenet,e2vid
Enzell, Viktor;f6ac5041-dd9b-4599-9b1e-a6954ac0709d;1701482;automatic speech recognition,domain adaptation,language models,ngram models,wav2vec2,taligenkänning,domänanpassning,språkmodeller,n-grammodeller,wav2vec2
Arnör, Johan;873;945831,769351;denial-of-service,dos,ddos,domain dos,domain-driven design,domain-driven security
SKARPMAN MUNTER, JOHANNA;cd90cd7c-b229-422d-b4b6-07f33c44eefd;763240;
Djupfeldt, Petter;e18e4b70-67df-431a-a12f-87b33a6eda24;957381;polopoly,atex,random forest,multilayer perceptron,mlp,machine learning,content management system,cms,system,computer system,server,server system
MUSTEFA, DINSEFA;83e0c0a7-1c8b-48aa-815d-55255a6a9a06;680250;
Saqib, Ehsan;656;1912236,1912516;charging infrastructure planning,deep uncertainties,dynamic adaptive planning,route-based network effects,spatial decisions support,deep uncertainties,dynamic adaptive planning,route-based network effects,spatial decisions support,charging network placement optimization,planering av laddningsinfrastruktur,djupa osäkerheter,dynamisk adaptiv planering,transportruttbaserade nätverkseffekter,spatiala beslutsstöd,optimering av laddningsnätverksplacering
Saranurak, Thatchaphol;1641;1234277,808913;
Salvi, Giampiero;887;10780,1743481,10785,1354629;speech recognition,neural network,low latency,non-linear dynamics,speech,machine learning,data mining,signal processing
Hallqvist, Kristoffer;e81db2e7-7812-4592-a32c-3e9e8b0c2c9e;1073549;dynamic,label,placement,moving,feature,point feature,real-time,control system,map,aeroplane
Limbrunner, Nikolai;31f307bb-bcb4-4de3-b5ae-cc4f070871c6;1800443;greenit,sustainability,energy measurement,software engineering,ci/cd pipelines,devops,greenit,hållbarhet,energimätning,programvaruteknik,ci/cd-pipelines,devops
van den Brand, Jan;5e8fa3c3-8a31-4f99-a12a-c211df7ab3bc;1554123;dynamic algorithm,data structure,optimization,linear program,bipartite matching,shortest path,maximum flow,minimum cost flow,diameter
Zhou, Weikai;5e369421-cf1b-446a-8252-541edfc6c422;1803124;autonomous driving,dynamic object removal,map creation,3d point cloud,autonom körning,dynamiska objekt borttagning,skapande av kartor,3d-punktmoln
Andersson, Amelia;538a4864-cf05-4cac-991e-0cc3f94fd2eb;810655;
Narmack, Kirilll;8b4a539b-0c44-4532-8cf8-64880654b4f7;1241492;machine,learning,artificial,intelligence,machinelearning,machine-learning,ai,ml,mlp,neural,networks,multilayer-perceptron,rfb,rbf-network,vehicle,automation,autonomousvehicles,autonomous,selfdriving,self-driving,self,driving,curve,speed,adaptation,adaption,csa,acc,adaptive,cruise,control,driving,style,driver,behavior,behaviour,sample,samples,distance,derivative,speed,velocity,curvature,road,inclination,lane,width,type,acceleration,longitudinal,lateral,data,training,test,validation,results,discussion,sustainability,ethics,ethical,sustainable,future,today,tomorrow,yesterday,robot,robotics,system,systems,class,classes,bin,bins,tree,one,a,dynamic,using,time,delay,volvo,car,cars,corporation,zenuity,school,computer,science,master,degree,project,thesis,paper,object,gps,map,length,research,advanced,машинное,обучение,искусственный,интеллект,ai,ml,mlp,rbf,автомобиль,машына,сеть,робот,водитель,заворот,дорога,сам,сама,едет,ехать,учить,учит,учится,автоматизация,адаптация,результат,один,одна,одно,вчера,сегодня,завтра,дерево,карта,гпс,информатика,компьютер,наука,научная,работа,школа,вольво,завод,транспорт,maskininlärning,artificiell,intelligens,inlärning,maskin,ai,ml,mlp,rbf,neural,neurala,nätverk,artificiella,automation,själv,självkörande,körande,bil,fordon,robot,robotik,körstil,stil,beteende,adaption,kurva,lutning,väg,csa,acc,farthållare,hastighet,fart,hållare,inclination,körfält,fält,spår,bredd,typ,acceleration,longitudinell,lateral,data,traingin,test,validation,resultat,diskussion,längd,hållbarhet,etik,etiskt,framtid,dåtid,idag,imorgon,system,class,klass,classer,klasser,träd,en,ett,fler,flera,dynamisk,använda,tid,fördröjning,tids,volvo,car,corporation,object,zenuity,skola,dator,vetenskap,forkning,avancerad,projekt,exjobb,examensarbete,betyg,gps,karta
Spolander, Oscar;3baa5b32-7220-4db2-86c5-f91299f3a363;1710394;short-term synaptic plasticity,neural codes,action potential,neuron firing rate,rate code,kort synaptiskt plasticitet,neurala koder,nervimpuls,impulsfrekvens för nervcell,frekvenskod
Höstklint, Niklas;657;1563283;
Kalfas, Ioannis;bcf052eb-88ea-41ab-80dc-ed19240f0832;868833;dynamical,systems,neuroscience,computational,biology,modeling
Olsson, Anna;659;811547;
Nordlöf, Denise;660;811547;
Bakhshiyeva, Afruz;661;1710393;connected vehicle,hacking,pentest,eavesdropping,security,tesla model 3,volvo xc40,mg marvel r,automotive cybersecurity,interception attacks,passive attacks,wireless attacks,wi-fi attacks,attack surface,relay attack,port scan,man-in-the-middle attack,uppkopplade fordon,avlyssning,säkerhet,tesla model 3,volvo xc40,mg marvel r,fordonscybersäkerhet,avlyssningsattacker,passiva attacker,trådlösa attacker,wi-fi-attacker,attackyta,relä-attack,port-skanning,mannen-i-mitten attack
Berefelt, Gabriel;662;1710393;connected vehicle,hacking,pentest,eavesdropping,security,tesla model 3,volvo xc40,mg marvel r,automotive cybersecurity,interception attacks,passive attacks,wireless attacks,wi-fi attacks,attack surface,relay attack,port scan,man-in-the-middle attack,uppkopplade fordon,avlyssning,säkerhet,tesla model 3,volvo xc40,mg marvel r,fordonscybersäkerhet,avlyssningsattacker,passiva attacker,trådlösa attacker,wi-fi-attacker,attackyta,relä-attack,port-skanning,mannen-i-mitten attack
Walldén, Marcus;c7666674-03ca-4eb6-8f4d-282d1c7c23f1;1230526;volume rendering,cuda,load balancing,sort-last,mpi
West, Balthazar;663;1105827;
Wengelin, Marcus;664;1105827;
Watanabe, Hikari;3eec98b8-b466-4be2-8e71-5f6ebfec1e15;1188273;mutation testing,code coverage,regression analysis
Li, Lisa;665;1213992,1501118;
Vyth, Jakob;666;1213992;
Hedman, Peter;86045809-ca55-41f1-99cc-57185d2fb115;700650;
Knowles, Oscar;667;1700886;
Peterson, Carl;668;1700886;
Lilja, Hanna;923;945087,1057518,753662;communication efficiency,air combat simulation,feature engineering,machine learning,natural language processing
Olsson, Magnus;adc225bb-8256-4370-b1cd-23bea6fdb928;675977;
Vlachou-Konchylaki, Martha;c2c6dafb-706a-42b3-ac32-910d9ed78f8f;910695;sampling,streaming,apache flink,distributed systems
BERGGREN, PATRIK;e02ed178-74b6-4299-a92b-c1d0cad7d50a;754822;
Woxler, Platon;b8563303-b1cd-471d-859b-0b7b8f65ebcb;1597882;computer graphics,mesh models,general-purpose computing on graphics processing units (gpgpu),datorgrafik,mesh-modeller,beräkningar på grafikprocessorer för generella användningsområden
Ceder, Frederick;679;827146,668671;hpc,high performance computing,intel,haswell,xeon phi,knights corner,burgers equation,finite difference methods,fdm,ftcs,parallel programming,vectorization,simd
Lindquist, Sinna;671;1057519,1057518;
Luotsinen, Linus;672;1057519;
Fall, Jakob;673;939264;information management,human-computer interaction,prototype,efficiency gains,knowledge management,management information system,information management,människa-datorinteraktion,prototyp,effektivisering,knowledge management,management information system
Klinc, Rebecca;674;939264;information management,human-computer interaction,prototype,efficiency gains,knowledge management,management information system,information management,människa-datorinteraktion,prototyp,effektivisering,knowledge management,management information system
ELIASSON, PHILIP;675;668713;
ROSÉN, NIKLAS;676;668713;
Netzer, Gilbert;5038bebc-840f-402d-a4fb-e5e6297255b3;837145;lu factorization,digital signal processors,texas instruments,keystone architecture,high-performance linpack,benchmark,performance,energy efficiency,software-pipelined loops,direct memory access,optimization
Flemström, David;4f98c7fa-89df-4a38-b98b-c01b4d612b54;770351;
Kreitmair, Vivienne Franziska;5eb85dcd-bfc1-45fa-9844-5f6f5033b4f4;1255674;
Polacek, Lukas;1265;791552,586621;approximation algorithms,linear programming,allocation problems
Pulls, Ellinor;685a72bf-3f36-440d-8efc-b0975bb2d249;1897030;logging,windows,incident response,windows event log,system monitor (sysmon),audit policy,loggning,windows,incidenthantering,windows eventlogg,system monitor (sysmon),audit policy
Ay, Emre;3d23942a-39c1-4ca9-b25e-22f722c53f45;1119829;drones,computer vision,visual positioning,visual odometry,visual slam
HINDEMARK, FILIP;45210dc8-86e3-4dd6-a590-c4962cd46520;680178;
Nilsson, Isak;847;1051854,1263534,753655;electroglottography,laryngography,egg,real-time feedback,contemporary commercial music,ccm,supercollider,voice range profile,vrp,clustering,elektroglottografi,laryngografi,egg,realtidsfeedback,ccm,supercollider,vrp,klustring,speech,tongue,muscle activation,electromagnetic articulography,biomechanics
Trolin, Mårten;1af4ed88-64d2-4312-96c5-6a67b850d879;11368,7412;datalogi,datalogi
Bälter, Olle;0737cda2-616c-4f9a-a483-f4c3f8606fdb;8449;electronic mail,user studies,interface design,field studies,information filtering,human information processing,non-technical users,managers,archiving,information retrieval.
DORST, MATTHIJS;e9ca25df-5ada-4608-9332-431f6033606e;700408;
Gölman, Fredrik;165f080f-8721-405d-8efe-4b4f95a19d8e;1793707;knowledge base,knowledge graph,dialogue system,chatbot,electrical engineering,education,kunskapsbas,kunskapsgraf,dialogsystem,chatbot,elektroteknik,utbildning
Axelsson, Johanna;677;668654,854508;
Bernelind, Sarah;678;668654;
Nordin, Alexandra;680;668671,919024;informationssökning,maskininlärning,språkteknologi
Jansson, Anton;681;811308,1118598;elevator control,elevator,control strategy,reinforcement learning,predicting,extrapolating,trajectories,golf,golf balls,machine learning,nerual networks,rnn,recurrent neural networks,lstm,long short-term memory
Uggla Lingvall, Kristoffer;682;811308,1118216;elevator control,elevator,control strategy,reinforcement learning,heart rate estimation,remote heart rate,heart rate,hr,pulse,pulse detection,remote pulse,photoplethysmography,plethysmography,ppg,rppg,multiple signals,fft,ica,pca
Blades, Christoffer;683;811154;elevator assignment,esgc,algorithms
Boyraz, Filiz;684;811154;elevator assignment,esgc,algorithms
Wiener, Lucas;7f1aa1f7-5a4d-4bf1-ae8d-75856066eacd;850230;element queries,elq,web,css
Parvez, Bilal;c9dfd1c1-43c2-4d1e-9021-ce0b15427836;1164184;machine learning,image classification,embedded devices,maskininlärning,bildklassificering,inbyggda system
Elfwing, Stefan;4af7d11e-fa25-4459-accc-cd0146037142;12636;embodied evolution,evolutionary robotics,reinforcement learning,shaping rewards,meta-parameters,hierarchical reinforcement learning
Nur Fauzan, Harits;3e5402fc-0cff-40a1-a9ba-4bc92e348653;1783245;emergence,games,open-world level design,affordance,uppkomst,spel,öppen världsnivådesign,affordans
Araújo De Medeiros, Daniel;110b53f3-11c3-4b4e-9116-d20576b1d378;1813762;high-performance computing,kubernetes,airflow,elastic scaling,mpi,s3
Leuckfeld, Filippa;33aee0d6-8b56-491a-92ba-d79a5c62c680;1941305;music,emotion,color,generative art,touchdesigner,random forest regression,musik,känslor,färg,generativ konst,touchdesigner,random forest regression
Sjöholm, Thomas;685;668848,874820;online signature verification,signature verification,dynamic time warp,pressure sensitivity,susig,sabanci university signature database,signaturverifiering,tryckkänslighet,sabanci university signature database
Olofsson, Asta;688;1596031,1841112;compilation,functional programming,java,kompilering,funktionell programmering,java
Johansson, Dan;476f07ea-e075-49da-a0a3-e0d95642db5a;865549;cyber,security,scada,cysemol,p2cysemol,eaat,abb,tool,empirical,test,vulnerability,assessment,turing
Gentek, Anna;c7c9558d-bbfe-4d74-8279-423c046b2d39;1711505;employee churn,churn prediction,predictive modeling,machine learning,deep-learning,data mining,binary classification,personalomsättning,avhoppsanalys,prediktiv modellering,maskininlärning,datautvinning,binär klassificering
Al-Shishtawy, Ahmad;d1ed790f-a9e1-4815-b60d-d82d1a639df4;310497;autonomic computing,self-management,distributed systems
Antaris, Stefanos;1e657b09-daa2-4624-913f-1d0f6780238a;1708093;graph neural networks,reinforcement learning,meta-learning,knowledge distillation,enterprise liveo video streaming
Karlsson, Jesper;689;1649271,1658012;autonomous vehicle navigation,formal methods in robotics and automation,human factors,human-in-the-loop,motion planning,formal methods,temporal logic
van Waveren, Sanne;690;1649271;autonomous vehicle navigation,formal methods in robotics and automation,human factors,human-in-the-loop
Pek, Christian;691;1649271;autonomous vehicle navigation,formal methods in robotics and automation,human factors,human-in-the-loop
Torre, Ilaria;692;1649271;autonomous vehicle navigation,formal methods in robotics and automation,human factors,human-in-the-loop
Leite, Iolanda;693;1649271;autonomous vehicle navigation,formal methods in robotics and automation,human factors,human-in-the-loop
Rabat, Salim;13586add-008f-4798-986c-73b9c188ecb2;1638066;searchable encryption,cloud storage,security,privacy-enhancing,sökbar kryptering,molnlagring,säkerhet,integritetsförbättring
Wu, Zhongyue;e098bd1e-277c-422d-9d48-d2b137be9d0f;1887669;augumented reality,robot teleoperation,haptic feedback,tactile sensor,förstärkt verklighet,robotteleoperation,haptisk återkoppling,taktil sensor
Wang, Huan;bcdf6b67-45e3-4905-a75a-971b40c285cc;1885513;chatbot,chatgpt,museum,tour guide,chattbot,chatgpt,rundtursguide
Sundin, Gustav;984ac345-19d4-466c-8e53-ead9cdcccf49;1896236;gaze estimation,eye tracking,occlusion items,data augmentation (da),deep learning (dl),machine learning (ml),computer vision(cv),artificial intelligence (ai),computer graphics (cg),computer-generated imagery (cgi),rendering,blickestimering,ögonspårning,blockeringsföremål,dataaugmentering (da),djupinlärning (dl),maskininlärning (ml),datorseende (cv),artificiell intelligens (ai),datorgrafik (cg),datorgenererade bilder (cgi),renderering
Slagarp, Jesper;80a673fe-2a52-4968-ba72-e07b79f7f745;1886985;nanopore sensors,machine learning,hyper-parameter optimization,nanoporsensorer,maskininlärning,hyper-parameter-optimering
Åckerstrøm Aasness, Gard;18d09468-751f-44f1-ae62-76a9a280c50e;1896241;text-to-speech,proof-of-concept,low-resource language,norwegian,adult speech,child speech,matcha-tts,mean opinion score,worderror rate,data-driven iterative approach,text-till-tal,konceptbevis,resurssvagt språk,norska,vuxental,barntal,matcha-tts,genomsnittligt omdömesbetyg,ordfelprocent,datadriven iterativ metod
Deka, Shankar A.;694;1912874;
Phodapol, Sujet;695;1912874;
Gimenez, Andreu Matoses;696;1912874;
Fernandez-Ayala, Victor Nan;697;1912874;
Wong, Rufus;698;1912874;
Yu, Pian;699;1912874,1352745;
Tan, Xiao;700;1912874;
Massy, Victor;c7a22661-e365-4482-ac33-dad98eb172b5;1801728;multiparty computation,trusted execution envrionment,web advertising,private attribution reporting,flerpartsberäkning,pålitlig exekveringsmiljö,webannonsering,privat attributionsrapportering
Lilkaer, Fredrik Peter;13b563cf-9dfa-4fc9-8145-d6d2bbda5b46;867903;node.js ix dataplane os qos
Türetken, Berk;f1f7aac2-c3c8-45d9-a16a-52b5a76318fe;1903654;api,api security,api management,web application firewall,vulnerability,threat modeling,cybersecurity,api,api-säkerhet,api-hantering,webbapplikationsbrandvägg,sårbarhet,hotmodellering,cybersäkerhet
Larsson, Marcus;1529;1216455,930038;ai,consumer value,dota 2,esports,mssc,neural networks,perfa,value proposition,ai,dota 2,e-sport,mssc,neurala nätverk,perfa,värdeerbjudande
Viksten, Isabella;be48ecae-76a9-4e37-aaf3-fae245fed6cd;1886976;user engagement,second screen apps,television,human-computer interaction,interactive tv,användarengagemang,appar för en andra skärm,tv,människa-datorinteraktion,interaktiv tv
Segerström, Pierre;701;1597706;
Boltshauser, Felix;702;1597706;
Liu, Hongyi;ef81ba4a-113e-49e6-b08f-def974978c77;806746;
Liu, Felix;7811be18-fc68-4234-87ba-f1a126314113;1469914,1853280;hpc,radiation therapy,optimization,numerical linear algebra,interior point methods
Åkerman Rydbeck, Carl;05247c90-0028-42f2-bc4b-95713cbfdd6e;1605956;
Sasahara, Hampei;703;1655399;game theory,modeling,risks,adversarial decision making,cognitive gap,public information,signaling game,decision making
Sandberg, Henrik;704;1655399,400051;game theory,modeling,risks,adversarial decision making,cognitive gap,public information,signaling game,decision making,communication costs,design trade-offs,estimation performance,estimation qualities,heterogeneous sensor networks,high qualities,localization systems,low qualities,optimal schedules,processing delays,sensor communications,sensor scheduling,stable time,switching rules,ultrasound sensors,communication,control theory,estimation,heterogeneous networks,kalman filters,riccati equations,sensor networks
Dahlgren, Christoffer;705;769354;
Grahn, Sebastian;706;769354;
Vinell, Paul;1147;1708263,1463859;anomaly detection,outlier detection,error detection,machine learning,deep learning,blood work,blood tests,felupptäckning,extremvärden,maskininlärning,djupinlärning,blodprov
Peresini, Peter;707;724935,867614,756406,867620,785946;software-dened networking,performance,update scheduling,software-dened networking,reliability,openflow
Kuzniar, Peter;708;724935;software-dened networking,performance,update scheduling
Sunesson, Albin;1717;1138721,813801;deep neural networks,machine learning,inference speed,convolution,decomposition,network branches,julia,mxnet,gpu,cpu.
Sköld, Jonas;45267832-29fd-45eb-8f21-cd4a65d174b5;850599;3d-reconstruction,monocular vision,machine learning,nearest neighbors,kalman filter,3d-rekonstruktion,monokulärseende,maskininlärning,närmaste grannar,kalman-filter
Kërçini, Marvin;abbff4f2-ef74-40cc-b3af-16ed059f7c64;1783648;poolability,transport networks,autoencoder,dimensionality reduction,vehicle routing problem,raggruppabilità,reti di trasporto,autoencoder,riduzione della dimensionalità,vehicle routing problem,poolbarhet,transportnätverk,autokodare,dimensionsreduktion,fordonsdirigeringsproblem
Ragnesand, Simon;10eb0e4b-1439-4d6b-bfda-02ac1280c058;929483;
Nyman, Moa;1681;1515181,1213527;
Lökk, Adrian;1693;1458879,927326;
Deprette, Manon;dfe48e78-58ed-4315-8566-f0496a9e5163;1466248;
ARMENISE, VALENTINA;ee193233-b268-4211-a982-08e95e0733cc;703044;
Rabi, Maben;709;400051;communication costs,design trade-offs,estimation performance,estimation qualities,heterogeneous sensor networks,high qualities,localization systems,low qualities,optimal schedules,processing delays,sensor communications,sensor scheduling,stable time,switching rules,ultrasound sensors,communication,control theory,estimation,heterogeneous networks,kalman filters,riccati equations,sensor networks
Johansson, Karl Henrik;710;400051;communication costs,design trade-offs,estimation performance,estimation qualities,heterogeneous sensor networks,high qualities,localization systems,low qualities,optimal schedules,processing delays,sensor communications,sensor scheduling,stable time,switching rules,ultrasound sensors,communication,control theory,estimation,heterogeneous networks,kalman filters,riccati equations,sensor networks
Pétursson, Arnar;a6f87e48-4f7f-4930-afc1-ed87d38a58f5;1751192;security,ethical hacking,penetration testing,internet of things,threat modeling,ring doorbell.,säkerhet,etiskt hackande,penetrationstestning,sakernas internet,hotmodellering,ring-dörrklockan.
Florez Cardenas, Mateo;711;1596057;
Acar, Gabriel;712;1596057;
Hellesnes, Nicolai;01223810-c872-45db-8661-23c683797f62;1632105;security,iot camera,iot,penetration testing,threat modeling,säkerhet,iot-kamera,iot,penetrationstestning,hotmodellering
Karlsson Malik, Josef;d5fdfcf4-a976-4276-9f5c-99dac5f7a46c;1612537;iot,smartwatch,security,ethical hacking,penetration testing,iot,smartklocka,säkerhet,etiskt hackande,penetrationstest
Huang, Fuhao;517969e3-38ec-463e-bc61-ff10fb1a78eb;1749924;ethical hacking,smart headphones,bluetooth,cyber security,internet of things,etisk hackning,smarta hörlurar,bluetooth,cybersäkerhet,internet of things
Boman, Joakim;713;1214297;
Volminger, Alexander;714;1214297;
Runhem, Lovisa;715;810968,1158218;transportation mode recognition,hierarchical classification,smartphone sensors
Schulze, Filip;716;810968,1278667;machine learning,website exits
Reitz, Fabienne;6e1e93f2-2257-4d33-ad0e-47f32d7af8e2;1613209;agile maturity models,scaled agile development,safe,process mining,automation,agila mognads modeller,uppskalad agil utveckling,safe,process mining,automatisering
Book, Love;0dc6d8ed-e188-42cf-b9f2-cc387000f86d;1773382;machine learning,natural language processing,word2vec,fasttext,keybert,web scraping,transformers,embeddings.,maskininlärning,språkteknologi,word2vec,keybert,webbskrapning,transformatorer,inbäddningar.
LARSSON, MARCUS;1529;754541;
SJÖBERG, ANDREAS;83b25797-3b80-47f2-8c8b-a48bae46538c;754515;
Vatn, Niklas;717;1597386,1794943;security,ethical hacking,threat modeling,iot,autonomous underwater vehicles,säkerhet,etisk hackning,hotmodelling,iot,autonoma undervattensrobotar
Byström, Julia;718;1597386;
Lundberg, Fredrik;8b953124-b115-4b5b-8d35-1f3ba703711d;1640875;hierarchical reinforcement learning,reinforcement learning,behaviour tree,option critic,starcraft 2,hierarkiskt förstärkningsinlärning,förstärkningsinlärning,beteendeträd,starcraft 2
Parhizgar, Daniel;720;1214468,1633761;
Norelius, Jenny;721;1214411,1591956;range queries,range query,spatial index,r*-tree,rstar-tree,r-tree,quadtree,performance measure,comparative,quantative,data structures
Tacchi, Antonello;722;1214411;range queries,range query,spatial index,r*-tree,rstar-tree,r-tree,quadtree,performance measure,comparative,quantative,data structures
Fuentes Morales, Jose Luis Bismarck;c40ffbde-e212-42f0-b63e-9951a1c5612e;1058030;benchmarking,emulation,gem5,kvm,matlab,multicore,parsec,qemu,signal filtering,simulation,virtual platforms
André, Albin;f31e8ee1-7542-4f16-926b-cb59a43588f9;1835620;gpu,cuda,signal processing,radio,algorithms,gpu,cuda,signalbehandling,radio,algoritmer
Brogärd, Andre;989c3b57-a74d-4bfc-83e1-92656fdf94f1;1752833;hardware isolation,supply chain attacks,hre,intel sgx,ci,hårdvaruisolering,distributionskedjeattacker,hre,intel sgx,ci
Ivarsson, Anton;92b5e13f-7ede-4f1b-a591-29f5367e2f79;1611487;web page classification,natural language processing,computer vision,text classification,image classification,weighted average of outputs,webbsideklassificering,behandling av naturliga språk,datorseende,textklassificering,bildklassificering,viktat genomsnitt av resultat
Gullbring, Jacob;c25d2208-a2e0-4e64-98a8-460138cc4332;927415;
FORSSLUND, OSKAR;49d98f5f-d740-44bd-8479-37f6db1647b8;678986;
Ferreira, João;986b6560-4fef-40b8-824a-863e985af72a;1751350;explainable machine learning,attribution models,marketing automation,search engine optimization,a/b testing,definierad maskininlärning,attributionsmodeller,automatisering av marknadsföring,optimering av sökmotor,a/b-tester
Svensson, Erik R.;723;1111660;aco,ant system,traveling salesman problem,dynamic traveling salesman problem,2-opt local search,handelsresandeproblemet,dynamiska handelsresandeproblemet
Lagerqvist, Klas;724;1111660;aco,ant system,traveling salesman problem,dynamic traveling salesman problem,2-opt local search,handelsresandeproblemet,dynamiska handelsresandeproblemet
Salam Patrous, Ziad;725;927356,1240595;
Najafi, Safir;726;927356;
Jarwalli, Saba;727;1866091;qoe,ip,qos,cdn,livestream
Esteban, Masaya;728;1866091;qoe,ip,qos,cdn,livestream
Pernler, Emil;729;1795939;
Vainio, Leo;730;1795939;
Daniels, Jonas;95433024-364a-4c76-9e6f-9214387e5c6b;949210;
Zhou, Ziyang;a465a182-f4a3-47d9-86bd-5c240e13ee64;1801364;substation automation system,threat modeling,meta attack language,stationsautomationssystem,hotmodellering,meta attack language
Pesavento, Luca;3416b4eb-0893-457d-bbc0-6d805ae93c82;823781;situation awareness,principles,guidelines,situation awareness oriented design,dashboard
Freberg, Daniel;9edd5e54-8cb2-42b9-815b-e4c56d83be93;1254977;machine learning,nlp,deep learning,word vectors,naive bayes,support vector machine,lstm
Sundin, Hannes;731;1464467;
Josefsson, Jakob;732;1464467;
Krohn, Amanda;1535;1783635,1597485;natural language processing,abstractive text summarization,transformer architecture,fine-tuning,resumes,språkteknologi,abstrakt textsammanfattning,transformer-arkitektur,finjustering,cv
Loxdal, Joakim;1719;1856316,1463776;location sharing,location privacy,android,smartphone,privacy,gtfs,location obfuscation,lppms,location privacy attacks,anonymity,location inference attacks,platsdelning,android,smarta telefoner,dataintegritet,smartphone,obfuskering,anonymitet
REGÅRDH, CARL;7c8832a4-338e-4d49-88ad-07c0bd3a9d47;700602;
Barksten, Martin;796;949758;database,query optimizer,postgresql,mariadb,index selection
Dettner Källander, Hugo;e33878f0-9cb8-463a-9465-caf44585c876;1895800;machine learning,title generation,fine-tuning,human feedback,alignment,maskininlärning,rubrikgenerering,finjustering,mänsklig återkoppling,anpassning
Myresten, Emil;527f99ae-99d9-4797-8b4e-df97be37c209;1801387;clock frequency ratio estimator,real-time transport protocol,rtp,video distribution network,playout scheduling,clock skew,clock synchronization,uppskattning av klockfrekvensratio,real-time transport protocol,rtp,distributionsnätverk för video,utspelningsschemaläggare,klockskevning,klocksynkronisering
Lövström, Anton;733;1464555;
Steen, Anders;734;1464555,1661985;procedural generation,lichen,perceived realism,simulation
Brask, Anton;1b68987b-6d2a-4a05-b7fc-a969ef064311;1702206;
von Gegerfelt, Angelina;735;926633;natural language,speech recognition,natural language interface,gamification
Ahlstrand, Edwin;737;1894320;indoor positioning system,positioning system,audio based indoor positioning system,trilateration,multilateration,cost effective,inomhuspositioneringssystem,positioneringssystem,ljudbaserad inomhuspositioneringssystem,trilateration,multilateration,kostnadseffektivit
Abrahamsson, Måns;738;1894320;indoor positioning system,positioning system,audio based indoor positioning system,trilateration,multilateration,cost effective,inomhuspositioneringssystem,positioneringssystem,ljudbaserad inomhuspositioneringssystem,trilateration,multilateration,kostnadseffektivit
Hagsten, Per;eea4c7a1-94bf-4795-b9b4-9888ab12e59f;1241606;continuous integration,continuous delivery,development operations,software development,interview study,qualitative study,continuous integration,continuous delivery,development operations,mjukvaruutveckling,intervjustudie,kvalitativ studie
Alkazaz, Ayham;739;1473045;
Saado Kharouki, Marwa;740;1473045;
Zhang, Jinjia;9c704345-eb4a-47cc-be1c-d54b604dc580;1896238;cloud computing,on-premise,kubernetes,migration,molntjänster,under-förutsättning,kubernetes,migration
Hellberg, Simon;741;1464492;
Hollidt, Dominik;742;1464492;
Musasa Mutombo, Mike;f01b4686-3ff5-4859-9551-a66925b68f83;1584924;network processing,risc-v,packet processing,instruction set architecture,open-source,nätverksprocessorer,instruktionsuppsättnings arkitektur,risc-v,öppen-källkod,processorer
Lidfeldt, Gustaf;743;1464484;
Hassbring, Isak;744;1464484;
Lindqvist, Niklas;745;1213427,1470639;
Price, Thony;746;1213427;
Nygren, Rasmus;747;1593145;
Petkov, Aleks;748;1593145;
Stiernborg, Sebastian;749;1110023;
Ervik, Sara;750;1110023;
Dang, Robin;751;1464600;
Nilsson, Anders;752;1464600,1653815;mobile application development,cross-platform tools,progressive web applications,performance analysis,ios,qr code scanning,mobilappsutveckling,plattformsoberoende verktyg,progressiva webbapplikationer,prestandaanalys,ios,qr-skanning
Åhs, Fredrik;2ffb387d-bd14-4d15-a2c3-9e0ef8ab6a3f;1105995;
Zarzar Gandler, Gabriela;97ae30c6-5bb3-490c-a0cb-0eacf2e80cf3;1148664;shape learning,surface reconstruction,3d reconstruction,3d object modeling,probabilistic 3d reconstruction,probabilistic surface learning,gaussian process,gp,sparse gaussian process,sparse gp,gaussian process implicit surface,gpis,variational inference,perception learning,robotic perception
Lööf, Sam;676c705d-9ebf-4f85-b735-c89309173a88;865984;electronic control unit (ecu),can calibration protocol (ccp),data acquisition (daq),communication protocols,styrenhet (ecu),can calibration protocol (ccp),data acquisition (daq),kommunikationsprotokoll
Namazi, Amirhossein;87cfc9ba-8dc0-4df8-af3a-8e59592d1997;1851707;neural network pruning,deep learning,embedded machine learning,iot applications,model compression,beskärning av neurala nätverk,djupinlärning,inbyggd maskininlärning,iot-applikationer,modellkomprimering
Asegehegn, Natan Teferi;19531270-3de0-4add-9b70-e029e2010def;1668630;progressve web applications,webassembly,performance evaluation,memory usage,progressiva webapplikationer,webassembly,prestationsutvärdering,minnesanvändning
Tuszyńska, Weronica;614a48db-f9aa-4397-835f-de4928a64d21;1894079;geoai,machine learning,random forest,deep learning,unet,sentinel-2,burned area detection,swedish boreal forests,geoai,machine learning,random forest,deep learning,unet,sentinel-2,detektion av brända områden,svenska boreala skogar
Wikell, Andreas;dce6a86a-a913-49b5-af8d-d411f29afe0d;703127;
Mirzaian, Artin;754;1463854,1712183;reinforcement learning,explainability,explainable reinforcement learning,machine learning,artificial intelligence,remote electrical tilt optimization.,förstärkningsinlärning,förklarbarhet,förklarbar förstärkningsinlärning,maskininlärning,artificiell intelligens,optimering av fjärrlutning.
Gedik, Berk;edb6de43-d8e0-46f3-9f67-63d01098ed22;1266588;
Vosta, Diba;ef8d0a7a-f030-49ab-866d-0581aa77d61e;1508205;
CHOKKALINGAM, BALACHANDER;3f9d2bac-92a0-4982-a147-95f4b07f6036;699483;
Al-Qaysi, Bashar;755;935212;automation,acceptance testing,regression testing,single-page application,automatisering,acceptanstestning,regressionstestning,single-page applikation
Björk, Sara;756;935212;automation,acceptance testing,regression testing,single-page application,automatisering,acceptanstestning,regressionstestning,single-page applikation
Ekblad Voltaire, Fanny;757;1597438;
Mannberg, Noah;758;1597438;
Jonsson, Tim;759;1464104;
Tapper, Isabella;760;1464104;
Rosbacke, M.;761;339453;brain activation,brain mapping,functional region,scale-space,primal sketch,cerebral activation,clusters,tactile
Björkman, E.;762;339453;brain activation,brain mapping,functional region,scale-space,primal sketch,cerebral activation,clusters,tactile
Roland, P. E.;763;339453;brain activation,brain mapping,functional region,scale-space,primal sketch,cerebral activation,clusters,tactile
Wilhelmsson, Oskar;2d240f34-6764-40c6-84f9-cc982bb93579;1229350;video stabilisation,capillaroscopy,simulation,cbv,videostabilisering,kapilläroskopi,simulering,cbv
Olofsson, Joacim;615651b4-a875-4c86-accf-ab187e124745;925430;
Rodríguez-Cano, Guillermo;764;760258,1093416;client-server systems,complex services,cryptographic key,formalization,online social networks,p2p applications,p2p system,protocol design,privacy,user coordination mechanisms,user,decentralised information systems,distributed systems,social networks,decentraliserade informationssystem,distribuerade system,integritet,sociala nätverk,sistemas de información descentralizados,sistemas distribuidos,privacidad,redes sociales
Grescbach, Benjamin;765;760258;client-server systems,complex services,cryptographic key,formalization,online social networks,p2p applications,p2p system,protocol design,privacy,user coordination mechanisms,user
Buchegger, Sonja;766;760258,680801;client-server systems,complex services,cryptographic key,formalization,online social networks,p2p applications,p2p system,protocol design,privacy,user coordination mechanisms,user
TEGELUND, BJÖRN;767;675605;
WIKSTRÖM, JOHAN;295;675605;
van Berkum, Stefan;c752a5ec-1d4c-427c-b9cb-4418d019cde5;1896706;hebbian learning,neural architecture search,evolutionary algorithms,convolutional neural networks,deep learning,hebbsk inlärning,neural arkitektursökning,evolutionära algoritmer,neurala faltningsnätverk,djupinlärning
Onori, Mauro;768;418524;evolvable systems,modularity,distributed control
Semere, Daniel;769;418524;evolvable systems,modularity,distributed control
Lindberg, Bengt;770;418524;evolvable systems,modularity,distributed control
Jagelid, Nicole;771;1214201,1466940;
Kindberg, Ludvig;772;1214201;
Larsson, Sandra;b43c1418-cb4e-409f-8a31-12a0fbc61ac0;1773814;femtech,data privacy,trust,user experience,feminist hci,data feminism,menstruation,fertility,datasäkerhet,tillit,användarupplevelse,feministisk människadatorinteraktion,fertilitet
Nyman, Nick;773;927359;neural networks,stock prognosis,stock analysis,neuronnät,neurala nätverk,aktieprognoser,aktieanalys
Postigo Smura, Michel;774;927359;neural networks,stock prognosis,stock analysis,neuronnät,neurala nätverk,aktieprognoser,aktieanalys
Ragnar, Niclas;775;1303137;machine learning,mlaas,microsoft,google,deepai,aylien,video analysis,transcription,translation,summarisation,word error rate,bleu,maskininlärning,mlaas,microsoft,google,videoanalys,transkribering,översättning,sammanfattning,bleu
Tolic, Zoran;776;1303137;machine learning,mlaas,microsoft,google,deepai,aylien,video analysis,transcription,translation,summarisation,word error rate,bleu,maskininlärning,mlaas,microsoft,google,videoanalys,transkribering,översättning,sammanfattning,bleu
Westlund, Johannes;777;1105743;network science,kth domain,sampling,scale-free,small-world,community structure
Svenningsson, Jakob;778;1105743;network science,kth domain,sampling,scale-free,small-world,community structure
Tagkoulis, Georgios;cbc891b4-940e-4288-9f31-017449c92ff6;1645537;packet order,packet interleaving,temporal and spatial locality,visualization,paketordning,paketinterfoliering,temporal och rumslig lokalitet,visualisering
Hamrin, Niklas;779;1114264;
Runebjörk, Nils;780;1114264;
Broström, Jonathan;781;1213963;
Nilsson, Måns;782;1213963;
Wayburn, Tim;288accde-4102-4f54-9eda-5a683129f974;1241557;graphics,rendering,spp,path tracing,monte carlo
Ahlqvist, Oscar;783;1107843;
Åkermark, Wilhelm;784;1107843;
Janson, Alexander;785;927079;netwok science,scale-free,www
Erik, Snickare;786;927079;netwok science,scale-free,www
Berglund, Lasse;981;1228223,810616;program verification,software engineering,concurrent programming,model checking,software model checking
Tsaknaki, Vasiliki;787;974491;interaction design,impermanence,incompleteness,imperfection,wabi-sabi,materiality,design practice
Hemgren, Dan;788;1105951;
Widerberg, Ernst;789;1105951;
Jonsson Ewerbring, Marcus;2deae11e-c3d4-4385-89f6-f9051de196e3;1588230;deep learning,machine learning,explainable deep learning,xai,market surveillance,djupinlärning,maskininlärning,förklarbar djupinlärning,xai,marknadsövervakning
Härner, Samuel;7ac73522-f234-4139-b25d-c7d6faee575b;1894795;machine learning,data science,social sustainability,perceived public safety,linköping,maskininlärning,data science,social hållbarhet,trygghet,linköping
Ruggeri, Franco;886bd23a-e6a3-490b-af94-6b9d2e8ac71c;1932434,1624928;artificial intelligence,machine learning,reinforcement learning,explainable artificial intelligence,explainable reinforcement learning,mobile network optimization,telecommunications,human-robot collaboration,multi-access edge computing,task offloading,artificial intelligence,reinforcement learning,människa-robotkollaboration,multi-access edge computing,uppgiftsavlastning,artificiell intelligens,reinforcement learning
Lin, Shiuan-Ting;e5d3d24e-fe63-4d17-8677-c313efd3978c;1912365;explainable ai,rule extraction,counterfactual instances,bayes’ rule,fuzzy labeling.,förklarbar ai,regelextraktion,kontrafaktiska instanser,bayes regel,fuzzy-etikettering.
Bergendal, Knut-Rasmus;f1bf815c-58e2-424e-bd1e-efbef4c97f46;1612563;self-organizing map,machine learning,protein conformation,cancer mutations,självorganiserande karta,maskininlärning,proteinstruktur,cancermutationer
Brink, John;6a2f5133-a5a1-4421-ac26-095cca7971a7;1783246;virtual reality,locomotion,eye tracking,hand tracking,teleportation,virtuell verklighet,förflyttning,ögonspårning,handspårning,teleportering
Stachowicz, Jacob;9688dba1-7428-453c-9d58-228175cea8c2;1603832;machine learning,computer science,bioinformatics,genomics,transformer,natural language processing,whole genome sequencing,non-codingdna,deepsea,cnn,dnabert,bert,danq,biomedical science,computational biology,auroc,auprc,maskininlärning,datavetenskap,bioinformatik,genomik,transformer,språkteknologi,helgenomsekvensering,icke-kod dna,deepsea,cnn,dnabert,bert,danq,biomedicinsk vetenskap,beräkningsbiologi,auroc,auprc
Rignanese, Leonardo;65c48991-17ca-4692-9376-86c613f0d75d;1712819;sport,human-computer interaction,electronic judging system,tennis,electronic line calling,sport,human-computer interaction,electronic judging system,tennis,electronic line calling,sport,esperienza utente,arbitraggio elettronico,tennis,chiamata di linea automatizzata,sport,människa-datorinteraktion,elektroniskt domarsystem,tennis,elektroniskt linjedomslut
Lorenzen, Johan;790;811114;
Perkola, William;791;811114,1164164;
Dwyer, Jacob;792;1712790;machine learning,optical character recognition,bert,error detection,invoice,maskininläsning,optisk teckenläsning,bert,feldetektering,faktura
Bertse, Sara;793;1712790;machine learning,optical character recognition,bert,error detection,invoice,maskininläsning,optisk teckenläsning,bert,feldetektering,faktura
De Luca, Elisabetta;af42ae06-8f54-4351-9eab-7b49258d4047;1894302;speech recognition,automatic doors,accessibility,user experience,user-centred design,taligenkänning,automatiska dörrar,tillgänglighet,användarupplevelse,användarcentrerad design
ROUX, JOHANN;4121715f-49cf-4199-b079-31261901e052;699980;
Zetterman, Noa;5cf93cda-9264-4501-995b-feb45954183e;1887425;deep learning,transformers,natural language processing,large language model,fine-tuning,automated database querying,text-to-sql,djupinlärning,transformers,naturling språkbehandling,stora språkmodeller,finjustering,automatiserad databassökning,text-till-sql
Östlund, Linus;34853fe8-0d41-478e-a4b7-236af21ffb9f;1899003;deep learning,transformers,occupancy prediction,pretrained foundation model,fine-tuning,self-supervised learning,time-seriesanalysis,djupinlärning,transformers,beläggningsgradsanalys,förtränade fundamentmodeller,finjustering,självövervakad inlärnig,tidsserieanalys
Andreasson, Mimmi;1b35ab9b-af8c-41fe-aac2-d8a798d46331;1880005;design thinking,user engagement,data transfer,sustainability,streaming platforms,designtänkande,användarengagemang,dataöverföring,hållbarhet,streamingplattformar
Thomas, Ritty;c16ddfe5-c15a-41b4-a52f-251a0714d7bd;1813692;multi-user virtual reality,creativity,remote collaboration,idea generation,challenges,multi-användar-virtuell verklighet,kreativitet,fjärrsamarbete,idégenerering,utmaningar
Dypbukt Källman, Marcus;929;1811242,1593154;cybersecurity,pagerank,attack graphs,threat analysis,threat modelling,cybersäkerhet,pagerank,attackgrafer,hotanalys,hotmodellering
CARRETERO, MIGUEL RAMOS;9a3bf74b-1339-4a42-8e70-c6d747a1f369;754581;
Hermansson, Viggo;794;1887664;functional programming,object-oriented programming,elixir,macros,programming paradigms,funktionell programmering,objektorienterad programmering,elixir,makro,programmeringsparadigm
Kanerva, Emil;795;1887664;functional programming,object-oriented programming,elixir,macros,programming paradigms,funktionell programmering,objektorienterad programmering,elixir,makro,programmeringsparadigm
VASILOUDIS, THEODOROS;69ab80b8-1d3c-41e8-86c0-09eae71922ec;754842;
BARKSTEN, MARTIN;796;675990;
RYDBERG, DAVID;797;675990;
Everling, Nils;700d5fde-4f1c-47b9-ae6a-4ea80ee78164;1118031,811351;topic modeling,nlp,nmf,nonnegative matrix factorization,earnings call,transcript,risk,apt,factor model,gics,global industry classification standard,msci,industry,portfolio management,stock market,equities
Bianchi, Carolina;79b9f29b-9408-4c90-bee7-25c287f9671d;1466246;
Hernqvist, Fredrik;fbdc5a24-1772-4d30-85eb-a12eb675f94f;1649674;natural language processing,machine learning,deep learning,bert,albert,arms transfers,information extraction,behandling av naturliga språk,maskininlärning,djupinlärning,bert,albert,vapenaffärer
Leon, Diego;0cbf0b32-16eb-428b-aa11-3f5891365be3;1608779;
Kärrfelt, Filippa;84490b4b-b98a-4fb0-b609-5f66f5c28e2f;1706617;answer phrase extraction,question generation,bert,reading comprehension,neural networks,extrahering av svarsfraser,frågegenerering,bert,läsförståelse,neurala nätverk
Cavelius, Mario Andreas;8fe4881b-2075-49c8-9844-c2034a580a67;1701741;
Omer, Mohammad;b15c9501-bc81-4bd6-a913-e9b2b7247a52;1616648;diagnosis code assignment,hierarchical training,transformer model,bert,snomed ct,icd-9,mimic-iii,diagnoskodstilldelning,hierarkisk träning,transformermodell,bert,snomed ct,icd-9,mimic-iii
Kanter, Claudia;b56d826b-58b0-4165-b700-49a7badfa243;1145897;curve speed adaptation,csa,adaptive cruise control,acc,curve driving,driving mode,driving behaviour,road properties,clustering
WIDÉN, TOBIAS;3a1db348-5e93-46b3-b117-4aaee206f3f8;703113;
Fanghella Valero, Alfredo José;5d0f0546-bd58-4ede-87ab-209cd2040e81;1149117;
Lindeberg, Johan;800;810981;
Åberg, Marcus;801;810981;
Buvari, Sebastian;e8bb8bdf-6a81-462c-910e-97699b54d25c;1844579;learning analytics,learning analytics dashboard,goal achievement,higher education,self-regulated learning,learning analytics,learning analytics dashboard,målprestation,högre utbildning,självreglerad inlärning
Blomgren, Staffan;802;810287;
Hertz, Marcus;803;810287;
Sidenmark, Ludwig;804;811317;
Villaman Kjellberg, Erik;805;811317;
Forsblom, Erik;806;811047;
Ödling, David;807;753682;
Österlund, Arvid;808;753682;
Häggvik, Adrian;809;811035;
Khalili, Marwan;810;811035;
Svensson, Karin;1b7ccab4-787e-4251-ba43-f4119256b50d;1887666;human-computer interaction,video consumption,streaming services,video on demand,människa-datorinteraktion,videokonsumtion,strömningstjänster,video på begäran
Rigotti, Marcello;a73ce53d-664b-4adf-9f6e-93f6982be12d;1778261;blockchain,nft,artificial intelligence,deep learning,blockchain,nft,artificiell intelligens,djup lärning
Pokropek, Ernest;1b643078-d19e-474b-b66c-9b655c651121;1793005;machine learning,spam detection,mass-produced spam,global adult online services,maskininlärning,detektering av spam,massproducerad spam,globala webbplatser som erbjuder eskorttjänster
Ackland, Patrik;982;1121249,810616;concurrent static analysis,ifds algorithm,reactive async
Munoz Caceres, Jorge Andres;e9bfc7a1-6d65-4bb9-9b8e-25bcb7e299bb;1239780;machine learning,radar warning receiver,deep learning
RYDMARK, MIKAEL;8b2ee405-fc8c-4a1f-8edc-33feb0f67a17;766086;
Khazanchi, Ayushman;1d1ac0f4-0ce9-4a0e-8e28-ed5d1918744e;1801362;machine learning,feature store,distributed systems,mlops
NILSSON, DAVID;1369;754340;
Alzghaier, Samhar;811;1700081;processing,merchant,acquirer,customer,demand pricing,dynamic pricing,profitability,machine learning,algorithms,naive-bayes,adaboost,k-nearest neighbour,stochastic gradient descent,decision trees,random forests
Can Kaya, Mervan;812;1700081;processing,merchant,acquirer,customer,demand pricing,dynamic pricing,profitability,machine learning,algorithms,naive-bayes,adaboost,k-nearest neighbour,stochastic gradient descent,decision trees,random forests
Olander Sahlén, Simon;65b73bc5-4260-47f0-bdd7-909ef90428ea;1192164;signature,machine learning,hmm,online,verification,hidden markov model,whiteboard,wall,wallrite,hand written,written
Sundholm, Joel;edbfafbf-8eea-4596-aa9a-79088745aa47;763263;
Drangel, Andreas;a3c28cc3-6a0e-4f30-b67f-6749514c34dd;1161950;neural networks,machine learning,feature augmentation
Ågren, Wilhelm;a454f675-3181-4112-b9d5-6f7d2dead38f;1702325;machine learning,deep learning,self-supervised learning,cluster analysis,simclr,magnetoencephalography,partial sleep deprivation,wavelet transform,maskininlärning,djupinlärning,självövervakad inlärning,klusteranalys,simclr,magnetoencefalografi,delvis sömndeprivering,wavelet transform
Bergman, Leo;48e4f6ca-dccd-4611-a12c-bbda8c15033e;1705258;eye-tracking,representation learning,self-supervised learning,parkinson’s disease,feature extraction,clustering analysis,ögonspårning,särdragsextraktion,parkinsonssjukdom,representationsinlärning,maskininlärning,klustring
Bretzner, Lars;813;473627,466293,473383,465689,464973,338468,440700,465018,466218;feature,tracking,motion,blob,corner,scale,scale-space,scale selection,similarity,multi-scale representation,computer vision,object representation,feature detection,matching,shape analysis,applications,image segmentation,representation,shape,selection,ridges,affine trifocal tensor,trilinear tensor,affine,perspective,projection,structure,factorization,point,line,ridge,human-computer interaction,computer vision.
Song, Philip;1178;1710635,1465073;federated learning,machine learning,market surveillance,anomaly detection,lstmautoencoder,federated learning,maskininlärning,marknadsövervakning,anomaliupptäckande,lstmautoencoder
Feldfeber, Ivana;814;1839998;open data,open justice,gender-based violence,feminist artificial inteligence,automation
Quiroga, Yasmín Belén;815;1839998;open data,open justice,gender-based violence,feminist artificial inteligence,automation
Guevara, Clarissa;816;1839998;open data,open justice,gender-based violence,feminist artificial inteligence,automation
Ciolfi Felice, Marianela;817;1839998;open data,open justice,gender-based violence,feminist artificial inteligence,automation
Hew, Sebastian;c1631f40-cc2d-4342-bbf5-cf3b10776889;700291;
Olsson, Glenn;6234208c-3a04-4e70-a2f4-aa0027e2b135;1757514;filesystem,fejk filesystem,cloud-based filesystem,steganograhpic filesystem,filsystem,fejk filesystem,molnbaserat filsystem,steganografiskt filsystem
Jogården, Tobias;7efb3f1a-88cc-4b60-887e-fb3982a1c130;1897044;file system,computer security,separation kernel,security kernels,filsystem,datorsäkerhet,separationskärna,säkerhetskärnor
Arnekvist, Isac;818;927147,1458351,1349756;
Ericson, Ludvig;819;927147,1241848;imitation learning,deep learning,neural networks,quadrotor,quadcopter,multicopter,multirotor,uav,mav,dagger,dynamics,physical dynamics,simulation,djupinlärning,neuronnät,kvadrotor,multikopter
Murray, Jonathan;4648d894-17bf-495e-b40e-279a6b36c9fb;855986;implicit citations,citation context,citations,natural language processing,nlp,machine learning,belief propagation
Runelöv, Martin;540;847503;citation network,graph mining,network,seminal,centrality
Eklind, Henry;820;931846;community detection,girvan-newman,rosvall-bergstrom,homogeneity,heterogeneity
Gileborg, Robin;821;931846;community detection,girvan-newman,rosvall-bergstrom,homogeneity,heterogeneity
Almansa, A.;822;338874;affine,automatic scale selection,diffusion,enhancement,fingerprint,image processing,scale-space,edge-detection,surface orientation,ridge detection,texture,algorithm,system,images,cues
Sjövald, Sebastian;823;1596061;
Svahn, Fredrik;824;1596061;
Enoksson, Fredrik;2562d06e-01bd-4248-b108-33a7cebb3b8c;412088;metadata,rdf,semantic web,metadata editors,metadata authoring
Jonsson, Peter;825;1105912;
Ljungberg, Lucas;826;1105912;
Larsson, Malin;827;1114815;
Duong, Julia;828;1114815;
Rudin, Pierre;f5bc622d-a083-4d84-83e0-cb932ae9d2b0;930960;
Engelbrektsson, Gustaf;baec748a-5885-47c2-a73b-cefd2ead3cd0;1256744;lstm,origin destination matrices,recurrent neural networks,prediction,forecast,courier companies
ARVIDSSON, JENS;3c58b184-3318-45aa-bddd-b6d2d2c4e3e1;766241;
Sandström, Gustav;f3fad77d-eb1a-4469-860a-562db174d173;1067587;foreground detection,background subtraction,background removal,real-time image processing
Eriksson, John;ec7e14a5-fc5d-44c4-96d3-173db4701a96;957386;automotive,system,formal,verification,static analysis,specification
Möre, Tomas;ad58c82c-ad1c-43bf-a404-fdb1623701db;1597929;
Yao Håkansson, Jonathan;829;1114579;formal verification nusmv javapathfinder spin/promela ctl ltl dma uart model checking theorem proving
Rosencrantz, Niklas;830;1114579;formal verification nusmv javapathfinder spin/promela ctl ltl dma uart model checking theorem proving
Guanciale, Roberto;831;675835,1469213,675838,773107,1606994,872807;formal verication,information flow security,separation kernel,hypervisor,program logics,formal verification,theorem proving,binary analysis,hoare logic,binary verification,hypervisor,formal verification,refinement,serial interface,device driver,interactive theorem prover,information flow
Khakpour, Narges;832;675835,675843;formal verication,information flow security,separation kernel,hypervisor,arm instruction set,noninterference,user mode execution,kernel security,theorem proving
Nemati, Hamed;833;675835,675838,1136624,872807;formal verication,information flow security,separation kernel,hypervisor,binary verification,hypervisor,platform security,hypervisor,formal verification,theorem proving,hol4,cache attack,security monitor,information flow
Settlin, Johan;ca565581-2a95-46da-b37e-c0e41f0b8604;1618367;cyber security,security patterns,threat models,meta attack language,defense mechanisms,structural defenses,datasäkerhet,säkerhetsmönster,hotmodeller,meta attack language,försvarsmekanismer,strukturella försvar
Liljefors, Felix;834;1217901,1508495;
Hedberg, Niclas;835;1217901;
Ungureanu, George;6a2b2b76-b386-433d-80fc-0b3c1d6e5cef;1605134;system design languages,modeling,simulation,synthesis,embedded systems,cyber-physical systems,domain specific languages,systemdesignspråk,modellering,simulering,syntes,inbyggda system,cyberfysiska system,domänspecifika språk
Isheden, Daniel;7b102f2f-014c-4851-8c0f-62c06d163524;811329;
Florack, Luc;836;474284;fovea,retina,receptive field,scale-space,multi-scale representation,log-polar mapping,visual front-end,resolution,computer vision
Duchniewicz, Jakub;355333ea-8d9e-48f3-b5b2-5e15c0583972;1726972;field programmable gate array,acceleration,networking,embedded linux,field programmable gate array,field programmable gate array,acceleration,nätverksarbete,inbyggd linux,sprzętowa akceleracja,sieci internetowe,wbudowany system linux
Tariq, Muhammad Adnan;837;576098;intrigue sketch,narrative,organized cybercrime,persona
Artman, Henrik;838;576098;intrigue sketch,narrative,organized cybercrime,persona
Renström, Martin;839;1217521;anomaly detection,fraud detection,unsupervised machine learning,autoencoder,anomali detektering,bedrägeri detektering,oövervakad maskininlärning
Holmsten, Timothy;840;1217521;anomaly detection,fraud detection,unsupervised machine learning,autoencoder,anomali detektering,bedrägeri detektering,oövervakad maskininlärning
Hellmér, Vilhelm;841;1700887;
Fredriksen, André;842;1700887;
Hüttenrauch, Helge;08f1c39e-f13f-443a-a2c6-d905db208fd1;11491;human-computer interaction,human-robot interaction
Cai, Jin-Yi;843;447569;
Lu, Pinyan;845;447569,447563;#csp,dichotomy theorem,counting problems,computational complexity
Nilsson, Mikael;1370;369527,359423,359445;metadata,dublin core,ieee lom,rdf,semantic web,interoperability,standardization
Liang, Kuo-Yun;848;782989;fuel economy,image matching,inference engines,intelligent vehicle highway systems,vehicles
Mårtensson, Jonas;849;782989,1932900;fuel economy,image matching,inference engines,intelligent vehicle highway systems,vehicles
Johansson, Karl H.;850;782989,1932900;fuel economy,image matching,inference engines,intelligent vehicle highway systems,vehicles
Akbarzadeh, A.;851;443275;
Akbarzadeh, Amir;852;441205;
ODSTAM, MÅNS;853;668808;
STJ ERNDAL, A N D R E A S;854;668808;
Elmgren, Rasmus;855;811053;
Blomquist, Eric;856;811053;
Chuprina, Anna;25f62b07-97c2-463b-b171-6299b5260bc7;1792997;gamification,sense of community,engagement,social media,känslan av gemenskap,engagemang,sociala medier
Lund, Lisa;857;930551;
O'Regan, Patrick;858;930551;
Rinnarv, Jonathan;d8f23cf5-a8c7-4dba-b141-7829414a5563;1452195;computer science machine learning gan chat bot
Bujwid, Sebastian;2f5ebf90-92f2-48ec-8a58-ff3669a0c047;1243039;gan,unsupervised image-to-image translation,deep learning
Rasines Suárez, Javier;375b42b3-9eda-4ab6-a7b1-0607a16b5850;1255833;rss,gaussian-process,mobile robotics,indoor radio source
Wadhwa, Aditya;44e3c31e-e3c5-4eef-abeb-2a08b78ab990;1896239;adaptive cruise control,driving simulator,game engine,traﬀic simulation,testing methodologies,waymo open dataset,traﬀicgeneration,adaptiv farthållare,körsimulator,spelmotor,trafiksimulering,testmetoder,waymo open dataset,trafikgenerering
Berglund, Daniel;aaeef5be-0897-4e39-80be-7f55b78f993f;799271;hpc,high performance computing,cuda,gpu,gwas,gene-environment interaction,interaction
Karlsson, Axel;860;1215999;
Norberg, Jesper;1308;849697,676675;geospatial,geographic,heatmap,point region,point-region,quadtree,window query,värmekarta,fönsterförfrågning,geografisk
Descamps, Clarisse;6504a8d7-a4c5-46ea-a9ae-ca4353cbc863;1604508;
Bergström, Niklas;861;448466,448473;cognitive human-robot interaction,computer vision,computer vision
Vanhainen, Erik;862;1593469,1853056;formal verification,model checking,deductive verification,abstraction,tla,formell verifiering,modellkontroll,deduktiv verifikation,abstraktion,tla
Adamsson, Johan;863;1593469,1849619;run-time specialization,partial evaluation,online partial evaluation,körtidsspecialisering,partiell evaluering,online partiell evaluering
Ferrando Huertas, Jaime;0e55fef9-1a06-4b61-9c9c-5e40c17ed54d;1250179;
Bonde, Oskar;96463011-b808-45c8-90a9-e2f9da1ce5e8;1692943;terraform,transformer models,generating configuration files,large language models,codex,terraform,transformer-modeller,generera konfigurationsfiler,stora språkmodeller,codex
Rencelj Ling, Engla;864;1553545;iec 61850,substation,cyber security,threat modeling language,attack graphs,meta attack language,system configuration description language
Ekstedt, Mathias;865;1553545,1823042;iec 61850,substation,cyber security,threat modeling language,attack graphs,meta attack language,system configuration description language,sbom,software supply chain
Matinzadeh, Keivan;1e87ae4c-c8ad-4178-b7a3-86295cec0945;1751205;grammatical framework,computational linguistics,natural language generation,computer science,grammatical framework,beräkningslingvistik,textgenerering,datavetenskap
Gutenberg, Lukas;866;1473037;
Olin, Emil;867;1473037;
Klintskog, Erik;12b47e1e-e966-434e-bd40-f1fee2097d85;8255;datavetenskap,computer sicence,datavetenskap
Wallenius, Klas;8470f9d4-ba15-49af-ab40-fd6e4edd069f;14513;command and control,management,effects-based operations,command support,decision support,data fusion
Jonasson, Anton;868;927325;
Westerlind, Simon;869;927325;
Pei, Lou-Lou;79b85cbd-af49-4693-9170-afe0d94f07d1;1573400;georeferencing,positioning,coordinate transformations,piste maps,geografiska referenspunkter,positionering,koordinattransformationer,pistkartor
Yuan, Zhengwu;870;804946;cluster,location-based social networks,temporal scale,user similarity
Jiang, Yanli;871;804946;cluster,location-based social networks,temporal scale,user similarity
Stendahl, Jonas;872;769351;
Andersson, Vivi;5bf05afb-52c8-4290-b397-bc4766537310;1908608;open-source security,software supply chain,attack vectors,reproducible builds,blockchain systems security,ethereum,geth.,säkerhet av öppen källkod,programvaras leveranskedja,blockchainsäkerhet,ethereum,geth.
Karapantelakis, Athanasios;2bb51210-bff3-4c05-b29e-c79f909513e0;415955;context aware,context-aware,personalized services
Stjernberg, Christian;875;1463813;
Miguel, Vasco;876;1659731;representation learning,machine learning,multimodal,contrastive learning
Melo, Francisco S.;877;1659731;representation learning,machine learning,multimodal,contrastive learning
Paiva, Ana;878;1659731;representation learning,machine learning,multimodal,contrastive learning
Frendin, Carl;879;770360;
Sjöroos, Andreas;880;770360;
Tao, Quanyu;c9f9c79b-1269-4883-b431-5d20bb21aeb7;1803135;fuzzing,stateful protocol,gradient oriented,neural network
Kefato, Zekarias Tilahun;881;1471910;
Zhu, Rui;882;804991;spatio-temporal data mining,congestion prediction,lbs,intelligent transport systems
Cui, Yukun;87289c98-3689-44d3-813a-4884bfa5eae5;1886756;gpu acceleration,high-performance computing,triple tensor decomposition,computational fluid dynamics,gpu-acceleration,högpresterande databehandling,trippel tensor-dekomponering,beräkningsströmningsdynamik
Kalzi, Hasan;d4195383-6a9f-4bd9-8e7c-86115effc756;1594896;
Krenz, René;48121c22-50de-4687-8301-5af83e48ce3b;11683;formal verification,logic synthesis,dominators,equivalence checking,decomposition
Kindestam, Anton;f7f19147-5011-4ca3-ae5f-5a2e7e5d55bd;1129224;machine learning,graph kernel,compilation,big data tuning
Barkman, Patrik;0b52dc13-c1cc-46f2-969e-9b7c7b22e674;1274745;grey-box,distributed parameter system,partial differential equations,chemical reactions,finite element method,fem,machine learning,neural networks,hybridmodell,distribuerade parametersystem,partiella differentialekvationer,kemiska reaktioner,finita elementmetoden,fem,maskininlärning,neuronnätverk
Gálvez del Postigo Fernández, Carlos;a35a1668-3fa7-4822-bbf2-40622ad4c8af;852457;autonomous driving,occupancy grid mapping,sensor fusion,dempster-shafer,obstacle detection
Lindahl, Erik;883;1886363,839933;molecular dynamics,heterogeneous parallelism,gpu,sycl,gromacs
Hallström, Erik;dc7a1cb6-af96-45fd-b43f-5d564467af93;700100;
Löwenström, Paul;920;1853314,1464539;clip,machine learning,sprite generation,image generation,clip,maskininlärning,2d-karaktärsprites generation,bildgeneration
Lindeberg, Axel;41d82cc9-9af5-4baa-8a1a-95efa4f43828;1600180;penetration testing,threat modeling,iot,computer security,home alarm system,penetrationstestning,hotmodellering,iot,datasäkerhet,hemlarmsystem
Knutsson, Adam;8a886479-d5b4-4e8f-9f25-f490903d595c;859561;machine learning,artificial neural networks,convolutional neural networks,computer vision
Tranquillini, Anna;b71bb8d9-a3fa-497e-9b37-25e217760a11;1709127;conflict-free replicated data types,local-first,mobile
Oscarsson, Marcus;8a55ce82-8a01-470f-816d-531d4c8eaf6e;1887934;reinforcement learning,self-play,deep learning,game theory,förstärkningsinlärning,självspelande,djupinlärning,spelteori
BRING, MARCUS;9f0ca64c-4ec5-4fb3-8f23-9a925ce71456;754504;
Davidsson, Victor;b058353a-53ca-4de1-9fc4-b411278137ca;1181154;vibrotactile,navigation,simultaneous multitype information,virtual space,head-mounted device,vibrotaktil,navigation,simultana informationsflöden,virtuell rymd,huvudmonterade enheter
Stankovic, Aleksa;459bb741-363a-4bda-b113-176a4bbd71b7;1755212;hardness of approximation,approximation algorithms,label cover,vertex cover,unique games conjecture,max-3-lin,universal factor graphs,regular constraint satisfaction problems,inapproximerbarhet,approximationsalgoritm,label cover,vertex cover,unique games conjecture,max-3-lin,universell faktorgraf,regelbundna begränsningsproblem
Gedin, Emanuel;9d248c9c-1c79-442d-b2ef-0cddf407548b;1233107;computer science,theoretical computer science,complexity theory,minimum circuit size problem
Meier, Anton;1560;1144240,771145;energy harvesting,wireless peripherals,kinetic energy,bluetooth,low power,smart home,iot
Liang, Katrina;75fdb14a-2d59-462c-85d9-4aeedb22c0dd;1678555;hardware-in-the-loop simulation,simulation,modeling,pumping stations,pump controller,hardware-in-the-loop simulering,simulering,modellering,pumpstationer,pumpstyrning
Sanches, Pedro;30bd8f4c-7bff-4d23-a6fb-f0fadb5cd9f4;779968;
Stefanos, Marie-Ange;2df0bed7-4a35-4272-825b-b47c01948bdd;1801202;deep learning,medical data,signal processing,heart rate estimation,wrist photoplethysmography,djup lärning,medicinska data,signalbehandling,pulsuppskattning,handledsfotopletysmograf
Kühn, Hannah;405b6f83-af93-4133-b676-d8ea99535c9a;1805224;hierarchical clustering,attractor network,recurrent neural network,brain-like computing,hierarkisk klustring,anlockningsnätverk,återkommande neurala nätverk,hjärnliknande databehandling
Liu, Yuqi;ad24c174-a485-4664-823f-fef08d5157ad;1787725;multimodal,emotion recognition,hierarchical fusion,context modeling,attention mechanism,feature-level fusion,decision-level fusion,machine learning,deep learning,multimodal,hierarkisk fusion,kontextmodellering,uppmärksamhetsmekanism,funktionssammanfogning på nivån för egenskaper,beslutsnivås-funktionssammanfogning,maskininlärning,djupinlärning
Adiban, Mohammad;884;1743481;
Siniscalchi, Marco;885;1743481;
Stefanov, Kalin;886;1743481,1354629;
Ternström, Sten;1434;465324,1164950;voice,high-frequency,auditory masking,piriform sinuses,critical bands,long-time average spectrum
Södergren, Peter;08b18b26-c944-493f-95f9-51462016c3c5;763219;
Shabo, Jack;1536;1118766,811172;crowds,high density,groups,unilateral,lcp,swirl,streamline
Berglund, Johan;888;813795;
Ristic, Richard;889;813795;
Brömster, Anton;890;1885904;magiian,kbsc,mkbsc,higher-order knowledge,surely-winning strategies,magiian,kbsc,mkbsc,högre ordningens kunskap,garanterat vinnande strategier
Larsson, Isak;891;1885904;magiian,kbsc,mkbsc,higher-order knowledge,surely-winning strategies,magiian,kbsc,mkbsc,högre ordningens kunskap,garanterat vinnande strategier
Chi, Pengnan;2fa95f6d-ef9b-4481-af56-547a34edb55d;1836833;diffusion model,traffic forecasting,generative model,image processing,spatial temporal modelling,diffusionsmodell,trafikprognos,generativ modell,bildbehandling,rumsligtemporal modellering
Lindner, Andreas;892;1469213,1755837;program logics,formal verification,theorem proving,binary analysis,hoare logic,binary code,binary analysis,formal verification,model-based testing,theorem proving,hol4,intermediate language,instruction set architectures,isa,observational models,symbolic execution,weakest-precondition,execution time analysis,binärkod,binärkodsanalys,formell verifiering,modellbaserad testning,satsbevisning,hol4,mellankod,instruktionsuppsättningar,isa,observationsmodeller,symbolisk exekvering,minst restriktiva villkoret,analys av övre tidsgräns
Henriksson, Erik;893;1597534;random forest,xgboost,predicting housing prices,feature engineering,ensemble learning,boosting,data cleansing,5foldcrossvalidation.
Werlinder, Kristopher;894;1597534;random forest,xgboost,predicting housing prices,feature engineering,ensemble learning,boosting,data cleansing,5foldcrossvalidation.
Fagerlund, Martin;895;1596434;
Melander, Adam;896;1596434;
Ewerbring, Carl-Arvid;be609511-4515-46bb-9cd1-79b59a7b3853;824292;virtual reality,vr,interaction,controls,cybersickness,design,interaction design,immersion,presence,guideline,framework analysis
Ahmed, Mahad;897;1885506;s&p 500,ml-models,lstm,polynomial regression,decision trees,s&p 500,ml-modeller,lstm,polynomregression,beslutsträd
Mohammed, Ismail;898;1885506;s&p 500,ml-models,lstm,polynomial regression,decision trees,s&p 500,ml-modeller,lstm,polynomregression,beslutsträd
Olsson, Viktor;899;1212987;sentiment analysis,twitter,bipolar disorder,depression
Lindow, Madeleine;900;1212987;sentiment analysis,twitter,bipolar disorder,depression
Andersson, Marcus;95542a3e-71bf-49aa-a669-f1455d37ab73;1643563;
Lindblad, Max;c295024b-1132-4c55-8eea-c7ab18c7c8fa;812014;
Ljung, Fredrik;901;927322,1229377;electronic health records,telemedicine,security,event-b
Arnflo, Oscar;902;927322;
Ben-Tal, Oded;903;1464959;artificial intelligence,machine learning
Harris, Matthew;904;1464959;artificial intelligence,machine learning
Sturm, Bob;905;1464959;artificial intelligence,machine learning
ELEMIDA, HELEN;4fd618c1-0f05-435a-9390-5273927797e5;754449;
Meyer, Oscar;744d588a-e369-45a4-b916-c0f132cfe77e;1746022;threat modeling,it forensics,linux,it defense,risk assessment,opensource,volatility,hotmodellering,it forensik,linux,it försvar,risk-bedömning,opensource,volatility
Cöster, Jonatan;906;811405;
Ohlsson, Michael;907;811405;
SARMADI, HAMID;6472c69f-8ddb-4045-9b1a-88ab4d4c9bf0;699997;
QUEVA, CAROLINE;2568ef6a-d580-40ce-9573-b3bb2704b71f;703048;
Bonnevier, Linnea;908;1463842;
Damne, Sara;909;1463842;
Rahimzadagan, Noah;1488;1834195,1595839;human-drone interactions,failures,user study,trust,risk-taking,survey,människodrönarinteraktioner,misslyckanden,användarstudie,tillit,risktagning,enkät,human behavior,financial markets,sentiment analysis,twitter,mänskligt beteende,finansiella marknader,sentimentanalys,twitter
Topp, Elin Anna;cd8fb313-cbba-4f1d-9b4e-27be3323d568;1818,10750;robotics,human-robot interaction,cognitive modelling,representation of space,robotics,mapping,human-robot interaction
Tojaga, Vedad;910;1737684,1737742;monolithic,staggered,hybrid,fracture,staggered,monolithic,fracture,constitutive modeling,strong discontinuity approach (sda),simo-reissner beam theory,geometrically exact beam theory,minimeringsalgoritm,simo-reissner balkteori,icke kompatibla deformationsmode,konstitutiva model
Kulachenko, Artem;911;1737684;monolithic,staggered,hybrid,fracture
Östlund, Sören;912;1737684;monolithic,staggered,hybrid,fracture
Gasser, T. Christian;913;1737684;monolithic,staggered,hybrid,fracture
Buckard, Kajsa;75ff32bc-d682-4fff-8575-f730572045e0;1713353;computer graphis,ray tracing,rasterization,strategy games,datorgrafik,strålspårning,rastrering,strategispel
Isheden, Sebastian;c2584ebc-450f-47bc-aa37-415324eda11d;1646074;hydraulic erosion,3d erosion,cuda,erosion,simulation,vatten erosion,3d erosion,cuda,simulering
Siebecke, Maria;914;931496;
Arvidson, Tor;915;931496;
Kvastad, Johan;97bdc5a5-ddea-4310-a2db-1babc07e9695;1037679;security ehr electronic health record hospital computer network static dynamic manual analysis
Dolcetti, Giulio;916;1648567;
Laudato, Marco;917;1648567;
Zea, Elias;918;1648567,1605986,1707141,1814839;sound absorption,in-situ measurement,convolutional neural networks,finite size effect,delany– bazley–miki model,eigenfrequencies,room acoustics,machine learning,thunderstorms,air-traffic management,weather data,numerical weather prediction,satellite images,convolutional neural network,machine learning
Al-Kadhimi, Staffan;919;1464539,1713358;machine learning,regression,time estimation,forms,maskininlärning,regression,tidsestimering,formulär
Krappman, Alfred;d50ea6de-bd6f-4bcd-9d9b-24acf146eb0f;1099048;
Forsberg, Rebecka;8fe3fa69-b2e1-4c6a-9bf3-ff2d4c53e28d;1707216;industrial cyber security forensics,programmable logic controller,forensic analysis,artefacts,forensic readiness,industriell cybersäkerhet forensik,programmerbar logikkontroller,forensik analys,artefakter,forensisk mogenhet
Lustig, Joakim;e3263cb6-5733-4a68-bb25-f9c3f09e293a;955646;dyslexia,machine learning,neural networks,recurrent neural networks
Hannesson, Kristófer;a87c82b7-1383-4f8e-a471-62dc1e071821;1152429;social networks,graph theory,centrality,influence maximization,mmo,computer games
Norlin, Patrik;921;1118107;machine learning,b2b,industrial marketing,pu-learning
Paulsrud, Viktor;922;1118107;machine learning,b2b,industrial marketing,pu-learning
Karlsson, Mikael;ee92cfba-e0e1-452d-9031-f214da581e41;1600278;transformer models,clustering,embeddings,deep learning,fault identification,transformatorbaserade modeller,klustering,djupinlärning,felidentifiering
Göthner, Fredrik;c9f8774f-abac-40dd-9c44-38d105780da5;699672;
Hultin, Hanna;d5f60a4d-8fe5-4963-a718-800cb6c2f602;813822;
Pertoft, John;1322;953765,771121;topic model,image dating
Axelsson, Ludvig;128d4c02-d21b-4aff-bb3c-325b6aee4c7a;1150007;immutability,empirical study,static analysis
Edström Kawaji, Simon;924;1214497,1888246;machine learning,glow,virtual reality,animation,generative models,motion synthesis,normalizing flow,probabilistic models,maskininlärning,glow,virtuell verklighet,animation,generativa modeller,rörelsesyntes,normaliserande flöden,probabilistiska modeller
Ribom, Johan;925;1214497;
Axblad, Tom;b024a572-7580-4bac-b2af-e22440d44d70;1471622;
Caballero Castro, Joan;a7e10dbf-f3d4-425a-935d-e30864529451;1900560;class imbalance,lightgbm,hyperparameter optimisation,machine learning,minority class prediction,desequilibri de classes,lightgbm,optimització d’hiperparàmetres,aprenentatge automàtic,predicció de classe minoritària,klassobalans,lightgbm,hyperparameteroptimering,maskininlärning,förutsägelse av minoritetsklass,desequilibrio de clases,lightgbm,optimización de hiperparámetros,aprendizaje automático,predicción de clase minoritaria
Andersson, Elias;927;810822,1118874;information centric networking,content centric networking,disaster scenarios
Ronneling, Benjamin;928;1593154,1789094;swiftui,uikit,performance analysis,swiftui,uikit,prestationsanalys
Skantz, Anna;930;1593449,1793389;kotlin multiplatform mobile,cross-platform,native,ios,kotlin,swift,performance evaluation,benchmarking,mobile,garbage collection,kotlin multiplatform mobile,plattformsoberoende,native,ios,kotlin,swift,prestandautvärdering,benchmarking,mobil,garbage collection
Gateman, Solbritt;931;1593449,1789092;web development,bioinformatics pipelines,precision medicine,user-centred design,interface design
Tran Florén, Simon;c7d0ef3e-6db0-4bc3-9585-a2ab8626e556;1592510;authentication,authorization,access control,microservices,microservice security,security tokens,security patterns,performance,autentisering,auktorisering,åtkomstkontroll,mikrotjänster,mikrotjänstsäkerhet,säkerhetstokens,säkerhetsdesignmönster,prestanda,belastningstestning
Ung, Gustav;337520eb-5969-4a0d-9273-b2a53715a8fb;1592825;formal methods,bounded model checking,stateflow,sldv,formella metoder,begränsad modellprovning,stateflow,sldv
Leborg, Sebastian;b0cc5ee0-8145-4f24-9c91-9927100ea586;1142220;maskininlärning,resursbegränsade system,parallelism,telecom,5g
WERKELIN AHLIN, OSKAR;94ac40a1-b1d2-4149-ba99-b524297a3f8c;700016;
Svanholm, Fredrik;29415e81-f5de-4238-9df9-1e308d226882;1853109;decentralized finance,fund,crypto,crypto currency,recalibration,finance,decentraliserad finans,fond,krypto,krypto valutor,rekalibrering,finans
Wärnberg, Emil;d58663ff-a127-41d5-a9b0-d6c815943500;753649;
Al Hafiz, Muhammad Ihsan;cf2a2731-33c3-4d04-949f-599e256771e0;1811287;bolt detection,visual-inertial localization,system-on-chip (soc),field-programmable gate array (fpga),machine learning,perspective-n-points,error-state extended kalman filter (esekf),high-level synthesis (hls),yolo,tightening tool,bultdetektering,visuell-tröghetslokalisering,system-on-chip (soc),field-programmable gate array (fpga),machine learning,perspective-n-points,error-state extended kalman filter (esekf),high-level synthesis (hls),yolo,åtdragningsverktyg
Nguyen, Van Dang;32f3b8e1-eb4d-4949-b2d7-5aa05a2dfaee;1082857;
Arvestad, Isaac;934;1212715,1642282;
Lagebrand, Henrik;935;1212715;
Amcoff, Artur;60022291-aac6-43fe-9cc7-db70c0d43212;1897728;zero trust,perimeter security,hybrid cloud,legacy devices,nolltillitsmodellen,skalskyddssäkerhet,hybridmoln,föråldrade enheter
Wiman, Mårten;fdac1a1a-d3e7-40dc-a0be-9ceaf179ebe7;1229467;inapproximability,max-cut,2-lin(2),np,unique games
Åkerlund, Elias;3bcc3cab-1e4a-4690-9e9d-392d08ffa9b1;1725006;active learning,multiple choice question,student generated questions,user interface design,interface evaluation,ripple,peerwise,mycleverquestion,aktivt lärande,flervalsfrågor,studentgenererade frågor,användargränssnittsutformning,gränssnittsutvärdering,ripple,peerwise,mycleverquestion
Li, Nan;74c39b30-98f8-418d-b094-3147df7100b7;808495;
Mellin, David;a8a0fd7d-22c1-422f-833b-2195cfb96284;1697686;named entity recognition,data augmentation,self-training,bert,few-shot learning,identifiering av namngivna entiteter,datautökning,självträning,bert,fåförsöksinlärning
Wagner, Jannik;7d3df1a9-b7e4-4d2c-b165-b3f832c2a5d3;1837748;behavior trees,reinforcement learning,control barrier functions,robotics,artificial intelligence,verhaltensbäume,verstärkendes lernen,kontrollbarrierefunktionen,robotik,künstliche intelligenz,beteendeträd,förstärkningsinlärning,kontrollbarriärfunktioner,robotik,artificiell intelligens
Granlund, Oskar;936;1108666;ocr,natural images,thresholding,image segmentation,k-means,otsu,ocr,naturliga bilder,otsu
Böhrnsen, Kai;937;1108666;ocr,natural images,thresholding,image segmentation,k-means,otsu,ocr,naturliga bilder,otsu
Möckelind, Christoffer;1530;1252502,930038;deep learning,monocular,depth estimation,narrow field of view,rgb,rgbd,noicy depth,dense depth,narrow depth,sparse depth
Andersson, Klas;4f359871-5f33-48cc-9e8e-aa1f148e7e06;1610792;uav,autonomous soaring,cooperative soaring
Fathollahzadeh, Pedram;5abbb638-6807-4b23-9c5d-fd128b58b10a;1192855;collaborative filtering,content-based method,matrix factorization,recommender systems,hierarchical classification,food recipes
Westlund, Mikael;3e1a5a00-48b1-4550-a679-c3b16403e27a;1750932;autonomous driving,deep learning,domain adaptation,image classification,lidar,transfer learning,självkörande fordon,djupinlärning,domain adaptation,bildklassificering,lidar,överföringsinlärning
Jiang, Zehao;ddce2ed7-b988-4418-8c41-011ee257de53;1868218;light detection and ranging,autonomous driving,deep learning,multi-task network,light detection and ranging,autonom körning,deep learning,multi-task network
Spele, Noa;939;1213402,1636010;
Acin, Medya;940;670614;
Stansvik, Elvis;941;670614;
Gangalic, Catalin;465bfb02-7e83-461c-b26f-1648cd382d07;1600995;distributed systems,kubernetes,time series,builds systems,continuous integration,distribuerade system,kubernetes,tidsserier,bygger system,kontinuerlig integration
Xie, Yuhan;2276dc40-7e33-4bff-a00b-ebcf91c47577;1913441;machine learning,self-supervised learning,representation learning,time series classification,pre-training and fine-tuning,joint-learning,maskininlärning,självledd inlärning,representationsinlärning,tidsserieklassificering,förträning och finjustering,femensamt lärande
Ye, He;b526ab08-6a3d-4a5f-ad64-259c5fc5ece9;1735113;
Manjikian, Hovig;1619;1801578,1464537;formal verification,automated verification,contract inference.,formell verifiering,automatiserad verifiering,kontraktgenerering.,synthetic data set,generating synthetic data set,machine learning,deep learning,convolutional neural networks,machine learning model,character recognition in natural images,char74k,icdar2003.,syntetiskt dataset,generera syntetiskt data,maskininlärning,maskininlärningsmodell,djuplärning,konvolutionära neurala nätverk,teckenigenkänning i bilder,char74k,icdar2003
Panesar, Amrita Kaur;0d279907-099d-4326-96f9-ada449016e13;1649630;vqa,rgb-d,explainability,grad-cam,human-robot interaction,vqa,rgb-d,förklarbarhet,grad-cam,samspel människa-robot
Ekholm, Oscar;1175;1678561,1464511;malware analysis,malicious pdf,malware detection,machine learning,evasion,analys av skadlig programvara,skadlig pdf,detektion av skadlig programvara,maskininlärning,undanflykt
Fahlström Myrman, Arvid;b4925382-ef93-40be-bb0e-84bd9f6c646e;1117712;speech recognition,unsupervised speech learning,unsupervised acoustic modelling,siamese networks,linear networks,speech embeddings,dimensionality reduction
Lajoie-Mazenc, Thibaut;e76c6b24-61d2-4ae7-b851-79c7611c98fc;1051879;bitcoin,double-spending,forks
Feychting, Sara;8345b4bd-78a2-4fe0-97d7-18dd51ccd5ec;927807;
HILLNERTZ, FREDRIK;c1094cd3-3b13-4db3-b93b-f9e3022ba308;763345;
Reimers, Axel;942;1014931;index,data mining,knowledge discovery in databases,lucene.net,inverted index,index,data utvinning,kunskaps upptäckelse i databaser,lucene.net,inverterad index
Gustafsson, Isak;943;1014931;index,data mining,knowledge discovery in databases,lucene.net,inverted index,index,data utvinning,kunskaps upptäckelse i databaser,lucene.net,inverterad index
TJERNBERG, ISAK;223bbc4b-7914-4c7e-8b99-ff9d9d31f27d;700304;
Blanc, Hugo;42af5c42-f6d6-4d15-952d-0a3798390754;700149;
HUGMARK, JOAKIM;5fcb61b0-a44e-4ae1-9da2-b14f834969bb;699697;
Hall, Otto;a283fa9f-f233-419f-a0e5-298cf7954d04;1143261;gaussian processes,latency prediction,buffer queue times,non-parametric models,machine learning,direct market access,trading systems,microstructure market data,dynamic software optimisation
Berg, Therese;944;459653;state machines,regular inference,verification,integration,components
Jonsson, Bengt;945;459653,503169;state machines,regular inference,verification,integration,components
Ulander Voltaire, Gabriel;9eadbfb2-ad56-4be6-bd7a-48edb898cddc;1560492;
Teo, Arnold;946;1593007;
Yosief, Daniel Tsada;947;1593007;
Zojaji, Sahba;948;1539659;embodied conversational agents,face threatening acts,multi-modal perception,persuasiveness,politeness,small group behavior,daily lives,face to face,human agent interactions,virtual agent,intelligent virtual agents
Pelachaud, Catherine;949;1539659;embodied conversational agents,face threatening acts,multi-modal perception,persuasiveness,politeness,small group behavior,daily lives,face to face,human agent interactions,virtual agent,intelligent virtual agents
Sparrenhök, Jonny;b5317ea2-ed04-40f3-81de-7e75972d41c2;1592730;
Tan, Tuoyuan;08c3a7f8-c825-4e57-8992-510fbd306869;1797628;natural language processing,information extraction,graph neural networks,invoice,behandling av naturligt språk,informationsutvinning,grafiska neurala nätverk,faktura
Storby, Johan;99f88c05-c958-49ae-823f-754362d62968;949753;natural language processing,nlp,recipe,information extraction
Yusuf Isse, Jamila;950;927339;
El Ghouch, Chaimae;951;927339;
Ljunglid, Johan;d9b3e65a-17cb-4dd4-8405-ee6cfe33b18d;700053;
Lundblad, Andreas;ffd69d06-6afc-45af-8170-3fe43ab39f0f;606487;runtime monitoring,policy enforcement,tree automata,monitor inlining,certification,concurrency
Smith, Christian;4b38f722-189a-4d47-83df-6cf14c610afa;277854;robot,teleoperation,human motion models
Wang, Siyang;952;1663462,1664509;gesture generation,neural networks,speech synthesis,piping systems,neural-networks,pipeline systems,research applications,research communities,simple system,single models,state of the art,system level pipelines,text to speech,water pipelines,motion generation,reinforcement learning,referring actions,pointing gestures,human-robot interaction,motion capture
Alexanderson, Simon;953;1663462,1471598,1563826,1499133,1664509;gesture generation,neural networks,speech synthesis,piping systems,neural-networks,pipeline systems,research applications,research communities,simple system,single models,state of the art,system level pipelines,text to speech,water pipelines,generative models,machine learning,normalising flows,glow,footstep analysis,data dropout,statistical robustness,student's t-distribution,outliers,resistant statistics,generalisation,wasp_publications,ccs concepts,computing methodologies,motion capture,animation,neural networks,gestures,motion capture,data-driven animation,character control,probabilistic models,wasp_publications,motion generation,reinforcement learning,referring actions,pointing gestures,human-robot interaction
Gustafsson, Joakim;954;1663462,1761460,1585967;gesture generation,neural networks,speech synthesis,piping systems,neural-networks,pipeline systems,research applications,research communities,simple system,single models,state of the art,system level pipelines,text to speech,water pipelines,speech synthesis,prosodic control,neuralhmm,spontaneous speech,creaky voice,multi-party interactions,non-verbal behaviors,eye-gaze patterns,head gestures,human-robot interaction,artificial listener,social signal processing
Beskow, Jonas;955;1663462,1471598,1354629,1499133,1664509;gesture generation,neural networks,speech synthesis,piping systems,neural-networks,pipeline systems,research applications,research communities,simple system,single models,state of the art,system level pipelines,text to speech,water pipelines,generative models,machine learning,normalising flows,glow,footstep analysis,data dropout,ccs concepts,computing methodologies,motion capture,animation,neural networks,gestures,motion capture,data-driven animation,character control,probabilistic models,wasp_publications,motion generation,reinforcement learning,referring actions,pointing gestures,human-robot interaction
Henter, Gustav Eje;956;1663462,1471598,1761460,1563826,1499133;gesture generation,neural networks,speech synthesis,piping systems,neural-networks,pipeline systems,research applications,research communities,simple system,single models,state of the art,system level pipelines,text to speech,water pipelines,generative models,machine learning,normalising flows,glow,footstep analysis,data dropout,speech synthesis,prosodic control,neuralhmm,spontaneous speech,creaky voice,statistical robustness,student's t-distribution,outliers,resistant statistics,generalisation,wasp_publications,ccs concepts,computing methodologies,motion capture,animation,neural networks,gestures,motion capture,data-driven animation,character control,probabilistic models,wasp_publications
Székely, Éva;957;1663462,1761460;gesture generation,neural networks,speech synthesis,piping systems,neural-networks,pipeline systems,research applications,research communities,simple system,single models,state of the art,system level pipelines,text to speech,water pipelines,speech synthesis,prosodic control,neuralhmm,spontaneous speech,creaky voice
Wälken, Antonia Sophia;1cc324ec-caf1-4aae-ab55-7b9e7b343f9a;1885511;database integration,real-time systems,ada,communication technology,defense systems,datenbank integration,ada,echtzeitsysteme,kommunikationstechnik,verteidigungssysteme,databas integration,realtidssystem,ada,kommunikationsteknik,försvarssystem
Broström, Andreas;1484;840439,668744;agile,security,testing,vulnerability scanner,detection
Johansson, Ronnie;1d6a1923-2b36-468c-8d6c-df96d379b573;322861,9892;multi-robot systems,sensor management,perception management,data fusion,information fusion,large-scale information acquisition,multi-agent coordination protocol,axiomatic bargaining theory,particle filter tracking,pyro-electric infrared sensor,multi-robot system
Rashid, Zahin Azher;1a9bf0a1-6b68-4826-ab4a-c2672b1a8fd0;1164149;
Aarno, Daniel;4ceb3ec0-9262-4838-957b-cc86eb11becb;11710;robotics,human-machine collaboration,virtual fixture,hidden markov model,machine learning,artificial intelligence
Månsson, Daniel;e50efc98-9499-4975-a5da-40fa8256af4d;676516;
Johansson, Johan;a0c9ffa1-7683-4c98-9a32-50ed1733542e;862394;detector,descriptor,evaluation,ir-image
Meyer, Viktor;5cd575bc-daf1-44b0-ab61-c7f30e05e9d8;1612584;computing methodologies ! ray tracing,information systems ! data access methods,hierarchical data models,beräkningsmetoder ! strålspårning,informationssystem ! dataåtkomstmetoder,hierarkiska datamodeller
Diotallevi, Claudio;958;1530904;digitalization,information management,internet of logistics,shift2rail
van Bunningen, Thomas;959;1530904;digitalization,information management,internet of logistics,shift2rail
Aronsson, Martin;960;1530904;digitalization,information management,internet of logistics,shift2rail
Kordnejad, Behzad;961;1530904;digitalization,information management,internet of logistics,shift2rail
Bergstrand, Jan;962;1530904;digitalization,information management,internet of logistics,shift2rail
Åkerfeldt, Mats;963;1530904;digitalization,information management,internet of logistics,shift2rail
Dovile, Trepkeviciute;116cd858-62d4-4e91-8c51-796fbc69388e;1112935;internet of things,iot,media,over the top television,connected tv,video recommendations,smart things
Haseeb, Abdul;c03bfa3a-2400-41fa-b131-5282d2f04e76;274519;interoperability,incremental learning,unreliable heterogeneous communicating systems,robotics
Belić, Jovana;964;1087783;striatum,fast-spiking interneurons,network oscillations,medium spiny neurons,gabaergic transmission,corticostriatal interactions
Kumar, Arvind;965;1087783;striatum,fast-spiking interneurons,network oscillations,medium spiny neurons,gabaergic transmission,corticostriatal interactions
Hellgren Kotaleski, Jeanette;966;1087783;striatum,fast-spiking interneurons,network oscillations,medium spiny neurons,gabaergic transmission,corticostriatal interactions
Soto Valero, César;969;1687996,1823042;sign language interpretation,machine learning,convolutional neural networks,transfer learning,sbom,software supply chain
Baudry, Benoit;970;1687996,1823042;sign language interpretation,machine learning,convolutional neural networks,transfer learning,sbom,software supply chain
Karlsson, Henrik;971;929771,810979;
Aldor, Edvard;973;1597393;
Helle, Daniel;974;1597393;
Bång, Filippa;b75b4664-c03e-40ca-8e8c-0609102e791f;1458896;
Hensman, Paulina;1546;1189830,811111;video coding,video compression,intra-prediction,ann,cnn,fcn,artificial neural networks,convolutional neural networks,fully connected networks,hevc,videokodning,videokomprimering,intra-prediktion
SIMONSSON, MIKAEL;dffd3213-b06a-4252-bdce-cf58a7ee9789;680626;
Norgren, Eric;975;927039,1278712;machine learning,radar,radar pulses,radar signals,pulseradar,pulse repetition interval,modulation,classification,lstm,long short term memory,feature extraction,saab,ai,artifical intelligence,radar warning receiver,rwr,neural network,maskininlärning,radarpulser,radar signaler,pulsradar,pulsrepetitionsintervall,modulationstyp,modulering,klassificering,lstm,särdrag,artificiell intelligens,radarvarnare,neuralt nätverk
Jonasson, Johan;976;927039;
Manousian, Jonathan;68aeda6e-f648-421c-924f-5f49121a7f07;1692921;cloud,serverless,monolithic,load testing,function as a service,molnet,serverlös,monolitisk,belastningstesning,function as a service
Prüzelius, Pontus;977;1700120;
Morales Sundstedt, Michael;978;1700120;
Nordstedt, Marcus;979;1599563;
Edvardsson, Oskar;980;1599563;
Bauer, Erik;8f0daabf-faa3-4cda-810f-1614531aa5ed;1824005;
Fridsén Skogsberg, Rikard;cc803bf4-d98a-43c8-905a-919dd3e988c0;1749930;multi-objective reinforcement learning,radio resource scheduling,deep q-networks,single-policy,multi-policy,scalarization.,flermåls förstärkningsinlärning,radio resurs schemaläggning,djupa q-nätverk,enskilt mål,flermål
Rostami, Lara;de274bfc-19eb-4eb8-b13e-4fe41e7651fb;1710603;information retrieval,search engine,search algorithm,bm25,short documents,titles,title search,informationssökning,sökmotor,sökalgoritm,bm25,korta dokument,titlar,titelsökning
Pettersson, Christoffer;412;943470;machine learning,unsupervised,natural language processing,nlp,clustering,centroid based,k-means,text clustering,limited data,email clustering,lsa,svd,tf-idf,dimensionality reduction,the gap statistic,lloyd's algorithm,vectorization,feature extraction
Aurell Hansson, Björn;5998e531-ff4c-45c3-8eb8-dedcdb2f7997;1602172;machine learning,transformers,multilingual-t5,question answering,nlp,maskininlärning,transformatormodeller,frågeställning,naturlig språkbehandling.
Nyberg, Per;983;927331;
Widegren, Filip;985;1610282;
Lagerqvist, Arvid;986;1610282;
Westberg, Simon;656637d7-3355-46d0-b6f5-a47eb5eaa6eb;1591962;
Holmér, Viktor;987;927067;nin network in convolutional investigating neural artificial computer vision
Lundmark, Lukas;988;927067;nin network in convolutional investigating neural artificial computer vision
Almqvist, Oscar;989;1464532;
Vickström, Eric;990;1464532;
Muresu, Daniel;50955b87-8238-4747-ba5e-f20df8989ef9;1597972;microservices,security,kubernetes,intrusion detection,security tools,mikrotjänster,säkerhet,kubernetes,upptäcka intrång,säkerhetsverktyg
Nagy, Gábor;991;1463810;
Thai, Kitty;992;1463810;
Lansner, Erik;d2cfb380-ce1f-4fa7-b1f9-da0fbf44fc24;1609454;
Dahlin, Fredrik;a3fbf92f-e113-47ca-976b-14473049fac2;953677;eye tracking,user behavior,web applications,machine learning,hidden markov model,restricted boltzmann machine
Sundström, Alex;1001;1239808,926622;machine learning unit test software defect prediction continuous integration
Gruneau, Joar;f12ab50e-4b35-4382-96a9-b812b6aba135;1233056;segment,gans,satellite imagery analysis,unet,generative adversarial network,vehicle detection,connected component,weighted loss
Elmdahl, Kalle;993;1773921;event stream processing,data management,distributed systems,eventströmshantering,data hantering,distribuerade system
Nilsson, Hampus;994;1773921;event stream processing,data management,distributed systems,eventströmshantering,data hantering,distribuerade system
Liu, Xindi;363418f6-069e-48a9-ac2c-b3580e2be475;1596759,1871793;bayesian,phylogenetic inference,variational inference,subsplit bayesian networks,gene tree,species tree,gene duplication and loss,reconciliation,bayesiansk,fylogenetisk inferens,variationsinferens,subsplit bayesianska nätverk,genträd,artträd,genduplikation och förlust,försoning
Hedenmalm, Victoria;995;1217973;alzheimer's disease,mild cognitive impairment,machine learning,microbiota,gut flora,bile acids,adni,classification,metabolomics,alzheimers sjukdom,mild kognitiv störning,maskininlärning,tarmflora,gallsyra,adni,klassificering
Westberg-Bladh, Alexander;996;1217973;alzheimer's disease,mild cognitive impairment,machine learning,microbiota,gut flora,bile acids,adni,classification,metabolomics,alzheimers sjukdom,mild kognitiv störning,maskininlärning,tarmflora,gallsyra,adni,klassificering
Johansson, Gustaf;997;1700117;multi-agent games,imperfect information,strategy synthesis,structural conditions,fleragentsspel,ofullständig information,strategisyntes,strukturella villkor
Bergmark, Gustaf;998;1700117;multi-agent games,imperfect information,strategy synthesis,structural conditions,fleragentsspel,ofullständig information,strategisyntes,strukturella villkor
Pitz, Tobias Steffen;e77fa00a-147f-49c7-801c-664dbd89f704;1789912;sustainability,venture capital,sustainability impact assessment,start-ups,impact investing,hållbarhet,riskkapital,konsekvensbedömning av hållbarhet,nystartade företag,investeringar med påverkan
HEDIN, ROBERT;f3354c0f-0016-420f-9faf-3c114a74146b;762848;
Jönsson, Andreas;999;928014;
Cserhalmi, Daniel;1000;928014;
Hörberg, Eric;728520f3-76ca-4085-b44d-b49a2c94ba60;770315,669120;
Ähdel, Victor;1002;926622,1238488;machine learning,deep learning,computer vision,keypoints,interest points,features,homography
Liljeström, Alfred;1003;1906601;iterated prisoner’s dilemma (ipd),game theory,noise,number of rounds,zero-deterministic strategies,iterativt prisoner’s dilemma (ipd),spelteori,noise,antal omgångar,zero-deterministiska strategier
Mörsell, Martin;1004;1906601;iterated prisoner’s dilemma (ipd),game theory,noise,number of rounds,zero-deterministic strategies,iterativt prisoner’s dilemma (ipd),spelteori,noise,antal omgångar,zero-deterministiska strategier
Xiang, Ziyi;35a4b676-400e-498c-90e9-0ed6dcc2afea;1656591;java program repair,roberta,neural machine translation architecture,reparation av java­program,roberta,neural maskinöversättningsarkitektu
Nilsson, Martin;be094744-8f14-4017-85aa-aeaa445c322c;1596767;
Hakimzadeh, Kamal;1005;1333347,1333336;cloud computing,distributed systems,configuration management,orchestration,cloud computing,functional programming,elasticity,auto-scaling,feedback control loop
Dowling, Jim;1006;1333347,1333336,1260838,1941571,1941572;cloud computing,distributed systems,configuration management,orchestration,cloud computing,functional programming,elasticity,auto-scaling,feedback control loop,ablation studies,deep learning,feature ablation,model ablation,large language models
Andersson, Måns;1718;1799790,1463776;cryptography,audit log,tamper-evident,merkle tree,kryptografi,granskningslogg,manipuleringsupptäckbarhet,merkle träd
Pettersson, Isak;f14d75d8-da66-42fa-ad04-019ce6b040dc;1704893;active learning,classification,language models,natural language processing,swedish,transformers,toxic text,aktiv inlärning,klassificering,språkmodeller,språkteknologi,svenska,transformer nätverk,toxisk text
Tällberg, Kajsa;89eeefbf-47a2-444b-8c9d-ffdcee599a88;1903663;human-robot interaction,collaborative robots,laboratory automation,teaching robots,user-centred design,robot interfaces,människa-robot-interaktion,samarbetsrobotar,labbautomation,lära robotar,användarcentrerad design,robotgränssnitt
Norman, Pontus;8766ce61-187e-45a9-8db9-bdf4e8ad455a;1896705;key information extraction,receipts,machine learning,multimodal language models,nyckelinformationsextraktion,kvitton,maskininlärning,multimodala språkmodeller
Liliequist, Erik;1007;943456;knowledge base,back-end implementation,possible front-end implementations and uses
Jonsson, Martin;1008;943456;knowledge base,back-end implementation,possible front-end implementations and uses
Nycander, Martin;2de1267e-c44c-4ed0-a1fc-640d16379dc9;701680;
Loiko, Alex;1009;1054689;
Sjöbergh, Jonas;05781a0f-a898-43d6-a463-b642c95ea136;10439;computer science
Zhu, Di;62c7f385-14b9-49f7-b267-4333e439f0bb;1149023;etl,spark,aws,large scale data warehouse,etl,spark,aws,storskaliga datalager
Chien, Wei Der;300fb87c-cd75-4ade-8e3b-17b5605e79c1;1650639;hpc,i/o,parallel i/o,mpi,object storage,tensorflow,data-centric,artificial intelligence,machine learning
Djurfeldt, Mikael;1f53cc60-0c4c-49d6-9312-1697e8c739cb;221070;
Aksjonova, Jevgenija;21e17a8c-cfdc-49e2-bd52-a879fcf25b30;1241818;visual odometry,deep learning,key-points,detector,descriptor
GHADIRZADEH, ALI;365;699647;
Shokri-Ghadikolaei, Hossein;1010;1355470;machine learning,optimization,non-convex,data compression
Ghauch, Hadi;1011;1355470;machine learning,optimization,non-convex,data compression
Fischione, Carlo;1012;1355470,676156;machine learning,optimization,non-convex,data compression,cross-layer interaction,expected transmission counts,ieee 802.15.4 macs,medium access control(mac),network lifetime,reliability constraints,routing approach,routing metrics,low power electronics,medium access control,standards,network routing
Vidimlić, Haris;f7b10a3d-5920-4bc9-ac09-fe5d41e342f0;1783232;serious games,energy literacy,physicalization of data,game mechanics,thematic analysis,serious games,energy literacy,fysikalisering av data,spelmekanismer,tematisk analys
Leskelä, Hannes;1014;769994;
Binz, Marcel;3b377228-76b6-4db3-a5b9-3cb0f76eb93e;1136420;hierarchical reinforcement learning,options,deep neural networks
Engström, Felix;1015;930599;
Pleaner, Eli;1016;930599;
Aalto, Erik;e527cd75-7b7f-47a1-9d70-f29c15a84b7d;850112;playlist generation,machine learning,music recommendation
Rickli, Manuel;9bdd7957-bf63-414b-a25e-ea152cb30611;1643829;
Frösslund, Lukas;d3922409-69cf-45cf-826d-eb704914645a;1606449;
Brandão, Eric;1017;1605986;sound absorption,in-situ measurement,convolutional neural networks,finite size effect,delany– bazley–miki model
Nolan, Mélanie;1018;1605986;sound absorption,in-situ measurement,convolutional neural networks,finite size effect,delany– bazley–miki model
Andén, Joakim;1019;1605986;sound absorption,in-situ measurement,convolutional neural networks,finite size effect,delany– bazley–miki model
Cuenca, Jacques;1020;1605986,1707141;sound absorption,in-situ measurement,convolutional neural networks,finite size effect,delany– bazley–miki model,eigenfrequencies,room acoustics,machine learning
Svensson, U. Peter;1021;1605986,1707141;sound absorption,in-situ measurement,convolutional neural networks,finite size effect,delany– bazley–miki model,eigenfrequencies,room acoustics,machine learning
Bekiroglu, Yasemin;599b404d-6ada-49b8-b2d8-ccc7877cca32;562726;robotic grasping,machine learning,tactile sensing
TÕNISSON, MEIDI;4c2e3f25-afc2-4824-b419-ceeab1011b82;762854;
Poletti, Matteo;89398f53-3b6f-42db-af10-cea917c4010c;839530;targeting advertisement machine learning
Khosrowjerdi, Hojat;f19c0036-4510-496b-ba07-3111bc3fd60b;1298427;machine learning,fault injection,requirements testing,embedded systems,model checking,automotive software,requirements modeling
LUNDMARK, SIMON;c5ba8c08-29a4-4446-9e0a-a863006d3ff1;703054;
Sophia, Bäckström;57de59c8-8b20-4bba-a8af-52e6146749f7;1065359;software testing
Nycander, Peter;1303;847215;microservices lbtest learning-based testing lbt trioptima
Bampi, Roberto;ee043135-572d-4823-a724-1987aeb96364;1164146;
ROSENVINGE, JOHANNA;2c6d4f50-e4b8-4f83-ae6a-c53486755cd2;699959;
Mukhopadhyay, Sagnik;1022;1303418;
Loff, Bruno;1023;1303418;
Reimers, Erik;36d4b62e-d68a-4c37-bd7f-bfd536236936;1133963;scala,lacasa,flow-sensitive,aliasing
Haghifam, Mahdi;1024;1763975;
Thobaben, Ragnar;1026;1763975;
Roy, Daniel M;1027;1763975;
Dziugaite, Gintare Karolina;1028;1763975;
Jang, Insu;1029;1608645;cloud computing,data centers,distributed file systems,storage systems,operating systems,networking
Im, Jaeseong;1030;1608645;cloud computing,data centers,distributed file systems,storage systems,operating systems,networking
Zhang, Tong;1031;1343496;
Yang, Hui;1032;1343496;
Guo, Haifeng;1033;1343496;
Enjoyor Co., Ltd, Hangzhou 310030, China.);e1dae1dc-d4fe-4cef-8fc8-8b4e8326106e;1343496;
Magureanu, Stefan;1034;737623;multi-armed bandits
Combes, Richard;1035;737623;multi-armed bandits
SEIM, PATRIK;2c56ca41-cb76-45fa-a432-f8933fad1fa8;699422;
Forsberg, Mikael;427e6ff2-f748-4b87-a768-8645605f2ff6;1213984;timetabling,university course timetabling problem,metaheuristics,hybridization,genetic algorithm,tabu search,schemaläggning,university course timetabling problem,metaheuristik,hybridisering,genetisk algoritm,tabusökning
Getahun, Kidus Y.;9d492177-2e7f-49e8-aef0-a62b01d872f0;1804292;ugv,husky,robotics operating system,traversability estimation,vehicle dynamics,elevation mapping,ugv,husky,framkomlighets bedömning,fordonsdynamik
Schüldt, Christian;1037;335153;motion,local features,motion descriptors,matching,velocity adaptation,action recognition,learning,svm,human movement,representation,scale
Mitic, Aleksandar;ead3bbbc-5582-4da4-943b-751c9f17d683;1639274;load-balancing,locality-aware load-balancing,latency-based load-balancing,service mesh,traffic director,lastbalansering,lokalitets-medveten lastbalansering,latens-baserad lastbalansering,service mesh,traffic director
Goyard, David;de12e990-5382-48b4-8b2a-cd6a0660fa0d;703037;
Magnell, Felix;57e808c9-bf15-4aef-a27c-b99382bc8af0;1609423;
Hunt, Kristian;51047fe0-7f18-441d-84fb-3b1655b87efb;944053;log analysis machine learning failure diagnosis workload prediction automatic scaling cloud computing
Cohen, Mika;1109;12265,808215;epistemic logic,first-order logic,formal cryptography,static equivalence,security protocols,ban logic,multi-agent system,completeness,logical omniscience problem,sbvr,business rules,nlis to databases
Mehrpanah, Amir;1038;1857950;
Yus, Diego;3650e7ae-de0d-4f49-9888-1b658fc860fe;1241645;long-term movement prediction,machine learning,transport,vehicle,feature representation,n-gram,geohash,periodicity
Benzinger, Elsa;1039;1599143;human computer interaction,hci,usability,education,navigation,lostness,finding information,bachelor’s thesis,remote learning,learning management systems,lms,online learning,människa- datorinteraktion,mdi,användbarhet,utbildning,vilsenhet,hitta information,kandidatexamensarbete,distansutbildning,utbildningsplattform,lärplattform
Svenberg, Malin;1040;1599143;human computer interaction,hci,usability,education,navigation,lostness,finding information,bachelor’s thesis,remote learning,learning management systems,lms,online learning,människa- datorinteraktion,mdi,användbarhet,utbildning,vilsenhet,hitta information,kandidatexamensarbete,distansutbildning,utbildningsplattform,lärplattform
Sundström, Simon;c9d2ba17-d4d3-442d-8389-a6b0d9e8c825;1886722;virtual reality,sonification,virtuell verklighet,sonifiering
Röhss, Gustav;1041;1464477;
Vall, Míriam;1042;1464477;
de Rezende, Susanna F.;14a31953-7675-424a-90ed-0d18efa8ddc9;1318061;proof complexity,trade-offs,lower bounds,size,length,space
Li, Edwin;9ee312cd-2ca2-4c80-b860-7bc9f8de57a0;1231223;stock market analysis,financial markets,lstm,rnn,artificial neural networks,machine learning,forecasting,prediction
Budulacu, Bianca Veronica;f7e7a0c1-de4d-4b2e-8c3f-223b3ac3f433;1788180;mental wellbeing,web application,international graduate students,mentalt välbefinnande,webbapplikation,internationella masterstudenter
Nyström, André;1044;814621;
BRODIN, JOHAN;1045;676654;
PELLBY, JONATHAN;1046;676654;
Di Marco, Piergiuseppe;1047;676156;cross-layer interaction,expected transmission counts,ieee 802.15.4 macs,medium access control(mac),network lifetime,reliability constraints,routing approach,routing metrics,low power electronics,medium access control,standards,network routing
Athanasiou, George;1048;676156;cross-layer interaction,expected transmission counts,ieee 802.15.4 macs,medium access control(mac),network lifetime,reliability constraints,routing approach,routing metrics,low power electronics,medium access control,standards,network routing
Mekikis, Prodromos-Vasileios;1049;676156;cross-layer interaction,expected transmission counts,ieee 802.15.4 macs,medium access control(mac),network lifetime,reliability constraints,routing approach,routing metrics,low power electronics,medium access control,standards,network routing
Lagerkvist, Mikael Zayenz;c1cc472c-17b9-4752-8801-e27fa157a29f;114295,114287;formal methods,semantics,verification,multi-threaded semantics,constraint programming,constraint propagation,optimization
Holm, Mathias;7889953b-2ce6-4948-ad91-72f998d6b910;1178589;machine learning,unsupervised learning,clustering,credit assessment,spending patterns
Almér, Henrik;1ab8e957-b138-40d8-b89a-756104997ab7;846386;machine learning,statistical analysis,data science,fuel consumption,prediction,support vector regression,artificial neural networks,random forest,linear regression
Deschand, Nolwenn;275a36df-e4e3-4396-820f-1bdc155bbb5e;1894304;machine learning,x-ray fluorescence,mineral identification,spectroscopy,supervised learning,apprentissage automatique,florescence des rayons x,identification des minéraux,spectrométrie,apprentissage supervisé,maskininlärning,röntgenfluorescens,mineral identifiering,spektroskopi,övervakat lärande
Felldin, Markus;93a2cf1a-0bd6-47aa-9bfc-a8d8a6259cb4;908072;ai,a.i.,machine learning,fault classification,bayes,classification.,computer science,maskininlärningsmetoder,maskininlärning,felklassificering,a.i.
POMIER, ROMAIN;04cd4bfb-1d28-480c-b1a3-13274af3035f;753890;
Mohammed-Amin, Tara;1e5c5d85-5f10-4162-b61a-07a1dac772bd;1876675;magnetosheath jets,mars,nasa maven spacecraft,data analysis,space plasma physics,magnetskiktsjetar,mars,nasa maven rymdfarkost,data analys,rymd- och plasmafysik
Echegaray, Daniel;2c6301b1-a09a-42d1-b199-e072bd78cb61;1127525;linked data,constraint language,shacl,shex,shapes constraint language,shape expression,lyo,toolchain,design science
Kerakos, Emil;268319b6-10c4-4a63-b851-5381da2a5b0c;1851716;reinforcement learning,risk-aware reinforcement learning,optimal control of stochastic climate-economy system,integratedassessment model,dice,overshoot risk,carbon dioxide removal (cdr) technologies,tipping points,förstärkande inlärning,riskmedveten förstärkande inlärning,optimal styrning av klimat-ekonomi system,integreradebedömningsmodeller,dice-modellen,överskjutningsrisk,koldioxidinfångning,tröskelpunkter
Sandholm, Thomas;3177d3e0-abd6-4d4d-892d-a600db9c0bb6;11914;grid market,computational grid,service level management,qos,hpc,grid middleware
Classon, Per;389;946779;technical debt,managing technical debt,django
Davies, Guy;025579c1-ba8f-401a-b85a-7d3cdf9d7439;7202;datavetenskap,specification,first order logic,verification,service integration,conceptual modeling,conflict,shema dynamics,datavetenskap
Henriks, Olof;684b279d-0f1a-42ff-9b83-f629aa5cd4e0;1070965;mapping of parameters,sonification,human body movement
Forsman, Fonzie;728a1e0b-761d-41a7-82b8-225334b97cdb;1894305;machine learning,deep learning,entity matching,entity resolution,representation learning,contrastive learning,faiss,siamesearchitecture,nearest neigbour search,classification,natural language processing,maskininlärning,djupinlärning,entitetsmatchning,entitetsupplösning,representationsinlärning,kontrastiv inlärning,faiss,siamesiskarkitektur,närmaste grann-sökning,klassificering,naturlig språkbehandling
Safari, Arash;46d617bc-875c-4be5-adc8-b254b2af1a65;1120724;gpu,matrix multiplication,apache spark,cluster,distributed matrix multiplication
Ohsaka, Naoto;1050;1879078;
Ariu, Kaito;1051;1879078,1896121,1530495;
Mützell, Martin;1052;813988;
Josefsson, Markus;1053;813988;
Susilo, Yusak Octavius;1055;916117,794679;continuous model evaluation,transportation mode segmentation and detection,trajectory data mining,error analysis,interval algebra,battery conscious,data collection,location and accelerometer data fusion,location awareness,location tracking,movement,smartphones
Grönlund, Mårten;1056;1114676;
Jefford-Baker, Jonathan;1057;1114676;
Palmér, Vidar;803a25b8-d9ca-4efc-8d2a-b805602fc1bc;1106797;
Golan, Jonathan;1058;812042;sudoku,comparison,solving
Kallin, Joel;1059;812042;sudoku,comparison,solving
Engelhardt, Carl;1061;1596640;
Rodriguez, Mijael;1062;927317;
Söderholm, Albin;1063;927317;
Eriksson, Josefine;1064;810985;
Anna, Lindelöf;1065;810985;
Åman, Agnes;1066;927320,1230985;neural networks,machine learning,primary care,linear regression,linear discriminant analysis,consultation duration,digital primary care
Nyblom, Hanna;1067;927320;
Schmidt, Eric;413;953092;computer vision,floorball,bontouch,ball,trajectory,speed,motion detection,distance estimation,smartphone,camera,opencv,iphone,ios
Olsson, Jakob;5082d8ad-aa82-464b-b016-dbfadc395822;1229962;testing,test automation,lbt,learning-based testing,telecommunication system,embedded system,embedded device,linear temporal logic,ltl,generation from data model,user requirements,inteno,micro bus architecture,ubus,key performance indicator,kpi
Nordström Qvarfordt, Felix;b3c87fd5-89aa-4f39-9607-cf2578d92d57;1903823;software bill of materials,software supply chain,vulnerability management,open-source software,vulnerability exposure time,cybersecurity,mjukvaruförteckningar,programvaruförsörjningskedja,sårbarhetshantering,öppen källkodsmjukvara,sårbarhetsexponeringstid,cybersäkerhet
Tigerholm, Jenny;e317f48a-5f28-453f-9515-6c3fd11d1b3c;516617;dendritic excitability,synchronized synaptic input,multicompartment model,epilepsy,axonal excitability,silent c–fibres,hodgkin–huxley dynamics,conduction velocity,ka
Blomqvist, Ulf;0162ea78-3476-4c3d-a36f-73395781917d;10272;
Fay, Dominik;895477a3-1d20-4fd7-aa4f-66b302932686;1400696,1808715;machine learning,privacy,differential privacy,dimensionality reduction,image segmentation,hyperparameter selection,adaptive optimization,privacy amplification,importance sampling,maskininlärning,dataskydd,differentiell integritet,dimensionsreducering,bildsegmentering,hyperparameterurval,adaptiv optimering,integritetsförstärkning,importance sampling
Sinha, Udayan Prabir;1bb838a8-8c15-41fc-8d52-5f26b88edbda;1164148;computer architecture,concurrent computing,dynamic binary analysis,memory management errors,operating systems,virtual platform,uninitialized memory,datorarkitektur,parallella mjukvarusystem,dynamisk binär analys,minneshanteringsfel,operativsystem,virtuell plattform,ej initialiserat minne
Scolari, Stefano;615a44a6-ccf6-41df-979f-a03ec1282899;1934675;computer graphics,3d gaussian splatting,rendering,computer graphics,3d gaussian splatting,rendering
Uçkun, Fehmi Ayberk;de498bd6-8ea6-49de-8833-0ca773195ac2;1799688;3d shape recognition,3d object classification,3d shape retrieval,3d object retrieval,automatic labelling,semi-supervised learning,pseudo labelling,meta pseudo labelling,multi-view convolutional neural networks,shape descriptors,multi-view representations,deeplearning,3d-formigenkänning,3d-objektklassificering,3d-formhämtning,hämtning av 3d-objekt,automatisk märkning,halv-vägledd lärning,pseudomärkning,meta pseudo-märkning,multi-view faltningsnät,formbeskrivningar,multi-view representation,djupinlärning
Brocke, Ekaterina;20015d7f-6a91-42b5-aa52-8f291234d82b;1388512;multiscale,multirate,co-simulation,electrical-chemical
Johansson, Henrik;1068;929493,1243318;query expansion,search engine,elasticsearch,clickstream
Lilja, Anton;1069;929493;
Chen, Shuyi;25c64900-eec4-41b3-8b66-6ff6098ed3f2;1871128;shape-based retrieval,computer-aided design,boundary representation,machine learning,formbaserad hämtning,datorstödd design,gränsrepresentation,maskininlärning
Alfarhani, Arami;37b06a2f-09f8-4f0e-bf64-28a4465d306e;1884870;packet delay variations,time synchronization,packet selection,ntp,ptp,paketfördröjningsvariationer,tidssynkronisering,paketselektion,ntp,ptp
Katsikas, Georgios P.;1070;1579775,1184756,1371780;elasticity,service chains,hardware offloading,accurate dispatching,100 gbe,load balancing,tagging,blackboxes,nfv,nfv,offloading,hardware dispatching,high performance,networking,load-balancing,packet scheduling,high-speed networking,intra-server load-balancing,receive side scaling,network function virtualization,rss++
Steinert, Rebecca;1071;1579775,1184756;elasticity,service chains,hardware offloading,accurate dispatching,100 gbe,load balancing,tagging,blackboxes,nfv,nfv,offloading,hardware dispatching,high performance
Liu, Kasper;adb7d1e5-fcce-45e1-b3db-a2258332cdf5;1612613;microservice architecture,monolithic architecture,devops,continuous integration,continuous delivery,cloud,migration,microservice architecture,monolithic architecture,devops,continuous integration,continuous delivery,cloud,migration
Borg, Caroline;075db873-cb64-409f-9d58-2aab2aa450d2;1801581;software testing,model-based testing,test minimization,delta debugging,modbat,modmin,mjukvarutestning,modellbaserad testning,testminimering,delta debugging,modbat
Hartmann, Michael;d033310a-9332-4bf3-b8a3-ae277d75cbc5;1936745;v2v security,cacc,platooning,vehicular protocols,misbehaviour mitigation,v2v sicherheit,cacc,platooning,fahrzeug-netzwerkprotokolle,angriffsmitigierung,v2v säkerhet,cacc,platooning,fordonsprotokoll,angreppsbegränsning
Siberov, Arvid;374d3d1c-02a0-4085-a6b2-bce19c63180b;1860569;ci/cd,threat modeling,stride,github actions,ci/cd,hotmodellering,stride,github actions
Asbai, Ali;cba61ebd-2400-4253-aee1-44f23af9f850;1887431;generative artificial intelligence,large language model,retrieval augmented generation,hallucination,chatgpt,gemini,kattis,programming higher education,generativ artificiell intelligens,stora språkmodeller,retrieval augmented generation,hallucination,chatgpt,gemini,kattis,högreutbildning inom programmering
Camerota, Fabio;ddda87b1-9634-41a3-9fcb-1e6669be7d7c;1804949;xlnet,bert,toxic comment classification,entropy-based attention regularization,xlnet,bert,toxisk kommentar klassificering,entropibaserad uppmärksamhetsreglering
Dolfe, Rafael;e0cc3652-8fe2-4192-acf1-4dce10f3c5fa;1642626;procedural content generation,expressive range,controllability,mixed- initiative,declarative modelling,level design,procedurell innehållsgenerering,uttrycksomfång,kontrollerbarhet,blandinitiativ,deklarativ modellering,nivådesign
Adler, Julien;1146;1391030,1111362;siamese neural network,gazecapture,gaze estimation,mobile,unconstrained,calibration points
Giron, Sara N.;1b47ff1f-cacf-4f2f-b96e-dab89970371e;1887670;mobile learning,employee development,workforce training,training innovation,mobilt lärande,medarbetarutveckling,personalutbildning,utbildning innovation
Alsing, Oscar;1464;1242627,811087;cnn,convolutional neural networks,transfer learning,mobile object detection,statistical learning,artificial intelligence,neural network,machine learning,support vector machine,twitter,stock forecasting.
LÖFROTH, BJÖRN;47731575-abd9-4926-b73b-4cf2e7c32eee;753928;
Rezkalla, George;2e1a21b9-e533-499b-b336-2007127cbe26;1609005;model-based testing,system-under-test,edge-pair coverage,edge coverage,node coverage,black-box testing,white-box testing,mutation analysis,test suite effectiveness,modellbaserad testning,system-under-test,kantparstäckning,kant-täckning,nodtäckning,black-box-testning,white-box-testning,mutationsanalys,testsvitseffektivitet
Danker, Anton;1672;1871803,1593457;computer science,finance,clearing,software testing,model-based testing,modbat,test oracle,datavetenskap,finans/ekonomi,mjukvarutestning,modellbaserad testning,modbat,testorakel
Zeng, Xiaofeng;0f6a7fbb-90e3-4a4e-9a83-6c71ad476fff;1791199;singing voice synthesis,source-filter model,anti-resonances,supercollider,sång röstsyntes,käll-filtersmodell,anti-resonanser,supercollider
Tannous, Mario;1072;1703746;soc,siem,sim,sem,virtual soc,on-site soc,modern soc,traditional soc,soc,siem,sim,sem,virtuell soc,on-site soc,modern soc,traditionell soc
Ayhan, Emre;1073;1703746;soc,siem,sim,sem,virtual soc,on-site soc,modern soc,traditional soc,soc,siem,sim,sem,virtuell soc,on-site soc,modern soc,traditionell soc
GEORGII - HEMMINGCYON, ALEXANDER;772336a0-0f58-446b-95d5-e18057a96d76;679896;
Bröndum, Eric;d386755f-c58a-4014-ba3e-6f659327dc89;1702211;machine learning,stockholms vatten och avfall,primary sludge,dewatering,wastewater treatment plant,simulation,time series prediction,maskininlärning,stockholms vatten och avfall,primärslam,förtjockning,avloppsreningsverk,simulering,tidsserieprediktion
Strandberg, Aron;1244;1558755,928312;
Linder, Johannes;1499;846714,871461;machine learning,deep learning,cnn,cnns,convolutional neural networks,convolutional neural nets,neural networks,neural nets,synthetic biology,alternative splicing,as,splicing,dna regulation,synthetic dna,massively parallel library,maskinlärning,cnn,cnns,convolutional neural networks,convolutional neural nets,faltning,neurala nätverk,neurala nät,syntetisk biologi,alternativ splicing,splicing,as,dna,massivt parallellt bibliotek,syntetiskt dna,robot,robotic face,kinect,microsoft kinect,animation,telepresence,robot,robotiskt ansikte,kinect,microsoft kinect,animation,telepresence
Los, Artem;9fd48ffc-eec9-4c0c-b13a-7912e5419613;1107797;
PETTERSSON, CARL;9980906d-7096-4454-8087-7c1ef2d6685e;699772;
Glimmerfors, Tobias;1074;1464542;
Olander Ålund, Simon;1075;1464542;
Bocheński, Mikołaj;4c8053bd-57dd-4aa1-8569-3936987af5d9;1713716;financial markets,reinforcement learning,multi-agent systems,deep learning,finansiella marknader,förstärkningsinlärning,multi-agent system,djupinlärning
Ravichandran, Naresh Balaji;285df0c5-188b-43c9-8359-81ef6942079f;1248299;
Ionascu, Beatrice;69c0cb80-4494-426c-8a0b-a3701441a71c;1264964;generative model,deep learning,variational auto-encoder,convolutional neural network,time-series,data reconstruction
Westermark, Pål;c7b312c4-01aa-4896-b45a-9488855af71e;10655;computer science
Raicevic, Peter;1724dc3e-68a8-4b66-a4a4-c7f499ff594a;14233;
Paulsson, Fredrik;89ac23e4-c7af-46db-9aec-cbfe656d136c;13577;computer science,technology enhanced learning,e-learning,semantic web,service orientation,learning object,virtual learning environment
Moerman, Kobe;15738675-ccd8-4657-a449-20b73e7f59fe;1791194;3d pose estimation,joint landmarks,variational autoencoder,multi-task model,loss discrimination,latent-space modulation,depth map,3d-positionsuppskattning,gemensamma landmärken,variationell autoencoder,multitask-modell,förlustdiskriminering,latent-space-modulering,djupkarta
Kuzniar, Maciej;1076;867614,756406,867620,785946;software-dened networking,reliability,openflow
PETTERSSON, MARKUS;900a65ae-267b-43e0-a074-6ddbc2a83ab3;766088;
Caraffa, Andrea;c33e4291-ce72-48d0-9430-94e30fc573b4;1614948;deep learning,monocular visual odometry,computer vision,autonomous underwater navigation,autonomous underwater vehicle,djupinlärning,monokulär visuell odometri,datorseende,autonom undervattensnavigering,autonomt undervattensfordon
Brodd, Tobias;1077;1214365;monte carlo,simulations,finance,modelling,geometric brownian motion,random walks,stock prices,probability theory,simuleringar,finans,modellering,aktiekurser,sannolikhetsteori
Djerf, Adrian;1078;1214365;monte carlo,simulations,finance,modelling,geometric brownian motion,random walks,stock prices,probability theory,simuleringar,finans,modellering,aktiekurser,sannolikhetsteori
Kozma, Viktor;1079;925056;modeling,simulations,equations,robotic arm
Baldassarre, Federico;ee4c2897-40c6-4a8f-960b-b69daa0229e3;1239446;deep learning,image generation,fashion
Svanström, Oskar;138e2a85-c1a4-4526-9621-dde211968b55;1918459;laser speckle contrast imaging,microcirculation,blood flow visualization,motion artifacts,motion detection,optical flow,real-time,laser-speckel-kontrastavbildning,mikrocirkulation,blodflödesvisualisering,rörelseartefakter,rörelsedetektion,optiskt-flöde,realtid
ADORF, JULIUS;7433ece0-66ff-4368-a56b-fcf145ec6ac5;754319;
PERVEZ, AFFAN;be1209c0-6dca-4daa-bb0d-3d0aaa1e838d;680408;
Ivarsson, Jakob;1080;927190;
Lindgren, Mathias;1081;927190;
Meurk, Erik;cca11c14-03ba-48e4-b06b-aaae1104187e;1793358;virtual reality,locomotion,three dimensional,virtuell verklighet,rörelse,tre dimensioner
Orvarsson, Simon;1082;811360;
Arnela, Marc;1084;1352328,1263543,1471890,971288;vowel-vowel utterances,biomechanical model,acoustic model,voice production,finite element method,speech production,biomechanical articulatory model,vocal tract geometry,vocal tract acoustics,finite element method
Guasch, Oriol;1085;1352328,1263543,1164950,971288;speech production,biomechanical articulatory model,vocal tract geometry,vocal tract acoustics,finite element method
Yu, Bryan;73178a9b-ae11-46fa-afdd-21eb78aab6ba;1616628;multi-agent reinforcement learning,reinforcement learning,game theory,financial networks,financial graphs,machine learning,financial graphs,computational economics,multi-agent reinforcement learning,reinforcement learning,game theory,financial networks,financial graphs,machine learning,financial graphs,computational economics
Twetman, Theodor;9134b693-bab6-479a-837d-281b10449c5b;1047082;
GAVELLI, VIKTOR;1086;769983;
GOMEZ,, ALEXANDER;1087;769983;
Piano, Matteo;fa857542-3353-4814-800a-be291e09c1ad;1168869;software security operating system linux binary instrumentation return oriented programming
Hallsmar, Fredrik;1088;927073,1649497;web applications,design by contract,generative testing,reliability,clojure,webbapplikationer,kontrakt,automatisk testning,pålitlighet,clojure
Palm, Jonas;1089;927073;
Zhang, Xiaodong;8ae7ac60-d053-4fa9-adc5-fd39460f3ff1;1165928;webrtc,multi-cloud,sfu
Faxén, Karl-Filip;1090;503169;
Bengtsson, Christer;1091;503169;
Grahn, Håkan;1092;503169;
Hagersten, Erik;1093;503169;
Kessler, Christoph;1094;503169;
Lisper, Björn;1095;503169;
Stenström, Per;1096;503169;
Luthman, Felix;b6b01c1c-d7ec-464e-a227-d17da0aee440;1650791;speech,audio,emotion recognition,cross-lingual,multilingual,self- supervised learning,wav2vec 2.0,hubert,unispeech,unispeech-sat,wavlm,språk,ljud,känsloigenkänning,tvärspråklig,flerspråkig,själv-övervakad inlärning,wav2vec 2.0,hubert,unispeech,unispeech-sat,wavlm
Danielsson, Oscar;9e780491-4257-44a8-8ffe-ba0c0b69da87;1470319;
Åberg, Ludvig;5d6d7e02-0954-45a9-b3c2-5552dbb64e2c;1239077;machine learning,classification,multimodal classification,multimodal learning,representation learning,late fusion,early fusion,visual attention,marketplace,second hand,e-commerce,blocket.se
MERMET, BERTRAND;df84489f-ce4d-4218-ba18-5cb0b49e235e;763712;
Furesjö, Fredrik;f77c15b7-a710-425e-9481-9ae3b345ddbc;8481;datavetenskap,datavetenskap
Damay, Nicolas;24777318-dc3d-47de-bc2a-f609fbba6a7a;809641,816306;trafic optimozation,genetic algorithms,gradient optimization,trafic simulator.
Charpentier, Bertrand;e4ca9af8-3e2f-4ba3-9acf-bd51f3ab5522;1292782;hierarchical clustering,multi-scale clustering,graph,modularity,resolution,dendrogram
ERSVIK, YLVA;baa9d40d-bd05-4e06-8fd6-aa934119d7da;753180;
Dessalegn Muruts, Misganu;adc20292-c0fe-4188-b589-becdb1047e5d;1091136;hadoop,kafka,hops,hopsworks,multi-tenancy,kafka topics,schema registry,messaging systems,acl authorization
Yedurupak, Aruna Kumari;db05ecad-039e-486b-8333-e70b1474f9a8;1181024;hadoop,presto,sql,multi-tenancy,hops,hopsworks,airpal,proxy servlet,hadoop,presto,sql,multi-hyresrätt,hops,hopsworks,airpal,proxy servlet
Barba Ferrer, Pere;18fb302c-cbd0-47a1-8d71-c12b8b482dd8;703050;
Hernández Pérez, Bernard;14355c74-62f9-4786-b53f-b15b1cf784b7;703166;
Nysäter, Richard;d0fb0de2-b806-49cc-8198-853bcaa49855;1090618;perceptual features,music information retrieval,k-pop,music discovery,music recommendation,mir,music browser,music website,perceptuella särdrag,musikrekommendation,musikhemsida
Lindqvist, Björn;e82af71a-9d24-46c6-b8b0-676d8590072e;1597938;
Keski-Seppälä, Emil;1097;930575;
Snellman, Michael;1098;930575;
Nyströmer, Carl;05c16764-09b2-4329-b89d-a8c0309bc052;1466885;audio classification,music information retrieval,musical instrument recognition,musical instrument activity detection,self-supervised learning,domain adaptation,ljudklassificering,hämtning av musikinformation,musikintrumentsigenkänning,instrumentaktivitetsigenkänning,självövervakad inlärning,domänadaption
Liljeqvist, Sandra;b9df16e7-ab76-4aa4-b642-05a9f2080209;1010104;natural language processing,information extraction,named entity recognition,search query semantics,conditional random field
MICKELIN, JOEL;2343e0b6-ed51-4f30-bd3b-71c225f5de03;680232;
L´OPEZ ALBERCA, Javier;f5ba4897-bf61-461a-adf9-98b13df52290;765632;
Lundqvist, Filip;1099;929325;
Wallberg, Olle;1100;929325;
ERIKSSON, CARL;1101;770354;
RONSTRÖM, EMIL;1102;770354;
Manzaneda, Martin;5509fbad-9f5c-4562-8a22-812971d33f68;811728;
Malmhake, Daniel;1103;810979;
Hobro, Mark;1104;811539,1200633;semantic integration,data integration,artificial neural networks,agglomerative hierarchical clustering,heterogeneous databases,relational data
Heine, Marcus;1105;811539;
Nilsson, Pontus;1106;928295;
Öhman, Wilhelm;1107;928295;
Minock, Michael;1108;808215;sbvr,business rules,nlis to databases
Oskarsson, Daniel;1110;808215;sbvr,business rules,nlis to databases
Pelzer, Björn;1111;808215;sbvr,business rules,nlis to databases
Coors, Benjamin;937f147f-debd-4c1b-ab7a-0f7da5e96a3f;967644;deep reinforcement learning mobile robot navigation human environment
Larsson Forsberg, Albin;1112;1776790;
Vulgarakis Feljan, Aneta;1113;1776790;
Edin, Fredrik;084eeb05-5730-4037-86ee-bbbc0949ab57;12946;
Harrysson, Mattias;1432;946538;topic modeling,twitter,latent dirichlet allocation,lda,re-organized lda,ro-lda,gmm,gaussian mixture model,unsupervised,machine learning
Natesan, Dinesh;96271d16-6eaf-4914-ac07-abead8b7c810;1499285;insect antennae,antennal positioning,antennal hair plates,böhm’s bristles,johnston’s organs,control theory,hierarchical neural circuits,tuneable feedback loop,flexible reflexes
Zhang, Kun;1115;1464968,1647866;
Bertilson, Bo Christer;1116;1464968;
Kjellström, Hedvig;1117;1464968,1647866,1349749;
Zhang, Cheng;1118;1464968,1647866,1349749;
Börjesson, Fredrik;b292bc51-c598-4c41-8f98-58a96aa6d319;824355;algorithms,evaluation,equity analyst
Velthuis, Paul;85af609d-6884-42f0-8e6f-87d1274a70ea;1149007;cloud access management,certificate on demand,apache spark,apache flink,kerberos,transport security layer (tls),authentication,multi factor authentication,authentication for data analytic tools,certificate based spark authentication,public key encryption,distributed authentication,short valid authentication
Henning, Gustav;506b0f99-3f02-4835-bf9a-712d7e7d7585;1642528,812135;historical newspapers,image segmentation,multimodal learning,deep learning,digital humanities,mask r-cnn,historiska tidningar,bildsegmentering,multimodal inlärning,djupinlärning,digital humaniora,mask r-cnn,visualization,neural,data,accumulated,experimental
SVENSSON, JOAKIM;52f47474-e754-4fef-bcc8-86fa7b1aa74a;680753;
Andrén, Samuel;1119;927293;api,nli,nlp,pattern matching
Bolin, William;1120;927293;api,nli,nlp,pattern matching
Erséus, August;1121;1699777;alzheimer’s,dementia,digital,screening,nlp
Strömfelt, Ted;1122;1699777;alzheimer’s,dementia,digital,screening,nlp
LINDMARK, JONAS;29a88f88-3039-4d16-aa1c-776f52782cfc;699750;
Jansson, Ylva;6910d579-d16d-4821-ad05-830522f9aba9;783740;normalization,divisive normalization,computational neuroscience,cortical hypercolumn,short-term synaptic depression,gain control,canonical neural computations,normalisering,kortikal hyperkolumn,beräkningsneurovetenskap,korttidsdepression,neural division,kanoniska neurala beräkningar
Köpp, Wiebke;1123;1660119,1710199,1707137,1273957;critical value,infinite graph,largest connected component,normalisation,percolation analysis,scalar fields,sharp transition,spatial correlations,transition widths,dynamic hierarchies,static visualization,pixel-based visualization,scalar data,topology,layout stability,dynamiska hierarkier,statisk visualisering,pixelbaserad visualisering,skalärdata,topologi,layout-stabilitet,data visualization,scalar field visualization,augmented merge tree,pixel-based visualization,data visualization,treemaps,temporal trees
Friederici, Anke;1124;1660119;critical value,infinite graph,largest connected component,normalisation,percolation analysis,scalar fields,sharp transition,spatial correlations,transition widths
Atzori, Marco;1125;1660119;critical value,infinite graph,largest connected component,normalisation,percolation analysis,scalar fields,sharp transition,spatial correlations,transition widths
Vinuesa, Ricardo;1126;1660119,1814839;critical value,infinite graph,largest connected component,normalisation,percolation analysis,scalar fields,sharp transition,spatial correlations,transition widths,thunderstorms,air-traffic management,weather data,numerical weather prediction,satellite images,convolutional neural network,machine learning
Schlatter, Philipp;1127;1660119,1559582;critical value,infinite graph,largest connected component,normalisation,percolation analysis,scalar fields,sharp transition,spatial correlations,transition widths
Weinkauf, Tino;1128;1660119,1707137,1273957;critical value,infinite graph,largest connected component,normalisation,percolation analysis,scalar fields,sharp transition,spatial correlations,transition widths,data visualization,scalar field visualization,augmented merge tree,pixel-based visualization,data visualization,treemaps,temporal trees
Beelen, Thomas;a22233a7-160a-4cba-b011-389d3530898f;1149012;
HILLERT, EMILIA;a1eb0e6c-9487-4fbd-b1c9-9260d552c50d;753862;
MIRABEL, JOSEPH;2a751a6d-4596-4d5c-8e41-7ce4486a79fc;766237;
Broomé, Sofia;5f3b01a8-9783-4117-99bb-07406d283977;1117763;activity recognition,human activity recognition,human activity,deep learning,rnn,cnn,lstm
BUG, DANIEL;a8010f65-4760-40b4-8147-f324e7a13b62;754499;
Andersson, Anton;019a4502-ef57-4099-b91b-23145ae60d39;1105742;sensor fusion,energy minimisation,multitarget tracking,autonomous vehicles
Palbom, Anna;398c52fb-11cb-41f3-8ef1-c0c4caae3797;10071;komplexity theory,algorithms,approxiamtion
Mikša, Mladen;0f5cf50c-2418-44a7-8552-bc5cb9e19a8d;1051001;
Yamazaki, Hiroyuki Vincent;374fccb3-7d49-4bb7-a6a8-c16d00126791;1155106;neural network,generative adversarial network,gan
Mohsin, Mohamed;1129;1610275;
Thangavelu, Ajanth;1130;1610275;
Gabrielsson, Andreas;7c0fa074-c887-4e55-924d-78410b5fe5fd;860991;nashorn,javascript,typescript,invoke dynamic,bytecode
Benjaminsson, Simon;1698;621260,485014;
Bayer, Christian;1131;525380;monte carlo methods,optimal stopping,sequential stopping rules,non-asymptotic
Hoel, Håkon;1132;525380;monte carlo methods,optimal stopping,sequential stopping rules,non-asymptotic
von Schwerin, Erik;1133;525380;monte carlo methods,optimal stopping,sequential stopping rules,non-asymptotic
Tempone, Raul;1134;525380;monte carlo methods,optimal stopping,sequential stopping rules,non-asymptotic
Zhang, Li;ecb6a687-eeb6-4086-a9f3-53b44f3fe6dd;1203492;non-prioritized multiple revision,making up one's mind,choice revision,descriptor revision,agm,believability relation,multiple believability relation,belief base,partial expansion,multiple contraction
Gillblad, Daniel;1220;13955,750694,849585;quality of service,cloud computing,network analytics,statistical learning,machine learning,video streaming,quality of service
Balbas Gutierrez, David;6b6d4ff5-3ac4-431c-83e8-91358b3ae117;1614970;secure messaging – group messaging – ratcheting – group key agreement – cryptographic administrators – group administration
Apolonia, Nuno;23e730a4-78db-45e9-ad43-f4114f12e924;1238860;micro-clouds,community networks,cloud services,social networks,overlay networks,distributed systems
Ardelius, John;1217;13835,750694,849585;quality of service,cloud computing,network analytics,statistical learning,machine learning,video streaming,quality of service
Linusson, Henrik;1135;1175229;confidence predictions,conformal prediction,classification,ensembles
Norinder, Ulf;1136;1175229;confidence predictions,conformal prediction,classification,ensembles
Boström, Henrik;1137;1175229;confidence predictions,conformal prediction,classification,ensembles
Johansson, Ulf;1138;1175229;confidence predictions,conformal prediction,classification,ensembles
Löfström, Tuve;1139;1175229;confidence predictions,conformal prediction,classification,ensembles
Demoucron, Matthias;724c67f2-6404-47e3-9447-6e0e463a6ffb;113911;bowed string,physical modelling,sound synthesis,performance control,violin playing,corde frottée,modélisation physique,synthèse sonore,contrôle gestuel,violon,struken sträng,fysikalisk modellering,ljudsyntes,musikutförande,violinspel
Fahlcrantz, Carl-Magnus;e848ddf8-d143-4cb4-a15d-dbdf85d0f856;14329;mottle,print quality,texture,image analysis,perception
Jäger, Simon;023d1d42-7542-4954-bb14-974d44d5808e;1606216;geospatial features,interpretable artificial intelligence,feature importance,real estate appraisal,geospatiala variabler,tolkningsbar artificiell intelligens,variabelbetydelse,fastighetsvärdering
Sjöstedt, Carl-Johan;2187b03e-5d0e-47ff-9a53-ee9394df7cd1;14449;
Shokoufandeh, Ali;1140;473383;
Dickinson, Sven;1141;473383;
Jönsson, Clas;1142;473383;
Wikström, Douglas;ddab137d-c14d-4c3a-a7e9-9c43a7b0880e;14421;
Forstén, Andreas;1143;812874,1146710;anomaly detection,receipt,unsupervised
Letzner, Josephine;1144;812874;
Rydberg, Niklas;a1e357f0-072a-4e57-beae-664b9f536571;1732950;knowledge graph embeddings,knowledge graphs,link prediction,machine learning,artificial intelligence,kunskapsgrafinbäddningar,kunskapsgrafer,länkförutsägelser,maskininlärning,artificiell intelligens
Digital Futures, KTH, Stockholm);5e57401c-814d-4fbf-b0fc-34b8ceef3ef7;1896121;
Widin, Viktor;1145;1111362;
Ahsant, Mehran;fc65d08f-f624-4d37-842f-e195a0f86bd1;159603;grid security,restricted and context-aware delegation,delegation protocol,on-demand delegation,dynamic trust federation,grid interoperability,credential mapping
Verhulsdonck, Tijmen;0b6e4f21-1d63-40fd-b3a6-d696b6f3a95a;1161376;object tracking,deep learning,siamese neural network,affine regression network,one shot learning,object detector,pid controller
Wiker, Adam;1148;1463859;
Bergmark, Fabian;d1f1b127-fad5-41a6-bab8-0e6326021f45;1098599;big data,aggregation,real-time,postgresql
Hage, Veronica;cbece243-ea88-4e6e-8176-5107609eadce;1466932;
Lillberg, Oliver;1149;1599676;eye tracking,education,online lectures,cognitive load,learning,powerpoint,chalk board,ögonspårning,utbildning,online föreläsningar,kognitiv belastning,powerpoint,svarta tavlan
Kongpachith, Erik;1150;1599676;eye tracking,education,online lectures,cognitive load,learning,powerpoint,chalk board,ögonspårning,utbildning,online föreläsningar,kognitiv belastning,powerpoint,svarta tavlan
Jin, Yifei;1151;1717398;graph convolution,software define networks,open world learning
Daoutis, Marios;1152;1717398;graph convolution,software define networks,open world learning
Holmqvist, Carl;eb3ad6e8-1816-4492-ae98-ee20ee51f1a7;1238499;machine learning,sentiment analysis,stock market prediction
Kendall, Linus;460fe87a-85d7-4481-8dd9-ee2ad0585f1e;825034;human computer interaction for development,hci4d,ict for development,ict4d,sustainability,participatory design,appropriate technology
Wallner, Alice;918bb225-8001-4843-83a7-2f6df65d1c1a;1898999;red sprites,transient luminous events,lightning detection,direction of arrival,south african storms,röda luftandar,transienta luminösa event (höghöjdsblixtar),blixtlokalisering,ankomstriktning,sydafrikanska stormar
Nellåker, Eric;1153;768564;
Lu, Xingye;1154;768564;
Hedengran, Gustav;1155;1214506;
Mohamed bin Zayed University of Artificial Intelligence);b50fea48-aa95-4780-b750-aca2fdbec20b;1647866;
Dahlbom Norgren, Nils;1157;668246,1093977;support vector machines,machine learning,relation classification
Svensson, Philip;1158;668246;
Wikstén, Louise;1159;812165;
Jendeberg, Daniel;1160;812165;
Wiksten, Louise;afb83c16-e0e6-47f7-abed-c2a73c731f2a;810580;
Widell Niigata, Kai;1162;668705;
SEDERBLAD, KALLE;1163;676659;
TÖRNEBOHM, JOHAN TÖRNEBOHM;1164;676659;
Liu, Enze;8806babc-cbaa-40d2-8164-d5c4eaaad8f1;699439;
Zhang, Guangyi;3cd8fee2-6048-4317-83fb-f60ad8985c68;1719648;submodular optimization,approximation algorithms,ranking,decision trees,diversity
Greinsmark, Hadar;1165;1105924;finance,options,gpu,gpgpu,gpu computing,binomial method,bopm,cuda
Lindström, Erik;1166;1105924;finance,options,gpu,gpgpu,gpu computing,binomial method,bopm,cuda
Karp, Martin;1167;1559582;
Cella, Marco;3ea1fbce-8f84-497e-bf2b-c97e7b7b8d44;1784238;optimal path planning,b-splines,autonomous exploration,indoor uav,crisis and disaster management,trajectory estimation,sitl,optimal banplanering,b-splines,autonom utforskning,inomhus-uav,kris- och katastrofhantering,uppskattning av banor,sitl
Lundgren, Elias;aef8271e-ecc5-47af-88ad-b486f3c79aae;1887426;transformer architecture,multiple-choice question,distractor generation,large language model,direct preference optimization,transformerarkitektur,flersvarsfrågor,distraktorgenerering,stor språkmodell,direkt preferensoptimering
Tomczak, William;1361;1909097,1699091;sports betting,odds prediction,ml,betting exchanges,financial trading formulas,sportbetting,odds prediktion,maskininlärning,spelbörs,finansiella handelsformler
Zachrisson, Mauritz;30ed131e-426a-4033-b315-a6fc1ac65112;1108474;
Verardo, Giacomo;0ab2505d-3796-4254-baa3-78322334ba81;1854989;deep learning,autoencoders,federated learning
Chiminelli, Brando;e0e474a9-89ca-4507-bef2-37485d19a520;1804293;cloud computing,microservices,kubernetes,container orchestration,auto-scaling,horizontal pod autoscaler (hpa),workloadprediction,time-series forecasting,molntjänster,mikrotjänster,kubernetes,containerorkestrering,automatisk skalning,horizontal pod autoscaler (hpa),förutsägelse avarbetsbelastning,prognoser för tidsserier
Persson, Kim;5703882b-10f5-4dda-8b8b-2f517765a0c2;902038;
Kader, Zino;1710;1799685,1593560;information retrieval,search engines,bm25 (best match 25),regression analysis,parameter estimation,learning to rank,informationsinhämtning,sökmotorer,bm25 (best match 25),regressionsanalys,parameterskattning,maskininlärning för rangordning
Welin-Berger, Robert;1168;927258;
Bäckström, Anton;1169;927258;
Grönland, Axel;c4df1f2c-eaad-4eb7-966e-a35161613508;1868496;machine learning,deep reinforcement learning,c-ran,fronthaul,performance evaluation,maskininlärning,djup förstärkningslärning,c-ran,fronthaul,prestanda utvärdering
Redzepagic, Sanjin;535159bd-f58a-4fcc-b739-b1eea2abe4a6;1901883;pathfinding,collision avoidance,polling station,agent navigation,queues,a-star,rvo2,crowd simulation,swedish election authority,unity3d,halting mechanism,privacy,voter flow rate,electoral integrity,sökvägsplanering,kollisionsundvikning,omröstning,agentnavigering,köer,a-stjärna,rvo2,folksimulering,valmyndigheten,unity3d,stoppmekanism,valhemlighet,väljarflöde,valintegritet
Ghosh, Binayak;9854b630-3909-4648-9820-17e461459434;1164171;bof,slopping,sensor fusion,image processing,machine learning,data analysis,neural networks,deep learning,bof,slopping,sensorfusion,bildbehandling,maskininlärning,dataanalys,neurala nätverk,deep learning
Tingström, Alexander;022c987a-d35f-488f-b1e6-8dc9113fc4b2;1154805;smart cards,security,single sign on,legacy systems
López Martínez, Andrés;881339cd-7921-4f46-aa9b-2209c1d9c930;1512083;
Gramfors, Dexter;1f7b9b10-a6ff-46d1-8dd4-69ca2d9a6755;947130;parallel computing,multicore,python
Chavez, Daniel;1400;953533;map projection,reprojection,raster,gpu
Appelgren, Filip;8428c069-4d96-4772-aa6b-175908e18813;1613536;deep learning,lpi,radar,cnn,parameter estimation,djupinlärning,lpi,radar,faltningsnätverk,parameterestimering
Xu, Bowen;b58891bb-1810-4618-b1aa-8a701d5c5635;1638177;location privacy attack and evaluation,mobile network simulation,parasitic attacker,heuristic lstm
Wenner, Cenny;f5b85bdb-b40f-4e2b-878d-86bef1c8fc1b;748473;approximation hardness,approximation resistance,parity,usefulness,negations,monotone,constraint satisfaction problems,smoothness,multilayer
Gabrail, Fedel;1170;1112181;
Bråtfors, Robin;1171;1112181;
Olafsson, Björgvin;c4866336-f671-4630-9da0-23f33e2bb228;1057748;pomdp,policy gradient,optimal control,object detection,computer vision,information rewards,fixation policy,observation model
Abdulaziz Ali Haseeb, Mohamed;54e33393-dc0a-4f5d-8f02-55061eb98b4f;1150765;wi-fi,rssi,gesture recognition,rnn,lstm,neural network,deep learning
MENGANA, BASHAR;a37d804c-d07e-426f-b245-5f925fad0a44;700130;
Edström, Viktor;1172;1463784;
Zeynalli, Eldar;1173;1463784;
Andersson, Philip;041a906b-d21f-4d42-b967-94f61e1fb8ad;1708534;cybersecurity,penetration testing,in-vehicle infotainment system,android automotive,iso/sae 21434,cybersäkerhet,penetrationstestning,infotainmentsystem i fordon,android automotive,iso/sae 21434
Ringvall, Linus;1174;1464511;
Liu, Shuyuan;ae1f6a62-7786-4db7-ae15-04d30e91649f;1750933;iot,smart door lock,state consistency,mitm attack,replay attack,reverse engineering,gps spoofing,dos attack,iot,smart dörrlås,tillståndskonsistens,mitm-attack,replay-attack,reverse engineering,gps-spoofing,dos attack
Henning, Johan;3aba5b03-f7a6-4d21-9bfb-0a71d51b623f;1748061;firmware,drivers,wifi,ethical hacking,penetration testing.,firmware,drivrutiner,wifi,etisk hackning,penetration testing.
Mikheeva, Olga;8360fbd4-3d5b-41e1-88d2-3e2e3dbf7180;1155289;representation learning,facial expression,variational autoencoder
JOHANSSON, PATRIK;62f1dc36-4d56-4cba-a4f5-2f0403509159;680183;
Koniaris, Christos;dc3de769-be91-429e-9429-4dc66a57fb36;552336;feature extraction,feature selection,auditory models,mfccs,speech recognition,distortion measures,perturbation analysis,psychoacoustics,human perception,sensitivity matrix,pronunciation error detection,phoneme,second language,perceptual assessment
Eslami Kiasari, Abbas;4c4f5e9f-e9f6-4b98-a5af-0bfd6504d1d6;676041;
Olsson, Joakim;1176;1609940;
Christiansson, Stefan;1177;1609940;
Brogärd, André;1179;1465073;
VIKSTÉN, HENRIK;1180;668236;
MATTSSON, VIKTOR;1181;668236;
Lingtorp, Alexander;1182;1107715;
Mossmyr, Simon;1183;1107715;
Liljedahl, Fredrik;1184;1105393;
Manske, Alexander;1185;1105393;
Ong, Shyhwang;1186;926967;
Täcklind, Anton;1187;926967;
Söderman, Felix;7a0896bf-7671-4009-ac34-d1cf5aedc361;1897043;xdp,af_xdp,dpdk,networking,linux,user space,kernel space,zero-copy,socket,multi-buffer,xdp,af_xdp,dpdk,nätverk,linux,användarutrymme,kärnutrymme,noll-kopiering,fler-buffert
Johannes Fridén Rasmussen, Adam;1188;1912183;simd,vectorization,parallelism,sve,sort,merge sort,bitonic sort,simd,vektorisering,parallelism,sve,merge sortering,bitonic sortering
Åkerström, Gustav;1189;1912183;simd,vectorization,parallelism,sve,sort,merge sort,bitonic sort,simd,vektorisering,parallelism,sve,merge sortering,bitonic sortering
Nilsen, Johanna;7d30421c-7c96-4689-ae3a-dced7d1ae4f0;1783247;cloud computing,containerisation,kubernetes,google kubernetes engine,autoscaling,horizontal pod autoscaling,vertical pod autoscaling,hybrid pod autoscaling,molntjänster,containerisering,kubernetes,google kubernetes engine,autoskalning,horisontell pod-autoskalning,vertikal pod-autoskalning,hybrid pod-autoskalning
Anderzén Rodenkirchen, Sven;1190;1214001;
Granström, Marcus;1191;1214001;
Vidas, Dario;4ec2efd8-1143-4d8f-b6ef-16afb5903426;955111;stereo vision,stereo reconstruction algorithms,near-infrared images,algorithm performance evaluation
Sandberg, Oscar;bbeec19b-216c-47d9-86a1-46272f5d44a3;1904964;quadtree,algorithm,cutting process,cython,c++,python,benchmark,quadtree,algoritm,beskärningsprocess,cython,c++,python
Edeland, Johan;1192;1801007;event-based architecture,message broker,latency testing,load testing,data streaming,cloud,backend,apache kafka,amazon simple queue service,amazon simple notification service,händelsedriven arkitektur,meddelandebuss,latenstestning,lasttestning,data strömning,moln,apache kafka,amazon simple queue service,amazon simple notification service
Zivkovic, Ivan;1193;1801007;event-based architecture,message broker,latency testing,load testing,data streaming,cloud,backend,apache kafka,amazon simple queue service,amazon simple notification service,händelsedriven arkitektur,meddelandebuss,latenstestning,lasttestning,data strömning,moln,apache kafka,amazon simple queue service,amazon simple notification service
Bhat, Nathan;1194;1212575;game engine,game loop,game object,concurrency,scheduling,coroutine,update calls,gameplay,prioritizing
Åsberg, Filip;1195;1212575;game engine,game loop,game object,concurrency,scheduling,coroutine,update calls,gameplay,prioritizing
Kaeslin, Alain E.;16c4edfd-8819-41fe-8df8-c77102244870;954999;cache hierarchy,caches,communication overhead,data structures,discrete-event simulation,heap memory,linear speedup,logistic support,low-overhead profiler,memory allocator,microarchitecture,microarchitecture analysis,multi-core,optimisation,parallel execution,profiler,runtime,scalability,scalability bottlenecks,scalable memory allocator,simulation,translation lookaside buffer,translation lookaside buffer thrashing,tlb
Ryrstedt, Emmy;d18807ed-6f34-4a7e-a8a0-8e6c8f45dbe0;1147713;
Retuerto Gutierrez, Rodrigo;1197;1215852;
Raunio, Magnus;1f3b2598-05c0-4dbd-ab46-6c5f3aaac47c;758921;
Andersson, Morgan;398c63a2-aee1-4c63-a684-2a9592a30f87;1244710;information filtering,recommender systems,news videos,content-based filtering,collaborative filtering,hybrid filtering
Schmekel, Daniel;275b164e-e281-4f53-bcd8-acf65357cd45;1709471;reward shaping,personalization,ret optimization,reinforcement learning,reward shaping,individuell anpassning,ret optimering
Gudjonsdottir, Rosa;16187446-7b55-4baf-80cc-2708576bf0c9;319155;ethnographic fieldwork,multi-sited fieldwork,participant observation,user-centered design,user research,personas,scenarios
Liu, Dong;f80ce993-d65a-49ac-8bb0-0066add430e9;1476655;bayesian methods,graphical models,inference,learning,statistics
Bragone, Federica;94bf49e7-6dc3-4289-9bb6-da8e2c54c148;1803600;physics-informed neural networks,machine learning,data-driven methods,circular economy,power systems components,sustainability,cellulose nanofibrils,fysikinformerade neurala nätverk,maskininlärning,datadrivna metoder,cirkulär ekonomi,kraftsystemets komponenter,hållbarhet,cellulosananofibriller
ARVIDSSON, OSKAR;659c5b9b-0c3d-4788-b0bf-7757242dccac;727099;
Bengani, Arham;fcba68b6-f6c6-48b5-b893-e8c42580b4fc;1604016;augmented reality,ar,technology-enhanced learning,pointing in augmented reality,gestures in augmented reality
Vu, Minh Thành;1200;1107165,1579745;biometrics (access control),noise measurement,privacy,authentication,databases,indexes,data privacy,biometrics,identification systems,noisy enrollment,secrecy
Eriksson, Daniel;2aea251a-5ca8-4bde-ba12-7cb4d8384079;700160;
Köhl, Jesper;aba1b51a-d7f5-4785-8ade-c353cce4451c;699713;
HUNG, VICTOR;1201;770004;
LARSSON, LARS;1202;770004;
Andersson, Moa;1209;1668626,1464572;ocr,ocr post-processing,ocr post-correction,nmt,lexical model,ocr,efterbehandling för ocr,post-korrigering för ocr,nmt,lexikal modell
Sjöberg, Mikael;f27d2125-189b-49a6-9380-9c304ad4349f;1121030;post-quantum algorithms,digital signature algorithms,public key infrastructures
OLSSON, SEBASTIAN;1203;668716;
ÅKESSON, JONATAN;1204;668716;
Sandner, Leon;bb8d3470-26fe-404d-ab34-246ba2d5724c;1834163;distributed ledger,blockchain,consensus protocol,giskard,hyperledger sawtooth,distribuerade huvudbok,blockchain,konsensus,giskard,hyperledger sawtooth
Gedda, Emil;1205;1106630;ptp,ieee1588,accuracy,precision,time synchronization,clocks,stability,system load,real time system
Eriksson, Anders;1206;1106630;ptp,ieee1588,accuracy,precision,time synchronization,clocks,stability,system load,real time system
Ulfsson, Hugo;8ab800cb-ca7d-4c51-8861-b03cd2cf2ee1;1108334;
Darnald, Johan;1648;1196509,812783;machine learning,random forest,support vector machine,neural network
Stenqvist, Evita;1207;1110776;bitcoin,sentiment analysis,twitter data mining,prediction,cryptocurrency
Lönnö, Jacob;1208;1110776;bitcoin,sentiment analysis,twitter data mining,prediction,cryptocurrency
Wirgård WIklund, Jacob;1673;1707586;
Martin, Elliot;69a0f18e-c006-4527-981c-6dfdfca6ca9e;1901072;b2b,churn,prediction,machine learning,b2b,kundbortfall,förutsägning,maskininlärning
Binesh Tarigh, Morvarid Sadat;f29c39e1-6aff-43b5-a7c2-d0dcb142f7c9;1779001;drug discovery,pbpk,machine learning,pk,qsar,molecular descriptors,upptäckt av droger,pbpk,maskininlärning,pk,qsar,molekylära deskriptorer
Hlynur Davíð, Hlynsson;2aa8a369-b79e-414e-8492-c70c74488398;1121059;othello,board games,supervised learning,deep learning,convolutional neural networks,move prediction,feature engineering
Mona, Dadoun;98305d31-f905-4e60-8643-6eba8960d04a;1118354;machine learning,fashion prediction,supervised learning,prediction,forecast,computer science,algorithms,classification
Tran, Lisa;1210;1464572;
Jernbäcker, Carl;1211;1106715;
Pojan, Shahrivar;1212;1106715;
Maus, Rickard;1213;1593084,1856441;contrastive learning,joint-embedding predictive architectures,multi-object tracking,representation learning,kontrastiv inlärning,prediktiva arkitekturer med gemensam inbäddning,spårning av flera objekt,representationsinlärning
Arvidsson, Mattias;1214;1593084,1887987;anomaly detection,deep learning,vision transformer,photomask,anomalidetektering,djupinlärning,vision transformer,fotomask
Yanggratoke, Rerngvit;1215;750694,587561,849585;quality of service,cloud computing,network analytics,statistical learning,machine learning,video streaming,distributed object store,key-value store,performance measurements,performance modeling,response times,streaming media services,system dimensioning,quality of service
Ahmed, Jawwad;1216;750694,849585;quality of service,cloud computing,network analytics,statistical learning,machine learning,video streaming,quality of service
Flinta, Christofer;1218;750694,849585;quality of service,cloud computing,network analytics,statistical learning,machine learning,video streaming,quality of service
Johnsson, Andreas;1219;750694,849585;quality of service,cloud computing,network analytics,statistical learning,machine learning,video streaming,quality of service
Stadler, Rolf;1221;750694,587561,849585,464025;quality of service,cloud computing,network analytics,statistical learning,machine learning,video streaming,distributed object store,key-value store,performance measurements,performance modeling,response times,streaming media services,system dimensioning,quality of service,information-centric networking,metadata search,distributed management
SKATTMAN, AGNES;98866183-558e-4a65-9f7d-4cfdf676293a;680745;
Goldmann, Mikael;1223;587561;distributed object store,key-value store,performance measurements,performance modeling,response times,streaming media services,system dimensioning
Siwerz, Robert;1224;1108597;
Dahlén, Christopher;1225;1108597;
Alpire, Adam;ce3172e4-7cc0-4844-ab31-1e5b28059744;1149096;deep learning,climate science prediction,regression,convolutional neural network,solar radiation,tensorflow.,djupinlärning,klimatprediktion,regression,neurala faltningsnätverk,solstrålning,tensorflow.
Elia, Sanherib;1486;1851220,1596461;student performance prediction,programming education,unit test snapshot,machine learning,educational data mining,förutsägelse av studentprestationer,programmeringsutbildning,snapshot av enhetstest,maskininlärning,educational data mining
Zander, Gustav;cbd13c40-4ee7-47c3-91dc-a7e0ecceb42b;1082065;taxi,neural,network
Dallagiacoma, Marco;736d2cac-4e54-41cb-981b-14858ffdfde5;1149017;
Nordin Stensö, Isak;30aefded-291a-4339-b2b3-8e3aba33fe33;1229533;lstm,thunderstorms,machine learning,nowcasting,lstm,åskstormar,maskininlärning
Martins, Helder;84dc40de-11bf-4ae0-b5ab-7757ffe9c16a;1153731;churn prediction,streaming services,lstm,rnn
Lundin, Oscar;1226;1707141;eigenfrequencies,room acoustics,machine learning
Qiu, Xuanbin;09297a51-756e-44d4-830a-2128173cb48d;864254;peptide,retention time,gaussian processes
ARFVIDSSON, EMIL;3b061aa1-b8d0-4753-8077-2c9d8b8fdd7e;700508;
Norrman, Fredrik;1227;1111289;
Stintzing, Josefin;1228;1111289;
Kruczek, Daniel;8b884d2e-06af-45af-a9e9-a226dcc0903f;1193002;shotgun proteomics,retention time,retention time prediction,neural networks,convolutional neural networks
Törnqvist, Eric;1229;1121353;high frequency,neural network,computer science,stock market,finance,fintech,machine learning,yield,prediction,forecast,deep neural network,algo trading,financial instruments,correlation
Guan, Xing;1230;1121353;high frequency,neural network,computer science,stock market,finance,fintech,machine learning,yield,prediction,forecast,deep neural network,algo trading,financial instruments,correlation
Adlers, Jacob;1231;1212698;machine learning,tensorflow
Pihl, Gustaf;1232;1212698;machine learning,tensorflow
Nilsson, Robert;1233;1217917;machine learning,prediction,weather,train delay,neural network,decision tree,adaboost,maskininlärning,förutsägelse,väder,förseningar,neural networks
Henning, Kim;1234;1217917;machine learning,prediction,weather,train delay,neural network,decision tree,adaboost,maskininlärning,förutsägelse,väder,förseningar,neural networks
Song, Ci;0cbf08e8-9d96-4d70-8cad-d50ff58ada68;1885514;condition monitoring,fault detection,heat pump and refrigeration system,neural network,gmm,tillståndsövervakning,feldetektering,värmepump och kylsystem,neurala nätverk,gmm
Ekstedt, Erik;9d1ecf23-1d14-4af1-a154-f0a10c08a3fb;1812269;turn-taking,spoken dialog system,human computer interaction,turtagning,talad dialog,människa-data interaktion
Janryd, Balder;1235;1865596;sensitive data,machine learning (ml),large language model (llm),code analysis,llama 3,data privacy,membership inference attack (mia),känsliga data,maskininlärning (ml),stor språkmodell (llm),kodanalys,llama 3,datasekretess,medlemskapsinfiltrationsattack (mia)
Johansson, Tim;1236;1865596;sensitive data,machine learning (ml),large language model (llm),code analysis,llama 3,data privacy,membership inference attack (mia),känsliga data,maskininlärning (ml),stor språkmodell (llm),kodanalys,llama 3,datasekretess,medlemskapsinfiltrationsattack (mia)
Greschbach, Benjamin;1516;808202,1046856,1046673,680801;privacy,online social networks,decentralization,privacy,online social networks,decentralized online social networks,tor,website fingerprinting,correlation attacks,anonymity,dns
Khan, Md Sakib Nizam;b7a64118-4d2c-4334-81e5-26142bc878aa;1500879,1755956;privacy,autonomous systems,iot,smart home,privacy,intelligent systems,synthetic data,machine learning
Lindqvist, Anton;ff927e05-b6eb-4943-83ec-32cfefe6286d;1119313;privacy,audit,logging,security,bloom filter,merkle tree
Zhou, Linghui;1237;1579745;biometrics (access control),noise measurement,privacy,authentication,databases,indexes,data privacy,biometrics,identification systems,noisy enrollment,secrecy
Laud, Peeter;1238;773107;
Nee, Amanda;c6e51cfa-e429-45ec-8252-938e37be81ab;1774224;sim,secure channel protocol 80 (scp80),proactive commands,proxy,sim,säkert kanalprotokoll 80 (scp80),proaktiva anrop,proxy
Sjölén, Johan;1240;1215050,1471675;
Ullah, Ikram;701d731e-3a1a-4192-bfeb-08797ac5a954;814537;phylogenetics,phylogenomics,gene tree,species tree,expectation maximization,mixture model,dynamic programming,markov chain monte carlo,prime,jprime
AMINO, ROBERT;1241;769838;
BAITAR, JONI;1242;769838;
Larsson, Emil;bcf68903-d7d1-4770-8dd2-cee2cbb57988;1749925;europa,jupiter,hubble space telescope,water,plumes,europa,jupiter,hubbleteleskopet,vatten,plymer
Heddini, August;cd6ce544-d9ad-497e-9b18-37626bbb9332;1868135;software testing,integration testing,hardware-in-the-loop testing,hil,industrial control system,scada,probing-based testing,testingmethodology,mjukvarutestning,integrationstestning,hil,idustriella kontrollsystem,scada,sonderingsbaserad testning,testningsmetodik
Wessman, Love;1575;1757218,1463797;procedural modeling,building facades,wear and tear,procedurell modellering,byggnadsfasader,slitage
Huisman, Marieke;1243;650753,459633;temporal logic,model checking,maximal models
Karlström, Patrik;1245;928312;
Stefan, Vasic;1246;1109910;machine learning,svm,naive bayes,dbscan
Nicklas, Lindgren;1247;1109910;machine learning,svm,naive bayes,dbscan
Bäck, Filip;1248;1610238;
Nordwall, Kevin;1249;1610238;
Webb, Jack;ae83f7db-6546-42fe-a691-60063ca86054;1853006;tactile programming,image recognition,support vector machine,shape classification,taktil programmering,bildigenkänning,stödvektormaskin,formklassificering
Åkerblom, Beatrice;1250;1349621;
Castegren, Elias;1251;1349621,1556115;syntax,ambiguity
Wrigstad, Tobias;1252;1349621;
Jauad Almeida Marques, Malin;c160c958-056e-49b6-8db0-a04a8e7074dc;1702137;progressive web application,native application,mobile application,user experience,progressiv webbapplikation,nativ applikation,mobilapplikation,användarupplevelse
Thellström, Benjamin;89b9fb55-f6ff-4ff4-b6e5-430ea6075b26;1835618;
Westerberg, Adrian;97f7d0de-22f4-4a82-98a3-2958a00b01da;1606484;formal verification,binary analysis,interactive theorem proving,indirect jump resolution,formell verifiering,binär analys,interaktiv teorembevisning,indirekt hopp bestämning
Lameris, Harm;1253;1761460;speech synthesis,prosodic control,neuralhmm,spontaneous speech,creaky voice
Mehta, Shivam;1254;1761460;speech synthesis,prosodic control,neuralhmm,spontaneous speech,creaky voice
Tsardakas Renhuldt, Nikos;187ce5a9-954c-451e-b2d9-f3a872ae6770;1228846;protein contact prediction,contact prediction,protein structure,deep learning,machine learning
NAVARRO, JOSÉ FERNANDEZ;91d0771a-d608-42a6-b8e2-d5a9d5334049;678956;
Agerblad, Josefin;1255;668253;
Andersen, Martin;1256;668253;
Jangefalk, Michaela;b2dcc447-ab8a-4356-89ce-d277c21d17b9;1466923;
Sedar, Roshan;1257;1374999;programmable networks,network robustness,fast reroute,fast failover,shortest common supersequence
Antichi, Gianni;1258;1374999;programmable networks,network robustness,fast reroute,fast failover,shortest common supersequence
Borokhovich, Michael;1259;1374999;programmable networks,network robustness,fast reroute,fast failover,shortest common supersequence
Kamisiński, Andrzej;1260;1374999;programmable networks,network robustness,fast reroute,fast failover,shortest common supersequence
Nikolaidis, Georgios;1261;1374999;programmable networks,network robustness,fast reroute,fast failover,shortest common supersequence
Schmid, Stefan;1262;1374999;programmable networks,network robustness,fast reroute,fast failover,shortest common supersequence
Sundbom, Oskar;eb722a00-059a-4421-8552-b8277b7353d2;824251;
Marin, Oana;d978d8a0-ed2c-46b7-9de4-f49b09151876;397518;
Guichard, Jonathan;a65c99d6-2313-415b-9752-331e92a25bfc;1199249;adversarial testing,conversational agents,chatbots,natural language understanding
Kaiser, Christoph;387cf7bc-2149-4fbd-9ffd-57644d5bc148;1151605;symbolic execution,bug finding,test case generation
Bergenhem, Carl;1263;1349608;vehicle platoon,learning-based testing,co-cps,safety boundaries,quantitative analysis,coordinated braking
Ström, Fabian;1264;1349608;vehicle platoon,learning-based testing,co-cps,safety boundaries,quantitative analysis,coordinated braking
Svensson, Ola;1266;586621;
Lagevik, Adam;1267;1700299;
Essinger, Edvin;1268;1700299;
Klåvus, Carl Henrik;fb94addd-b8cb-48eb-94d2-ebddb4168f40;1853302;random indexing,synonyms,vector space model,random indexing,synonymer,vektorrumsmodell
Bagger Toräng, Malcolm;71640133-dbf8-4caa-8a8b-cdd3904a018d;1617523;random projections,generative adversarial networks,privacy metrics,deep learning,obfuscation.,slumpmässiga projektioner,generativa kontroversiella nätverk,privatiserings-mått,djupinlärning,obfuskering.
Barrett, Silvia;d1989576-017c-4633-a21a-ac6b5bf02648;1784229;localization,narrowband,sub-ghz,radio frequency,rssi,time-of-flight,error mitigation,machine learning,linear regression,leastsquares support vector machine regression,gaussian process regression,loalisering,narrowband,sub-ghz,radiofrekvens,rssi,time-of-flight,felkorrigering,machine learning,linear regression,leastsquares support vector machine regression,gaussian process regression
Olsson, Daniel;f6bc1a87-f11b-4de8-a556-af165b705324;1270062;neural network,aesthetics,experiment
Gräsman, André;16878b07-e887-4a0c-8a9d-c4efe583fc8d;795189;
Jonasson, Lukas;a28533ba-59a1-4a5a-8cdf-544692318588;1795315;array antenna,dielectric dome,ray-tracing,grating lobe,particle swarm optimization,gruppantenn,dielektrisk kupol,strålspårning,gallerlob,particle swarm optimering
LILKAER, FREDRIK;1269;668297;
TELJSTEDT, CHRISTOPHER;1270;668297;
Geries, Simon;1271;1054687,956107;parallel,programming,reactive,asynchronous
Eichberg, Michael;1272;1054687;
Salvaneschi, Guido;1273;1054687;
Hagberg, Ludvig;1275;721646;
Ljungberg, Samuel;1277;1593563;natural language processing,unsupervised learning,sentiment analysis,word embeddings,readability,språkteknologi,oövervakad inlärning,sentimentanalys,ordinbäddningar,läsbarhet
Ivarsson, Osvald;c1a11916-3d6c-4bfb-8d73-afee6c52a7b2;850158;android,workflow,animation,configuration,development time,android,arbetsflöde,konfiguration,utvecklingstid
Lewenhaupt, Axel;1570;1279122,669108;computer graphics,transparency,realtime,3d,rendering,datorgrafik,transparens,realtid,3d
Löv, Johanna;1279;1594779;event based camera,image reconstruction,simulated data,real data,firenet,e2vid,event based camera,firenet,e2vid
Johansson, Dennis;740098b2-2e38-4df0-a339-70baa78a9608;945805;real-time,phonation,electroglottography,voice analysis,voice range profile,supercollider
Boman, John;db95eaaf-658d-4ba1-85db-80ea2142368a;974456;benchmarking,business intelligence system (bi),health ict,mfs
STOHNE, VILLE;c3d09c48-1146-4962-98d5-ffdb91e8c42e;763335;
Launila, Andreas;f2ceb2a5-4487-4911-806f-4945aa161f3b;300808;head pose estimation,football,real-time,coarse head pose estimation,machine learning,computer vision,svm,randomized ferns
DÜBBEL, ANDRÉ;176468a6-169c-4988-b07c-dfabd9d981a3;702207;
Murray, Samuel;42bcf7f6-9aa4-4944-acb5-ed95cbc6ad5e;1146388;multiple object tracking,tracking-by-detection
Rzezniczak, Konrad;82228ed3-1c2c-4b60-9fd7-42a41d9b75aa;699992;
Jonsson, Emil;1404;1634260,1214484;machine learning,probabilistic models,normalising flow,environment interaction,animation synthesis,maskinginlärning,probabilistiska metoder,normaliserande flöden,interaktion med omgivning,animations-syntes
Burenius, Magnus;68fea865-4f53-4238-94ac-cd39c6dc968d;482587;
Tivelius, Malcolm;b0ab8733-223f-49e2-8d59-8f57b15fff76;1587035;
Båvenstrand, Erik;1a578456-05d3-4ab4-a90e-a71cb40837c4;1601859;super-resolution,real-time,deep learning,upsampling,computer vision,machine learning,motion compensation,temporal coherence,superupplösning,realtid,djupinlärning,uppsampling,datorseende,maskininlärning,rörelsekompensation,temporalt sammanhängande
Ballot, Gabriel;795702d2-ad39-476f-972f-62ebd90d8b61;1691368;timed model checking,cyber security,threat modeling,moving target defense,tidsinställd modellkontroll,cybersäkerhet,hotmodellering,moving target defense
Janshagen, Anton;f6175a60-c238-416a-ad32-c4f6092d5f36;1897029;large language models,tree-of-thought,symbolic solvers,constraint satisfaction problems,stora språkmodeller,avsiktsträd,symboliska lösare,villkorsatisfieringsproblem
Lundqvist, Malvin;6ad3f9b2-b38d-4748-acb8-f51f6808e892;1751202;recommendation systems,collaborative filtering,matrix factorization,multi-layer perceptron,neural network-based collaborative filtering,implicit feedback,deep learning,term frequency-inverse document frequency,rekommendationssystem,kollaborativ filtrering,matrisfaktorisering,flerlagersperceptron,neurala nätverksbaserad kollaborativ filtrering,implicit data,djupinlärning,termfrekvens med omvänd dokumentfrekvens
Berglind, Jonathan;1280;1106314;twitter,hashtag,recommendation systems,geographic data
Forsmark, Mikael;1281;1106314;twitter,hashtag,recommendation systems,geographic data
Sohlberg, Henrik;9405933f-3e28-4bbc-99c6-73a8d7995fd1;839780;recommendation system,association rule mining,collaborative filtering,cold start
Villanueva Aylagas, Mónica;ec2a94c6-49d8-4ce1-8f33-6ca46471220b;1229126;deep learning,gans,3d
Karlsson, Olof;06bb0e22-ee28-4d5d-8cfe-91697108dead;1123270;records,types,scala,programming languages
Olsson, Oscar;1282;1803514;
Rundström, Tim;1283;1803514;
Svahn, Axel;0b1fbad5-6962-4d3b-9d8e-be941e31eae8;1892786;information and communication technology,human resources,e-recruitment,user experience design,usability,information architecture,feedback,artificial intelligence,informations- och kommunikationsteknik,mänskliga resurser,e-rektrytering,användarupplevelsedesign,användbarhet,informationsarkitektur,feedback,artificiell intelligens
Alam, Samiul;3d5195cd-df07-47d1-b0b3-5c5df53e1720;1238889;recurrent neural networks electricity load forecasting lstm renewable energy
Manfredi, Giovanni;7a79a4e6-d5fa-4d8b-9f72-fe26107b71c3;1931137;machine learning,feature store,spark,delta lake,delta-rs library,read/write latency,maskininlärning,feature store,spark-specifik begränsning,delta lake,delta-rs-bibliotek,läs- och skrivlatens
Dong, Ning;1284;1606994,1821827;formal verification,refinement,serial interface,device driver,interactive theorem prover,information flow,formal verification,information flow,refinement,interactive theorem prover,hol4,serial interface,pipelined processor,microarchitecture,out-of-order execution,formell verifiering,informationsflöde,förfining,interaktiva bevisprogrammet,hol4,seriellt gränssnitt,pipelined processor,mikroarkitektur,omordnad exekvering
Lillrank, Dan;324dd8a7-1839-4ff5-9712-1dd0bb244580;1244852;icp
Persson Lejon, Ludvig;1285;753639;
Suresh, Lalith;1286;1085916;key-value,distributed,storage,multiget,scheduling
Braithwaite, Sean;1287;1085916;key-value,distributed,storage,multiget,scheduling
Blixt, Rikard;1288;668701;
Ye, Anders;1289;668701;
Lord, William;1290;814832;
Graham, Paul;1291;814832;
Anggraini, Dita;11735c9e-09cb-47f3-b15a-357da78bf887;1783642;battery energy storage system,cost-benefit analysis,prediction methods,reliability analysis,batterienergilagringssystem,förutsägelsemetoder,kostnads-nyttoanalys,tillförlitlighetsanalys
Shangguan, Shengyao;8cb01c99-182c-4d3a-971c-b2042c1138cd;1749935;water detection,faster region-based convolutional neural networks,multiple images,convolutional neural networks,random forest,vattendetektering,snabbare regionbaserade konvolutionella neurala nätverk,flera bilder,konvolutionella neurala nätverk,random forest
Helmisaari, My;9b0f005a-6cf1-4eef-8286-aa619e3e087b;1589480;user testing,speech recognition,dictation,human-computer interaction.,användartestning,taligenkänning,diktering,människa-dator interaktion.
Hildebrand, Conrad;1292;1464673;
Mathsson, Michael;1293;1464673;
Thorsen, Sofie;181;827372;cassandra,replica selection,distributed database,tail latency
Banaei Mobarak Abadi, Ali;26afc2c2-867d-4b5e-b87c-264391be059e;1894752;contrastive learning,deep learning,single-cell transcriptomics,natural language,kontrastiv inlärning,djupinlärning,enkelcells-transkriptomik,naturligt språk
Greenberg, Lev;1294;808912;
Lee, Edward A.;1295;808912;
Masin, Michael;1296;808912;
Tripakis, Stavros;1297;808912;
Wetter, Michael;1298;808912;
Viðar Kristjánsson, Bjarki;4f1eb238-4e62-4ddc-995e-10fe1e8d3034;1697653;natural language processing,information retrieval,bert,kb-bert,search evaluation,naturlig språkbehandling,informationssökning,bert,kb-bert,sökutvärdering
Hellman, Erik;1299;1678546;voice anonymization,voice deanonymization,data privacy,machine learning,neural networks,whistleblowing,röstanonymisering,röstdeanonymisering,datasäkerhet,maskininlärning,neurala nätverk,visselblåsning
Nordstrand, Mattias;1300;1678546;voice anonymization,voice deanonymization,data privacy,machine learning,neural networks,whistleblowing,röstanonymisering,röstdeanonymisering,datasäkerhet,maskininlärning,neurala nätverk,visselblåsning
Jin, Hongyu;1301;909470,1210501;location-based service,pseudonymous authentication,security and privacy,authentication,data privacy,encoding (symbols),error analysis,knowledge based systems,location,mobile devices,telecommunication services,basic protocols,decentralized system,location privacy protection,privacy leakages,security enhancements,security threats,sensitive informations,location based services,vehicular communications,security,privacy,identity and credential management,vehicular pki
Zhao, Peiyue;a311a50e-54d7-485a-81f3-29bb95894b2c;1538664;
Thiessen, Christian;dbd9bf13-49bb-4d5d-b500-d4627b19e2d5;761882;
Bodemyr, Oskar;ee4cab4c-e872-493c-a484-9ad8fd17ee6f;1047564;
Gureya, David Daharewa;52c7e065-b8c2-4f1a-ae62-efc2560861d6;1605838;cloud computing,qos-aware resource allocation,elasticity controller,multi-socket systems,non-uniform memory access,page placement,memory-intensive applications
Hassel, Martin;7593d030-5c2e-4781-8874-20d9bfddf586;12198;holsum,language independent,holistic,summarization,lexical semantics,co-occurrence statistics,word space model,bag-of-words,bag-of-concepts,random indexing,swesum,news corpus,extract corpus
Wideberg, Robert;1401;849934,676014;rest restful services hateoas swagger raml api blueprint wadl
Huotari, Toni;8f78cfd4-d358-4fc1-acb8-6e6bf26b8153;701997;
de Roos, Victoria;5e712b47-42f2-449a-a6de-bbe521b02c4c;861527;real-time embedded systems,behavioural regulation,computational reflection,inbyggda realtidssystem,beteendereglering
Godard, Pierre;946a98b4-b8b3-4d3b-8aa5-7741353a2703;1151407;rnn recommender system
NYCANDER, PETER;1303;676665;
ANDERSSON, TOBIAS;1304;676665;
LUNDQVIST, MARCUS;1305;675616;
HOLLSTEN, DANIEL;1306;675616;
Langesten, Daniel;1307;676675;
Gorgis, Paul;a7599914-d3f0-4998-b0f0-553f2d077abc;1622356;eye gaze,gaze behaviour,human-like,model,human-robot interaction (hri),social robots,confrontational scenarios,blick,blickbeteende,människolik,modell,människa-robot interaktion (mri),sociala robotar,konfrontationsscenario
Snorrason, Einar;627c6429-99ca-4fef-9223-c62fdb707568;882796;localization,mapping
Haustein, Joshua Alexander;2d0963cd-039c-49dc-89f6-1782c21964a8;1387713;robot manipulation planning,sampling-based planning,fingertip grasp planning,placement planning,rearrangement planning
Ekvall, Staffan;04d65503-e857-48ae-bbb3-7e0eb49c95cf;11592;robotics,machine learning,artificial intelligence,computer vision,programming by demonstration,grasp mappping,grasp recognition,robot grasping,planning,autonomous robots
Konuk, Emir;b693ef0c-9ff0-403a-ab77-8423d7d54718;1905784;medical imaging,generalization,robustness,uncertainty,medicinsk avbildning,generalisering,robusthet,osäkerhet
Sillén, Erik;afcbc328-d4b5-4fa8-b631-adccf24c30f8;955678;slam,keyframes,robust
Cardenas Meza, Andres Felipe;e30edca1-e789-4d7b-81fc-f9d13f94e809;1870945;gas turbines,machine learning,deep learning,predictive maintenance,software sensor,data quality,cross industry standard process fordata mining (crisp dm),reliability,ensemble methods,gasturbiner,maskininlärning,djupinlärning,prediktivt underhåll,mjukvarusensor,datakvalitet,cross industry standard process for datamining (crisp dm),pålitlighet,ensemble metoder,turbinas de gas,aprendizaje automático,aprendizaje profundo,mantenimiento predictivo,sensor basado en software,calidad de datos,crisp dm,fiabilidad,métodos de conjunto
Mataruga, Dani;3361397a-31e1-46aa-804e-b93e9a431246;927500;
Fredrik, Björkman;fea55af7-2201-4514-b75e-306c1a8fec1d;1737848;rocksdb,data streams,micro-batching,data stream processing,read operation benchmark,data stream workload simulation,rocksdb,dataströmmar,mikro-batching,dataströmsprocessering,läsoperationsmätresultat,dataströmsarbetsbelastningssimulation
Gauffin, Christopher;10e96ec3-44a2-4fb2-83c6-3f5bc9c06466;1805112;induction motors,supervised machine learning,power converters,parameter estimation,embedded systems,induktionsmotorer,övervakad maskininlärning,strömkonverterare,parameterestimering,inbyggda system
Jonsson, Fredrik;1309;1112039;internet of things,rsa,authentication
Tornkvist, Martin;1310;1112039;internet of things,rsa,authentication
Andersson, Emil;1311;753662;
Yamagata, Yoriyuki;1312;1062024;csp,parametric monitoring,process algebra,runtime monitoring
Hagiya, Masami;1313;1062024;csp,parametric monitoring,process algebra,runtime monitoring
Inoue, Jun;1314;1062024;csp,parametric monitoring,process algebra,runtime monitoring
Ma, Lei;1315;1062024;csp,parametric monitoring,process algebra,runtime monitoring
Tanabe, Yoshinori;1316;1062024;csp,parametric monitoring,process algebra,runtime monitoring
Yamamoto, Mitsuharu;1317;1062024;csp,parametric monitoring,process algebra,runtime monitoring
Gao, Yulong;e57c6cc4-375a-443d-9f41-2916b6e538c7;1499869;safe autonomy,shared autonomy,probabilistic controlled invariant set,invariant cover,linear temporal logic,temporal logic tree,safe teleoperation,automated car overtaking
Lundberg, Johannes;cdbbecb7-146d-4699-9503-ba65edc4b676;1238890;rust,kernel,safe,programming
Tajvar, Pouria;1318;1578330;
Barbosa, Fernando S.;1319;1578330,1578019,1627303;
Vordemann, Lukas;149b05f7-252a-400e-9a12-7552580814ae;1713407;human-robot collaboration,safe reinforcement learning,shielding,risk management,autonomous warehouse,människa-robot samarbete,säker förstärkningsinlärning,avskärmning,riskhantering,autonomt lager
Persson, Ludvig;1320;1214412;
YAMAZAKI, HIROYUKI  VINCENT;1321;771121;
Rönnholm, Henrik;1324;811002;
Ahmed, Laeeq;fdcacde7-8ff9-4628-ab18-b7b84cd33cd7;1359662;big data,apache spark,virtual screening,eeg,cloud computing,life sciences,machine learning
Vasiloudis, Theodore;a0a927e5-51a5-4139-805f-c1fdd8056b0c;1307122;online learning,distributed computing,graph similarity,decision trees,gradient boosting
Palmskog, Karl;1325;464025,749552;information-centric networking,metadata search,distributed management,distributed objects,decentralization,implementation correctness,network protocols,object mobility
Gonzalez Prieto, Alberto;1326;464025;information-centric networking,metadata search,distributed management
Meirosu, Catalin;1327;464025;information-centric networking,metadata search,distributed management
Aguilar, Xavier;1328;461904;chemistry,image color analysis,libraries,measurement,optimization,quantum mechanics,wave functions
Schliephake, Michael;1329;461904;chemistry,image color analysis,libraries,measurement,optimization,quantum mechanics,wave functions
Vahtras, Olav;1330;461904;chemistry,image color analysis,libraries,measurement,optimization,quantum mechanics,wave functions
Gimenez, Judit;1331;461904;chemistry,image color analysis,libraries,measurement,optimization,quantum mechanics,wave functions
Videl, Markus;1332;721634;
Palo, Mattias;1333;721634;
Widén, Lukas;1334;1464658;
Blomqvist, Gustaf;1335;1464658;
Broqvist Widham, Emil;4ac1b9f4-633a-4b26-911b-f8199353b4a0;1470092;
Sunnegårdh, Christina;486cdd4a-621b-43da-92c5-31ca91375974;1584506;
Hindersson, Tobias;1423;1618097,811037;scatterplot,animation,perception,visualization,punktdiagram,animering,perception,visualisering
Patel, Jay;9381270a-fed4-4b75-8683-c6d4b0184e8b;1712821;scenario generation,mixture density network,gaussian mixture model,autonomous driving,semantic graph network,scenariogenerering,mixture density network,gaussian mixture model,autonom körning,semantic graph network
Djadkin, Alexandr;1f4b7824-9ea5-4691-8940-2b9dcf466c8e;1799731;deep generative models,generative adversarial networks,diffusion models,gan,dgm,4d imaging radar,djupa generativa modeller,generativa antagonistiska nätverk,diffusionsmodeller,gan,dgm,4d-bildradar
Ek, Carl Henrik;1336;448473;computer vision
Röös, Katja;1337;812034;
Wessén, Johan Ludde;1339;1468946;assembly manufacturing,constraint programming,robot planning and scheduling
Carlsson, Mats;1340;1468946;assembly manufacturing,constraint programming,robot planning and scheduling
Simonsson, Jesper;1341;812001;
Selkälä, Janne;1342;812001;
Bränn, Jesper;1344;811052,1108645;machine learning,sensor fusion,sensor readings,car,smartphone,smartphone sensors,gps,accelerometer,gyroscope,convolutional neural network,artificial neural network,maskininlärning,sensorfusion,sensorläsning,bil,smartphonesensorer,artificiella neuronnät
Jernbäcker, Axel;1345;1596673;
Junestrand, Max;1346;1596673;
Dudziec, Andrzej;1193104d-ba71-4c20-9686-2241bfc27954;805690;
Khodaei, Mohammad;1347;1210501;vehicular communications,security,privacy,identity and credential management,vehicular pki
Zhang, Xiuqi;9fab18c1-6727-47a5-aa9b-89f9a80e89f7;1799795;participant sensing,privacy,security,street view,deltagaravkänning,integritet,säkerhet,vy över gatan
Isaksson, Martin;1348;1591638;5g,federated learning,machine learning,privacy,security,data analytics,data handling,mobile security,mobile telecommunication systems,network architecture,wireless networks,communication overheads,end users,multiparty computation,network data,network functions,5g mobile communication systems
Norrman, Karl;1349;1591638;5g,federated learning,machine learning,privacy,security,data analytics,data handling,mobile security,mobile telecommunication systems,network architecture,wireless networks,communication overheads,end users,multiparty computation,network data,network functions,5g mobile communication systems
Al Khateeb, Ahmad;1350;1762882;access control,authorization,keycloak,gpg keys,encryption,gitlab,version control,neo4j,data security
Summaq, Abdulrazzaq;1351;1762882;access control,authorization,keycloak,gpg keys,encryption,gitlab,version control,neo4j,data security
Wallström, Andreas;1352;1472901;
Omer, Mohammad-Ali;1353;1472901;
GUSTAFSSON, FREDRIK;0e7d594c-e480-4024-8391-006571318a0b;753576;
Mwakalinga, G. Jeffy;1354;421697,421684;software mobile agents,survivable systems,agent platforms,agent certifier,accountability,immune system,systemic-holistic,negative selection algorithm,clonal selection algorithm,deterrence
Yngström, Louise;1355;421697,421684;software mobile agents,survivable systems,agent platforms,agent certifier,accountability,immune system,systemic-holistic,negative selection algorithm,clonal selection algorithm,deterrence
Salim, Djiar;93833de0-e9dc-4f72-8f31-dae03a662c5f;1713834;trigger-action,untrusted code execution,javascript sandbox,webassembly isolation,trigger-aktion,exekveringavopålitligkod,javascript-sandlåda,webassemblyisolering
Carter, Liam;07d5fe0e-aac5-4a20-93f5-bd2a8d999b3f;1603740;
Persman, Pontus;1356;1596410,1911810;
Öjebrant, Sebaztian;1357;1596410;
Dannberg, Daniel;4d60e21d-d723-4529-b84b-7c85d90d9c44;1606003;threat modeling,security,microservices,the common misuse scoring system,national institute of standards and technology,return of security investment,hotmodellering,säkerhet,mikrotjänster,säkerhetsinvestering,evaluering av säkerhet
Magdum, Parth;1359;1595274;internet of things (iot),iot-devices,vulnerability assessment,grouping iot-devices,self-organising maps,vulnerability likelihood.,sakernas internet (iot),iot-enheter,bedömning av sårbarhet,gruppering av iot-inheter,self-organising maps (soms),sårbarhetsrisk.
Ekelund, Joar;b898e660-c9bd-4f22-b550-04cd2cb8fe21;1613886;electronic control unit,update,automotive,threat modeling,vehiclelang,securicad,styrenhet,uppdatera,fordonsteknik,hotmodellering,vehiclelang,securi- cad
Stenhav, Hîvron;d305690b-646c-4d30-abb6-c26aba56f235;1845152;security,ethical hacking,open-source,matrix,penetration testing,threat modelling,api,säkerhet,etisk hackning,öppen källkod,matrix,penetrationstesting,hotmodellering,api
Cooper, Ke'ahi;27063b8a-bf04-4c94-ad2f-8ef3c4b4a297;848663;internet of things,iot,security
Kukuruzovic, Naida;bb2e814a-2443-498d-bd13-b593dda30ff7;949971;security management,information security,authentication,authorization,governance,risk management,compliance,user management,säkerhetshantering,informationssäkerhet,autentisering,auktorisering,styrning,riskhantering,följsamhet,användaradministration
Gaboriau-Couanau, Clément;ad28162b-61ee-446f-ab6d-d770d624ad78;1149047;embedded software,cybersecurity,guideline,inter-process communication (ipc),d-bus,monitoring,inbyggd programvara,cybersäkerhet,riktlinje,interprocesskommunikation (ipc),d-bus,övervakning
Tsialamanis, Christodoulos;398afcd1-6645-4d05-a948-4698bab3dcb0;1894797;ultra-wideband,flooding-based networks,glossy networks,wireless sensor networks,iot security,ultra-wideband,flooding-based nätverk,glossy nätverk,trådlösa sensornätverk,iot security
Javid, Sepehr;c11e7beb-edf3-4407-b90c-3aef61338d4e;1804923;segment routing with ipv6,quality of service,congestion,extended berkeley packet filter,segmentering av vägval med ipv6,tjänstekvalitet,överbelastning,utökad berkeley packet filter
Dahlkvist, Jacob;1360;1699091;
Marichal, Charles-Eole;75483da3-0f03-453c-b52c-55fc42b773d5;1702702;hci,xr,selection,prediction,online virtual environments,mdi,xr,urval,förutsägelse,virtuella online-miljöer
Müller, Miguel;3965cdda-d1ba-409b-948e-e2bd16a22ba5;1600314;
Tu, Yi-Pei;162dd4b6-8dba-4450-8b66-f4f1e340d890;1503540;
Lassarat, Côme;7a915b5c-ca06-44b1-aa64-579d94e870f0;1837718;self-supervised learning,segmentation,medical images,självövervakad inlärning,segmentering,medicinska bilder
Grover, Kush;1362;1578019;
Kretınsky, Jan;fb99508a-9d06-42cd-b844-30960eb86fa7;1578019;
GALLART DEL BURGO, XAVIER;b03b2020-d9c2-48d1-b0cb-a94d5b9923fc;700168;
Pronobis, Andrzej;4020618a-545b-4d23-b47d-f6992241f40d;419628;
FALGARD, MIKAEL;1a4027f2-da15-4022-8222-0df179b5fd3b;699358;
Karlgren, Jussi;1364;769715;semantics,topology
Bohman, Martin;1365;769715;semantics,topology
Ekgren, Ariel;1366;769715;semantics,topology
Isheden, Gabriel;1367;769715;semantics,topology
Kullmann, Emelie;1368;769715;semantics,topology
Nilsson, David;1369;769715;semantics,topology
von Platen, Edvin;7dba5698-19cc-4719-ab89-cb20d45593f8;1606032;mapping,octrees,rgb-d perception,motion and path planning,semantics,robots.,kartläggning,octree,färg- och djupperception,rörelse- och vägplannering,semantik,robotar.
Palmér, Matthias;1371;359423,359445;metadata
Ohl, Louis;1b305af7-88d3-40d1-97a8-046bc34e451b;1613852;semi-supervised learning,text classification,adverse drug reaction,expectation maximization,natural language processing,halvväglett lärande,text klassificering,läkemedelsrelaterade biverkningar,naturlig språkbehandling
Mittal, Sudhanshu;e6ede879-3f3c-4ea6-916d-d418a38dbc9d;1171308;semi-supervised learning,object recognition,adversarial training,autoencoders
DHAKA, AKASH KUMAR;6c3926cd-1137-458a-b6d5-12f80044a936;1052229;machine learning,automatic speech recognition,semi supervised learning
Ghoorchian, Kambiz;1372;917395;
Rahimian, Fatemeh;1373;917395;
LARSSON, MARTIN;1276;754317;
LYSEDAL, TOMAS;ffc20bfd-81fc-4163-990e-053145c901e3;766075,753301;
Ling, Li;1374;1214448;
Larsén, Simon;1375;1214448;
Lorentz, Isac;1376;1593439;
Singh, Gurjiwan;1377;1593439;
WESTLING, ANDERS;301162b8-fd8a-4b8d-8ecd-46d3f811099b;681000;
Szerszen, Daniel;1379;930520;
Paknejad, Sepideh;ddaa8530-c28e-4180-98ca-e0ee5c280aa6;1241547;
Dadoun, Mona;1380;926472;
Olssson, Daniel;1381;926472;
Kalogiras, Vasileios;d069e19a-046a-4a86-ad36-83a3380d9fda;1158153;deep learning,sentiment analysis,sentence representations
Teljstedt, Erik Christopher;b26c2254-7ec2-4bdd-82f7-fef82a5c8f82;971649;bot detection,information operations,synthetically constructed training data,social media analysis,classification,learning systems,social networking (online),classification performance,classification results,machine learning approaches,military conflicts,semi-automatic,automation
Martinez Mayorquin, Ramon Heberto;9d14caa2-5c57-45f1-9704-4a2e2954efed;1659470;bayesian,learning,neural networks,sequences
Xu, Xuechun;272be763-ec03-4710-8910-038e87dc21d7;1184890;recommendation system,food recipe,markov chain,sequential recommendation
Shcherbakov, Mikhail;1382;1515038;
Ahlsén, Edvard;d4d613a2-6e99-4592-a26c-f4395f558b5f;1783248;shape depiction,non-photorealistic rendering,shading,multiple scales,formskildring,ickerealistisk rendering,skuggning,skalrymdsmetoder
Sriram, Shravan;5e53e49a-f19a-41aa-bce2-20afc99ab005;1870946;shape optimization,parametrization,torque,nvh,mean radial tooth force,rotor surface optimization,stator tooth-tip optimization,radial force vectors,radial force vector manipulation,formoptimering,parametrisering,vridmoment,nvh,medel radiell tandkraft,rotorytoptimering,statortandspetsoptimering,radialkraftvektorer,radiellkraftvektorkontroll
Nyberg, Truls;1384;1932900;
Gaspar Sánchez, José Manuel;1385;1932900;
Narri, Vandana;1386;1932900;
Pettersson, Henrik;1387;1932900;
Törngren, Martin;1388;1932900;
Nordström, Jakob;6cfc9eab-4575-435a-9138-e58709da2c2b;13522;proof complexity,resolution,space,length,width,separation,lower bound,pebble game,pebbling formula,beviskomplexitet,minne,längd,bredd,undre gräns,pebblingspel,pebblingformel
HASSEL, OLLE;3c47dcc8-a7ca-48fc-868a-599950bb7212;754334;
Martinssson, Filip;1389;1114719;technical analysis,rsi,candlestick patterns,trading
Liljeqvist, Ivan;1390;1114719;technical analysis,rsi,candlestick patterns,trading
Svensson, Morgan;68087ab9-5b66-4157-b3df-ca95e8946b2a;865336;
Zagal, Juan Cristobal;1391;440719;
Björkman, Eva;1392;440719;
Roland, P.;1393;440719;
Brunnberg, Karl;cd2b2b19-b0b0-4ba7-83fd-7abbbead1727;1804786,1609857;crowd simulation,trajectory,similarity metric,virtual agents,crowd perception,folkmassasimulering,färdväg,likhetsmetrik,virtuella agenter,folkmassaperception,crowd simulations,evacuation simulations,exits,exit layout,diminishing returns,simulering av folkmassor,simulering av evakueringar,utgångar,utgångslayout,avtagande avkastning
Persson, Sebastian;abe8d14c-d359-4dc7-a16d-23d108df985c;1225265;hci,day-ahead,decision making,structuring time-series,balance responsible parties,planning and forecasting
Katpatal, Chaitanya;1394;1900419;
Mehdi, Adam;1395;1900419;
Alevärn, Marcus;01bb10dc-45da-4e13-beb0-86f80d1c3534;1784176;microservice architecture,service dependency graph,software testing,mikrotjänstarkitektur,tjänsteberoendegraf,mjukvarutestning
Linn, Andreas;1396;811370;
Berendt, Filip;800e7e24-02c5-4a22-b96e-e1bc79a9a6c0;1708157;steering behaviour,autonomous agents,crowd simulation,vector field,deviation,gradient,user survey,unity3d,styrbeteenden,autonoma agenter,folkmassesimuleringar,vektorfält,avvikelser,gradient,användarenkät,unity3d
Mårtensson, Charlie;1397;1595847;
Brännström, Jacob;1398;1595847;
Blanco Paananen, Adrian;007114d4-6afe-4ff3-8d76-76fa46698489;970839;opengl,gpu,gpu computation,data driven,brush,android,fastbrush,android,bontouch
Eisen, Philipp;0139e39a-d4e5-4f23-b17d-d1bba47c7a18;1149021;
Magnusson, Sebastian;d16bdabf-99a2-42d0-9e69-48a9f318ba8a;811048;
Marcus, Elwin;b0266361-fdfd-4fd7-b9d7-bb22a2c379d3;1274759;deep reinforcement learning,machine learning,market microstructure,market maker,financial agent,agent based modelling,financial artificial markets,complex systems,algorithmic trading,tensorforce,keras-rl,ppo,dqn,dealer market,limit order book
NORELL, ERIK;1399;770624;
CHAVEZ, DANIEL;1400;770624;
Wiss, Christoffer;1402;676014;
Peterson, Isak;1403;1214484;
Lützow, Joel;1405;1464540;agent-based model,abm,mason,measles,airborne transmission,droplet infection,epidemic,epidemiological model,agentbaserad modell,abm,mason,mässling,luftburen smitta,droppinfektion,epidemi,epidemiologisk modell
Mikiver, Cecilia;1406;1464540;agent-based model,abm,mason,measles,airborne transmission,droplet infection,epidemic,epidemiological model,agentbaserad modell,abm,mason,mässling,luftburen smitta,droppinfektion,epidemi,epidemiologisk modell
Milger, Hannah;1407;815681;
Gillgren, Sara;1408;815681;
Rinzén, Elias;1409;1595581;
Zapata, Luciano;1410;1595581;
Bergendorff, David;1411;1595576;
Lundin, Jonas;1412;1595576;
Oriol, Guasch;1413;1471890;vowel-vowel utterances,biomechanical model,acoustic model,voice production,finite element method
Vallgren, Andreas;9b808a80-673b-4e4e-a75d-9dd9c9614a15;359543;parallelisation,performance,mpi,runge-kutta,quasi-geostrophic,two-dimensional,turbulence
Tofigh, Ali;1414;233570,220830;trees,biology and genetics,combinatorial algorithms,graph algorithms,lateral gene tranfer,horizontal gene transfer,cancer progression
Hallett, Mikael;1415;233570;trees,biology and genetics,combinatorial algorithms,graph algorithms
Lagergren, Jens;1416;233570;trees,biology and genetics,combinatorial algorithms,graph algorithms
Hamesse, Charles;1417;1349749;
Ackermann, Paul;1418;1349749;
Vaillant, Pauline;5b6def76-7ff0-4f6d-b34f-ee7a4e4cdf79;1749284;optimization,linear programming,heuristics,railway scheduling,maintenance planning,optimering,linjärprogrammering,heuristik,järnvägsplanering,underhållsplanering
Niazi, Salman;1419;1260838;
Ronström, Mikael;1420;1260838;
Haridi, Seif;1421;1260838;
Efstratiou, Panagiotis;8fbc803e-ee70-4443-acd0-318c6154acf6;1568187;depth camera,human pose estimation,kinematics,motion capture,skeletal tracking,djupkamera,uppskattning av mänsklig pose,kinematik,rörelseregistreringssystem,skelettspårning
KANERVA, MARTIN;737e223e-169c-4596-9a91-07b2b4acd18d;766095,754414;
Rasch, Katharina;706f313f-b84c-4d75-a272-1198c7497f23;650328;smart homes,pervasive computing,ubiquitous computing,machine learning,hci
Zhou, Shihang;2e84a05d-0e27-4b52-9cf3-58accff89a05;1782875;tracking-by-detection,deep reinforcement learning,multi-objective optimization,spårning genom detektion,djup förstärkningsinlärning,multiobjektiv optimering
Lousseief, Elias;1422;811037;
Stenberg, Johan;e905a99a-98cb-4440-9724-73dd02113e1d;938613;distributed systems,crdts,conflict-free replicated data types,or-set,snapple
Sandor, Ovidiu;a3855ace-a4b9-4862-9a45-57a0fa360587;350387;hci,cscw,social awareness,user-centred design,spatial model,aether model,communities,knowledge
Bodriagov, Oleksandr;14526872-ddf5-438e-95df-11dad426043a;812449;social networks,privacy,decentralized,encryption-based access control
Bütepage, Judith;106cf5e8-072e-4f08-b8cb-e9aada177324;920840;human-robot interaction,social,intelligence,machine learning,robotics
Sjöblom, Johan;1425;1106644;software based memory correction,dram,reed-solomon,hamming,cubesat,low-earth orbit,mist
Bobadilla, Sofia;1426;1823042;sbom,software supply chain
Monperrus, Martin;1427;1823042;sbom,software supply chain
Ron Arteaga, Javier;1428;1823042;sbom,software supply chain
Sharma, Aman;1429;1823042;sbom,software supply chain
Skoglund, Gabriel;1430;1823042,1913442;sbom,software supply chain,public key infrastructure,hardware security modules,kmip,pkcs#11,public key infrastructure,hardware security module,kmip,pkcs#11
Wittlinger, Martin;1431;1823042;sbom,software supply chain
HARRYSSON, MATTIAS;1432;770655;
LAESTANDER, HJALMAR;1433;770655;
Terelius, Björn;ae0f83f1-e601-4ad4-8ff2-0794e17011a3;808396;
Nysater, Richard;1435;668893;
Reinhammar, Tobias;1436;668893;
Bresin, Roberto;1438;465516,465427,774961;acoustic analysis,adult,anger,article,controlled study,emotion,fear,female,happiness,human,human experiment,locomotion,male,middle aged,motor activity,music,normal human,recognition,sadness,sound detection,sound intensity,walking
Chen, Zimin;11b1090d-40e7-4082-b1af-feda1560d3a1;1812919;code representation,deep learning,program repair
Bhattacharya, Sayan;1439;808915;
Henzinger, Monika;1440;808915,808913;
Tsourakakis, Charalampos E.;1441;808915;
Vinyals, Marc;14fc520c-3e50-49fb-a428-55daa93f21f6;1094244;proof complexity,resolution,polynomial calculus,cutting planes,space complexity,computational complexity,pebble games,communication complexity,cdcl
Li, Mengchan;3a566e9c-d874-4e90-8d77-f575b5115039;907403;rss prediction,mobile robots,rss gradient,wireless prediction
Danielsson, Alexander;64a55295-e2bd-44ea-823e-6b8c22530a7e;1834208;spatial audio,sonification,surgical simulations,minimally invasive surgery,psychoacoustics,spatial ljud,sonifikation,kirurgiska simulationer,minimalinvasiv kirurgi,psykoakustik
SZEKÉR, MÁTÉ;b29c63b9-1fad-4102-b58b-de3881feb852;762507;
Rosell, Felicia;1443;811568,1267392;ddos,application layer,speak-up,denial-of-service,cyber attack,machine learning,ml,recurrent neural networks,rnn,deep learning,tracking,golf,bounce,synthetic data,maskininlärning,ml,rnn,djupinlärning,följning,studs,syntetiskt data
Shi, Ruimin;247e9125-223f-4ff5-8926-958bfef0efca;1892789;instruction set architecture,risc-v,ai coprocessor,instruktionsuppsättningsarkitektur,risc-v,ai coprocessor
Backman, Nike;f8a3e4f2-adcf-4e8d-9a45-20245e2dc49e;1800319;menstrual surveillance,the neoliberal workplace,quantified self,critical design,mensövervakning,den nyliberala arbetsplatsen,kvantifiering av jaget,kritisk design
Wagner, Markus;d4991993-5218-4268-b9c6-87bd137065e5;1886721;depth of field,gaussian splatting,radiance fields,real-time rendering,optical effects,skärpedjup,strålningsfält,realtidsrendering,optiska effekter
Buso, Fabio;4fbb505b-a3d8-4e18-a7a9-1e4b6d4c797e;1149002;
Videfors, Sara;1444;1596660;
Rosenqvist, Emilia;1445;1596660;
Andreasson, Karl Johan;5ed6bdb1-e69e-4ecb-9a56-c1c47b715ab7;1134463;
JÄRLEBERG, ANDERS;7941c6ed-c490-4084-be54-f6961d501358;763359;
Rosander, Sara;4e6e8d31-c123-4ff3-b63a-0db4401c0abe;1506145;
Lee, Yeji;c7c8abbd-0a32-4d7d-a79f-d316affabfe8;1894756;in-car leisure experience,wellness,multisensory,augmented reality,soma design,bilbaserad fritidsupplevelse,välbefinnande,multisensorisk,förstärkt verklighet
BERGLIND, NICLAS;9c2442d8-a38a-4449-b5fc-298c8e757f87;700948;
van der Windt, Frederick;7e04fe4f-a54a-44f6-9981-49dc508aa966;1800316;javascript,static analysis,business logic vulnerabilities,client-side,fuzzing,black-box,javascript,statisk analys,sårbarheter i affärslogiken,klientsidan,fuzzing,black-box
Ahnlund, Josefin;267b2387-b638-4567-a9ef-895ddefe1d70;931547;music,interaction,statistical analysis,conductor,musical expression
Aspin, Daniel;bb78cfdf-4f22-488a-8130-610ac4d879d9;1885507;interference,seamcat,monte carlo simulation,convolution,radio communication,interferens,seamcat,monte carlo simulering,faltning,radiokommunikation
Frånberg, Mattias;0deba861-db81-49c7-99e0-a0ca127ddb44;1313588;
Kesavan, Roshini;48828e1e-1046-4511-a143-0705a0200355;817824;
JOHANSSON, SIMON;1446;770253;
LENNGREN, EMIL;1447;770253;
Cremona, Fabio;1448;1059700;
Lohstroh, Marten;1449;1059700;
Di Natale, Marco;1450;1059700;
Lee, Edward;1451;1059700;
Stavros, Tripakis;1452;1059700;
Suzic, Robert;efbb6f5c-1c4c-4f33-8d9c-bc36dc7ecdda;11213;plan recognition,decision making,knowledge representation,information fusion,predictive situation awareness,data fusion
Millevik, Daniel;1453;811130;
Wang, Michael;1454;811130;
Skagerström, William;1455;1214480;
Skantz, Daniel;1456;1214480,1564101;
Eriksson, Jacqueline;1457;928622;
Strandberg, Mitra;1458;928622;
Nordberg, Marcus;1459;812198,1118387;representation learning,clustering,otc derivatives,classification
Karlsson, Simon;1460;812198,1116765;automatic summarization,natural language processing,textrank,semantic folding,extractive document summarization
Munasinghe, Aroshine;1461;817395;anova,backpropagation,configurations,stock prediction,artficial neural networks
Vlajic, Dajana;1462;817395;anova,backpropagation,configurations,stock prediction,artficial neural networks
Vainionpää, Ida;1465;771141;
Davidsson, Sophie;1466;771141;
Wenström, Sean;1467;814393;
Ihrén, Erik;1468;814393;
BRYTTING,, ANDREAS;1469;668737;
NYGREN, JOHAN;1470;668737;
Mejtoft, Thomas;387c27ce-67df-4cf7-99e3-428a79c05aad;11010;
Anteros Linnarsson, Oliver;1471;1464546;
Lorenzo, Sebastian;1472;1464546;
Hulthén, Jonas;385bb4a6-3b15-48fd-9939-f1973d9a5cdc;1903931;streaming,server side rendering,client side rendering,page load performance,isomorphism,singel page application,multi pageapplication,react,user experience,rehydration,streaming,strömning,serversidig rendering,klientsidig rendering,sidladdningsprestanda,isomorfism,enkelsidig applikation,flersidig applikation,react,användarupplevelse,rehydrering,strömning
Annebäck, Jesper;65b0325e-4426-4e98-ab50-6df40735cc7f;798493;hci,smartphone,gui,search engine,responsive web design,experimental design
PETTERSSON, MARTIN;1473;670540;
SWENSSON, DANIEL;1474;670540;
Cerovic, Lazar;7514ab04-82a1-4a8e-b319-75c9c083890c;1710734;meta attack language,domain specific language,attack graphs,threat modeling,stride,dread,attack simulation,cyber defence,meta attack language,domänspecifika språk,attack grafer,hotmodellering,stride,dread,attack simulering,cyberförsvar
MALMSTRÖM, TIM JOHAN;8d06ef62-20ab-436b-90e9-d60b487dfe5e;753082;
Engström, Linda;1475;1649695;learning analytics,adoption,higher education,students’ expectations.
Viberg, Olga;1476;1649695;learning analytics,adoption,higher education,students’ expectations.
Bälter, Olof;1477;1649695;learning analytics,adoption,higher education,students’ expectations.
Hrastinski, Stefan;1478;1649695;learning analytics,adoption,higher education,students’ expectations.
Enoksson, Emmi;51fe8bd0-2a7f-481c-8b7a-26a8941f2ac6;11326,311490;images,offset,printing,icc,color,gamut,profile,calibration,separation,gcr,ucr,characterization,gray balance
Sacrest Gascon, Aleix;107354d9-fcd3-4858-a612-04360819d13c;1113207;
Ortiz, Cantin;1cc931c3-fff5-4db7-bcff-204213dd1f2c;1172550;gamma,bursts,neuroscience,attention,mice,lfp,gamma bursts,local field potential,phase randomization,cognition,cognitive process,modulation,spike,neuron,prefrontal cortex,pfc,pre-frontal,tetrode,filtering,hilbert transform,recordings,oscillation,gamma band
Song, Shiping;0b88270e-6adc-49cf-98d6-3ff0ec8b2a4f;1280586;semi-supervised learning,sequence learning,human activity recognization,deepconvlstm,seq2seq model
Kucherenko, Taras;1479;1499133;ccs concepts,computing methodologies,motion capture,animation,neural networks,gestures,motion capture,data-driven animation,character control,probabilistic models,wasp_publications
Chen, Beichen;f7fb2e4a-1870-4ea9-8e31-7243a4158cef;1601084;stylometry,authorship attribution,embeddings,neural networks,natural language processing,book recommendations,stilometri,författarbestämning,vektorrum,neurala nätverk,språkteknologi,bokrekommendationer
Szerszen, Lukas;1480;1108322;
Paul-Philip, Mosulet;1481;1108322;
Tranos, Damianos;1482;1802149;adaptive control,model predictive control
Tan, Jiarui;6e5b67a6-143c-4e17-8092-0a9a911ff59c;1749931;underwater simultaneous localization and mapping,multibeam echosounder,point cloud registration,deep learning,undervattens simultan lokalisering och kartläggning,multibeam ekolod,punktmolnsregistrering,djupinlärning
Johansson, Simon Johansson;1483;668744;
Swords, Michael;286da9a5-28e8-4d91-b52d-bd896e7e1af4;770231;
Bardvall, David;8d0d2f71-549d-4bbd-bb07-105ff1c338b9;1887988;medical image processing,4d flow mri,super-resolution,generative adversarial networks,convolutional neural networks,deep learning,flow field enhancement,medicinsk bildbehandling,4d flow mri,superupplösning,generativa adversariala nätverk,convolutional neurala nätverk,djupinlärning,flödesförbättring
Lau, Cidney;7dbeb512-320d-4732-90e6-fd51b3220ff9;846825;support vector machine,svm,machine learning,industrial robot,robot,error recovery
Eriksson, Christoffer;af78063e-39f0-4d26-8b9f-3d9f68459fd7;1782874;somaesthetic design,touch,care,design methods,research through design,somaestheticdesign,beröring,omsorgsfullhet,designmetoder,forskning genom design
Eren, Lucas;1485;1596461;
Westermark, Wilhelm;783cba30-1283-43c4-8106-769611d144f7;1875521;energy harvesting,photovoltaics,vibration,i2c,power saving,low power,wireless sensor,nordics,energiskördning,energiutvinning,solpaneler,i2c,energibesparing,trådlösa sensorer,strömsnålhet,låg effekt
Janér, John;1487;1595839;human behavior,financial markets,sentiment analysis,twitter,mänskligt beteende,finansiella marknader,sentimentanalys,twitter
Potrus, Dani;83ca5d45-47c3-4e2f-b827-eb7d85d1672b;1110147;sign language,sign language recognition,video game,efficiency,sign language assessment,experimental design,statistical testing,statistical evaluation,teckenspråk,igenkänning av svenskt teckenspråk,teckenspråks tv spel,effektivitet,teckenspråklig bedömning,experimentell design,statistisk testning,statistisk utvärdering
Shahrokhian, Daniyal;bb485367-ea61-4814-8153-58379ba356dc;1149133;emotion recognition,spatio-temporal machine learning,känsloigenkänning,spatio-temporal maskininlärning
MA, Zihan;2f72052a-5938-4306-9f11-f16cea85884f;1868493;gsm repeater,echo-detection,synchronization,gsm channel estimation,gsm-repeatrar,eko-detektion,synkronisering,gsm-kanaluppskattning
Jolérus, Henrik;1489;1599557,1853540;artificial intelligence,machine learning,deep learning,time series regression,recurrent neural networks (rnn),long short-term memory (lstm),graph neural networks,graph convolutional networks (gcn),intelligent transportation systems (itp),short term traffic prediction (sttp),traffic forecasting,crowd insights,artificiell intelligens,maskininlärning,djupinlärning,regression av tidsserier,smarta transportsystem,trafikprognos,folkströmsdata
Agnér, William;1490;1599557;
Campos, Pedro;0b907952-17ba-41f9-b61b-4760bf235267;1640134;transformer,synthetic data,text generation,deep learning,tabular data,transformator,syntetisk data,textgenerering,djupinlärning,tabelldata
TUNSTIG, SEBASTIAN;fdedbf27-63b3-48cc-83c7-842ff13027ae;763005;
Venzano, Daniele;1491;867620;
Rexford, Jennier;1492;867620;
Páll, Szilard;1493;839933;
Abraham, Mark James;1494;839933;
Kutzner, Carsten;1495;839933;
Hess, Berk;1496;839933;
Karlhede, Anna;3ecf305f-4eb6-4fc8-9594-3b78522e64a8;1466961;
Götze, Jana;080e777d-6dda-41a9-a338-9f6040887d99;927120;pedestrian wayfinding,salience,route instructions,reference resolution
Kina, Added;9b222b45-439d-4806-9885-f79283328304;1698451;natural language processing,transformers,knowledge distillation,bert,multilingual models,cross-lingual transfer,naturlig bearbetning av språk,transformatorer,kunskapsdestillation,bert,flerspråkiga modeller,tvärspråklig inlärningsöverföring
Larsson, Jimmy;e147206a-a035-4968-a094-74a52213155e;895467;taxonomy,image retrieval,tbir,cbir,wordnet,text-based image search,content-based image search
Kihlström, Gustav;1497;928205;
Patryk, Przybysz;1498;928205;
Lago Solas, Carlos;39149760-7f32-43e4-a8c6-8b5b588b696c;1711521;openqa,multilingual transformers,document retrieval,data augmentation.,openqa,flerspråkiga transformatorer,dokumenthämtning,dataförstärkning.
Henriksson, Sam;affc5eee-9f2f-4672-abb1-94e708e8b5a4;839128;personalized marketing,privacy concern,software,computer games,sales paradigm,cryptography,data security,personlig marknadsföring,privatliv,integritet,mjukvara,dataspel,säljparadigm,kryptografi,datasäkerhet
Bratt, Mattias;990176ab-62c0-4de8-8568-6404c3294533;275298;teleoperation,prediction,internet
Gudmandsen, Magnus;1500;871461,843594;robot,robotic face,kinect,microsoft kinect,animation,telepresence,robot,robotiskt ansikte,kinect,microsoft kinect,animation,telepresence,telepresence,telenärvaro
Jeansson, Charlie;da3cee70-e70f-4b5f-890e-0b671bf505f1;1712828;electric boat,cooling system,digital twin,temperature predictive model,machine learning,elektrisk båt,kylsystem,digital tvilling,temperaturförutsägande model,maskininlärning
Natarajan, Saranya;1501;1540046;
Pedreira Carabel, Carlos Javier;8dfba6b2-ad25-43ba-af2a-8dc1ec315e40;858059;mapping,costmap,ros,orb,registration,obstacles,detection,visual,odometry,adaptive,iterative,keypoint,rcv,vehicle,kinect,rgb-d,aick,icp,gridmap,autonomous,pose,estimation,estimate,point-cloud
Nilsson, Niclas;bcc1bd45-5470-4183-b057-4efc834a8695;806620;tdd,test-driven development,clojure,design patterns,java
Nermark, Clara;16c8c48c-70fd-47ff-a181-95fe6ca36b52;1750939;onboard orbit determination system,gnss,nanosatellite,testing,verification and validation,ombord banbestämning,gnss,nanosatellit,testning,verifikation och validering
Purmonen, Sami;1502;811389;
Griffin, Paul;1503;811389;
Suljkic, Jasmin;1504;771126;
Eric Molin, Eric Molin;1505;771126;
RENBERG, ADAM;f68d9197-d8ca-4c1e-9896-976165e46d51;753247;
Bergmark, Max;8560a4f6-e5f6-422e-b533-e04b61e429fa;815662;
Rosquist, Christine;b6e0c6d9-9231-4124-946a-d20e7dfbded0;1596096;
Boniecki, Pawel;1506;668222;
Ollinen Johansson, Fredrik;1507;668222;
Ahmed, War;1508;1213449;
Bahador, Mehrdad;1509;1213449;
DASTMARD, SOHOF;9c6674ef-7587-40ad-a09d-1c1b48e8f045;769909;
Ekström, Johan;1510;721641;
Pitkäjärvi, Kristofer;1511;721641;
Guo, Heng;1512;447563;#csp,dichotomy theorem,counting problems,computational complexity
Xia, Mingji;1513;447563;#csp,dichotomy theorem,counting problems,computational complexity
Pagès, Romain;a41011c0-13f7-4030-a3d2-ca7330d73777;1708155;
Kumar, Manish;ba0ce980-b716-4e00-9e36-ef386a35cbef;1887989;gitops,infrastructure as code,gitlab,devops,docker containers,kubernetes,git,continuous integration and continuousdelivery/deployment,amazon web services,terraform,pulumi,argo cd,gitops,infrastruktur som kod,gitlab,devops,docker-containrar,kubernetes,git,kontinuerlig integration och kontinuerligleverans/deployment,amazon web services,terraform,pulumi,argo cd
Hersén, Nicklas;1514;1210890,1569536;
Kennedal, Axel;1515;1210890;
Schilling, Fabian;e225a47a-7eb1-401a-8a57-15745258da98;955562;batch normalization,deep learning,convolutional neural network
Pulls, Tobias;1517;1046673;tor,website fingerprinting,correlation attacks,anonymity,dns
Roberts, Laura M.;1518;1046673;tor,website fingerprinting,correlation attacks,anonymity,dns
Winter, Philipp;1519;1046673;tor,website fingerprinting,correlation attacks,anonymity,dns
Feamster, Nick;1520;1046673;tor,website fingerprinting,correlation attacks,anonymity,dns
Svensson, Robin;602a4e2d-e1d5-4ae3-8b98-596430cf225c;927108;
Trogadas, Giorgos;1521;1597427;dynamic vision sensor,noise reduction,filter performance evaluation,histogram of averaged time surfaces,neuromorphic vision,event-based vision,dynamisk synsensor,brusreducering,utvärdering av filter prestanda,histogram av genomsnittliga tidsytor,neuromorfisk synsensor,händelsebaserad syn
Ekonoja, Larissa;1522;1597427;dynamic vision sensor,noise reduction,filter performance evaluation,histogram of averaged time surfaces,neuromorphic vision,event-based vision,dynamisk synsensor,brusreducering,utvärdering av filter prestanda,histogram av genomsnittliga tidsytor,neuromorfisk synsensor,händelsebaserad syn
Höstedt, Niklas;1523;1797607;bachelor’s thesis,quantum computing,shor’s algorithm,noise,cryptography,qiskit,kandidatexamensarbete,kvantdatorer,shors algorithm,brus,kryptografi,qiskit
Ljunggren, Tobias;1524;1797607;bachelor’s thesis,quantum computing,shor’s algorithm,noise,cryptography,qiskit,kandidatexamensarbete,kvantdatorer,shors algorithm,brus,kryptografi,qiskit
Grünler, Daniel;1525;1464614;
Rassam, Saman;1526;1464614;
Bigert, William;1527;1700889;
Friberg, Marcus;1528;1700889;
Kontogiorgos, Dimosthenis;1531;1338264,1585967;multi-party interactions,non-verbal behaviors,eye-gaze patterns,head gestures,human-robot interaction,artificial listener,social signal processing
Abelho Pereira, André Tiago;1532;1338264;
Gustafson, Joakim;1533;1338264;
Redtzer, Isabel;1534;1597485;
Schröder, William;1537;811172;
Magnusson, Wilhelm;a905d110-523a-4dd4-abc0-a3832f34b404;1136574;gdpr,pbd,pia,pul,privacy impact assessment,privacy by design,directive 95/46/ec,general data protection regulations
Rehn, Ruben;1538;1597388;
Molén, Ricky;1539;1597388;
Lou, Tong;4ef229b0-4f98-488f-9d1b-07849fb4a6e3;1792964;silago,global interconnection,synchronous dataflow,network on chip,silago,global sammankoppling,synkront dataflöde,nätverk på chip
Grundberg, Johan;fe7e2e30-8e82-42c3-9c7c-a8e762e19dcc;1847464;formal methods,model checking,deductive verification,c2tla+,tla+,acsl,formella metoder,modellprövning,deduktiv verifiering,c2tla+,tla+,acsl
Rosenlew, Matilda;1664;1653009,1320166;participatory design,industry 4.0,user ownership,expert users,knowledge-sharing,machine learning,neural networks,layer-wise relevance propagation,sensitivity analysis,image classification
SCHULLSTRÖM, TERESIA;cef50958-5f05-4f13-a1ea-f1f58e9c5f0a;680610;
Bonnici, Elias;1540;1597542;
Arn, Per;1541;1597542;
Ekman, Joel;1542;811136;
Onegård, Daniel;1543;1593172;
Cowling Mantefors, Pontus;1544;1593172;
Siljeholm, Ludvig;1547;1700457;
Forsman, Anton;1548;1700457;
Max, Lindblad;3d2696ea-c7cf-46c4-ae83-0e2bf4ceb0aa;1188541;neural network,artificial neural network,ann,recurrent neural network,rnn,long-short term memory,lstm,event,slice,parsing method,slice parsing,event parsing,time-slice,event-based,slice-based,signal data,temporal data,temporal sequence,multivariate,time-series,unequally spaced,unevenly spaced,irregularly spaced,scania,sics,saga
Larsson, Gustaf;1549;1795931;
Odin, Marcus;1550;1795931;
Hydén, Emrik;8b75fedd-30ce-4d85-976e-8207e34c6e8b;1597397,1782871;crowd,evacuation,simulation,social distance,covid19,folkmassa,evakuering,simulering,social distansering,covid19,volumetric clouds,ray marching,bilinear interpolation,adaptive sampling,unity3d,volymetriska moln,ray marching,bilinjär interpolering,adaptiv sampling,unity3d
Rudelius, Johan;1551;1464654;
Zetterström, Erik;1552;1464654;
Brase, Jan;1553;359445;metadata
Gunnarsson, Kristoffer;1556;1463849;
Herber, Olivia;1557;1463849;
Bogdanov, Kirill;1558;844010;geo-distributed systems,replica selection algorithms,symbolic execution
Peón-Quirós, Miguel;1559;844010;geo-distributed systems,replica selection algorithms,symbolic execution
Kidder-Wolff, Aidan;cdbb2ab1-0fbd-4e38-a134-d8e2f3708177;1635520;somaesthetics,soma design,rocking,aesthetics,human machine interaction,microcontroller.
Yang, Can;1562;1414166;
Giordano, B.L.;1563;774961;acoustic analysis,adult,anger,article,controlled study,emotion,fear,female,happiness,human,human experiment,locomotion,male,middle aged,motor activity,music,normal human,recognition,sadness,sound detection,sound intensity,walking
Egermann, H.;1564;774961;acoustic analysis,adult,anger,article,controlled study,emotion,fear,female,happiness,human,human experiment,locomotion,male,middle aged,motor activity,music,normal human,recognition,sadness,sound detection,sound intensity,walking
Stamp, Alexander;4513559d-2636-47dd-af39-da65923e8f1d;1148651;machine learning,wind power prediction,neural networks
Nawaz, Ather;b50c7e74-ca7b-40bd-befa-e74e01ae78c4;134361;card sort,information structure,cultural difference,usability,user interface design,cultural usability
Faradj, Rasti;e5d91a16-a332-4a31-b710-e9530667793f;1253472;microservices,microservice architecture,software  design,decomposition,granularity,run-time,communication establishment,rest,http,grpc
GRABEN, DON MICHAEL;3c54c3d4-4049-4b46-8ecd-f8e5002dc43b;680168;
Wickström, Carina;1565;1584585;solo first pair second programming,sfpsp,agile,modern software development,pair programming,solo programming,solo first pair second programming,sfpsp,agila metoder,modern mjukvaruutveckling,parprogrammering,soloprogrammering
Holmquist, Robin;1566;1584585;solo first pair second programming,sfpsp,agile,modern software development,pair programming,solo programming,solo first pair second programming,sfpsp,agila metoder,modern mjukvaruutveckling,parprogrammering,soloprogrammering
Bissmark, Johan;1567;1111045;
Wärnling, Oscar;1568;1111045;
Kancans Envall, Mattis;1569;669108;
Tavakoli Targhi, Alireza;12655225-8a15-44d4-801d-a5fe9de47024;275069;
Červeň, Adam;64252969-bc07-4c15-aae2-ef6a1ed67979;1778301;ux,manufacturing processes,design patterns,data visualization,workflow optimization,ux,tillverkningsprocesser,designmönster,datavisualisering,arbetsflödesoptimering
Singh, Dennis;1571;927318;
Aktas, Onur;1572;927318;
Wihl, Konrad;dfb8cf88-4926-4205-9ff4-382440f3cf8b;1801204;logistics,augmented reality,3d bin packing,logistik,augmented reality,3d-lådpackning
Havelka, Dragan;4cbe105c-0490-469b-8e34-89db618a5bcc;8542;datavetenskap,datavetenskap
Xiong, Wenjun;1573;1478646;
Hacks, Simon;1574;1478646,1572729,1569536,1478644;
Isabar, Diyala;e9d76595-8c0e-4a82-8c2d-1708467eb777;1636796;security,internet of things,penetration testing,threat assessment,threat modeling,ethical hacking,vulnerabilities,rf communication,smart office,säkerhet,”internet av saker”,penetrationstestning,hotbedömning,hotmodelering,etisk hacking,sårbarheter,radiokommunikation,smarta kontorn
Wessman, Niklas;1576;1463797;
Svensson, Carl;263f3837-e7b2-4aca-8e16-05194738b2db;838530;threat modelling,cysemol,it attacks,hotmodellering,cysemol,it-angrepp
Jardines, Aniel;1577;1814839;thunderstorms,air-traffic management,weather data,numerical weather prediction,satellite images,convolutional neural network,machine learning
Eivazi, Hamidreza;1578;1814839;thunderstorms,air-traffic management,weather data,numerical weather prediction,satellite images,convolutional neural network,machine learning
García-Heras, Javier;1579;1814839;thunderstorms,air-traffic management,weather data,numerical weather prediction,satellite images,convolutional neural network,machine learning
Simarro, Juan;1580;1814839;thunderstorms,air-traffic management,weather data,numerical weather prediction,satellite images,convolutional neural network,machine learning
Otero, Evelyn;1581;1814839;thunderstorms,air-traffic management,weather data,numerical weather prediction,satellite images,convolutional neural network,machine learning
Soler, Manuel;1582;1814839;thunderstorms,air-traffic management,weather data,numerical weather prediction,satellite images,convolutional neural network,machine learning
Roa Rodríguez, Rodrigo;fef6cf66-63e4-4130-97ec-dd1490d04759;1129639;treemap,heuristics,tiling,tessellation,metrics,aspect ratio,orientation agnostic,oaar,foaar,orientation,offset factor,offset quotient,information visualization,infoviz,macro-economic metaphor,eat the poor,eat the rich,subsidy,welfare
Rydberg, Christoffer;7727d916-0ed5-4886-a686-fb235df1991e;850544;
Fuhrmann, Insa;1583;1059699;
von Hanxleden, Reinhard;1584;1059699;
Schulz-Rosengarten, Alexander;1585;1059699;
Berenji Ardestani, Sarah;c63da601-4d3a-49d1-be4c-2e37a39cff87;1468763;
Madadzade, Farhad R.;6dd8493a-3aba-4098-838d-11d278080d50;1885510;deep learning,finance,sentiment analysis,speech processing,transformers,bert,finbert,financial analysis,speech sentiment,speech emotion recognition,text sentiment,djupinlärning,finans,sentimentanalys,talbehandling,transformers,bert,finbert,finansiell analys,ljudsentiment,textsentiment
Abenius, Erik;65198ce8-6324-4599-89a4-ecd886b00a2d;7734;"""inverse scattering"" ""fdtd"" ""minimization"" ""adjoint"""
van Beers, Linde;f4e3e63d-4040-4fda-b06b-2cee62879f40;1614202;building aerodynamics,computational fluid dynamics,wind engineering,fenics,adaptive mesh refinement,atmospheric boundary layer,direct finite element simulation,byggnadsaerodynamik,beräkningsströmningsdynamik,vindteknik,fenics,adaptiv nätförfining,atmosfäriskt gränsskikt,direkt finita elementsimulering
Ahmadian, Amir M.;38e93086-40a7-4adb-a602-fb2f001557c1;1937581;
Remnestål, Albin;1586;1107155;
Hast, Matteus;1587;1107155;
Kärde, Wilhelm;899f2615-664a-49f4-bca5-1068334e045c;927314;linguistic,spell checker,nlp,natural language processing,lingvistik,grammatikgranskare,nlp
Hadjiantonis, Georgios;ae4d311c-66c5-4150-b1fd-b0f14ba8108a;1853319;human-robot interaction,topic moderation,group discussion,non-verbal features,sequential data modeling,människa-robotinteraktion,ämnesmodellering,gruppdiskussion,icke-verbala egenskaper,sekventiell datamodellering
Stevens, David;6d2d208b-f1bd-4450-a4cc-7d75972f93ae;1606944;
Marchioro, Thomas;1588;1751023;
Markatos, Evangelos;1589;1751023;
Araneda Freccero, Leonardo;1590;927313;
Munoz Caceres, Jorge;1591;927313;
Jamal, Arshad;669f8dee-ce5a-4ce6-afc7-3ca300148121;391634;weblogs (blogs),social network sites (osns),privacy,thematic analysis,facebook
Katsikeas, Sotirios;1592;1572729;
Oertel, Catharine;1593;1585967;multi-party interactions,non-verbal behaviors,eye-gaze patterns,head gestures,human-robot interaction,artificial listener,social signal processing
Jonell, Patrik;1594;1585967;multi-party interactions,non-verbal behaviors,eye-gaze patterns,head gestures,human-robot interaction,artificial listener,social signal processing
Mora, Kenneth Funes;1595;1585967;multi-party interactions,non-verbal behaviors,eye-gaze patterns,head gestures,human-robot interaction,artificial listener,social signal processing
Odobez, Jean-Marc;1596;1585967;multi-party interactions,non-verbal behaviors,eye-gaze patterns,head gestures,human-robot interaction,artificial listener,social signal processing
Deichler, Anna;1597;1664509;motion generation,reinforcement learning,referring actions,pointing gestures,human-robot interaction,motion capture
Meister, Moritz;1598;1941571;
Sheikholeslami, Sina;1599;1941571,1941572;ablation studies,deep learning,feature ablation,model ablation,large language models
Andersson, Robin;1600;1941571;
Ormenisan, Alexandru-Adrian;1601;1941571;
BERTOMEU CASTELLS, FERRAN;ee616d96-797c-459c-9435-d2e385d90818;763672;
Hovmark, Olle;1602;1463805,1708140;processmining,agilematurity,visualization,issuetrackingsystem,software process improvement,the scaled agile framework,inductive visual miner,process mining,agil mognad,visualisering,ärendehanteringssystem,mjukvaruprocessförbättring,the scaled agile framework,inductive visual miner
Schüldt, Emma;1603;1463805,1713362;dense retrieval,binary retrieval,semantic search,colbert,multilingual,msmarco,tät informationssökning,binär informationssökning,semantisk sökning,colbert,flerspråkig,ms marco
Fögen, Konrad;1604;1569536;
HAIDER, FASIH;84d06baf-3d04-4721-9f17-9c6c3972aee4;680175;
Medbouhi, Aniss Aiman;c4746aae-45ff-436b-8e66-55b2ee9dfc6d;1642320;variational auto-encoder,nonlinear dimensionality reduction,generative model,inverse projection,computational topology,algorithmic topology,topological data analysis,data visualisation,unsupervised representation learning,topological machine learning,betti number,simplicial complex,witness complex,simplicial map,simplicial regularization.,variations autokodare,ickelinjär dimensionalitetsreducering,generativ modell,invers projektion,beräkningstopologi,algoritmisk topologi,topologisk data analys,datavisualisering,oövervakat representationsinlärning,topologisk maskininlärning,betti-nummer,simplicielt komplex,vittneskomplex,simpliciel avbildning,simpliciel regularisering.
García Lozano, Marianela;1605;1118834;social media,topic modeling,geo-awareness,trend analysis,latent dirichlet allocation,streaming media
Schreiber, Jonah;1606;1118834,953540;social media,topic modeling,geo-awareness,trend analysis,latent dirichlet allocation,streaming media,geo-aware topic model lda latent dirichlet geographic location
Ramesh, Chithrupa;1607;398986;wireless sensor node design,receiver,simulator,transceiver circuits,system-level design and performance verification
Rusu, Ana;1608;398986;wireless sensor node design,receiver,simulator,transceiver circuits,system-level design and performance verification
Ismail, Mohammed;1609;398986;wireless sensor node design,receiver,simulator,transceiver circuits,system-level design and performance verification
Forslind, Patrik;1610;1114435;
Edwards, Lucia;1611;1114435;
Xu, Jiaqi;77a41944-1d84-4064-a351-9a9efead22e3;1810970;traﬀic state estimation,macroscopic traﬀic model,extended kalman filter,particle filter,data fusion,trafiklägesuppskattning,makroskopisk trafikmodell,utökad kalman-filter,partikelfilter,datafusion
Baharloo, Mohammad;1612;1512016;load balancing,media access control,real-time communication,traffic distribution,wireless network on chip,embedded systems,medium access control,servers,wireless interconnects,wireless networks,arbitration mechanisms,average case performance,communication platforms,multi-core embedded systems,network-on-chip(noc),optimization modeling,optimization techniques,performance optimizations,network-on-chip
Khonsari, Ahmen;1613;1512016;load balancing,media access control,real-time communication,traffic distribution,wireless network on chip,embedded systems,medium access control,servers,wireless interconnects,wireless networks,arbitration mechanisms,average case performance,communication platforms,multi-core embedded systems,network-on-chip(noc),optimization modeling,optimization techniques,performance optimizations,network-on-chip
Dolati, Mahdi;1614;1512016;load balancing,media access control,real-time communication,traffic distribution,wireless network on chip,embedded systems,medium access control,servers,wireless interconnects,wireless networks,arbitration mechanisms,average case performance,communication platforms,multi-core embedded systems,network-on-chip(noc),optimization modeling,optimization techniques,performance optimizations,network-on-chip
Shiri, Pouya;1615;1512016;load balancing,media access control,real-time communication,traffic distribution,wireless network on chip,embedded systems,medium access control,servers,wireless interconnects,wireless networks,arbitration mechanisms,average case performance,communication platforms,multi-core embedded systems,network-on-chip(noc),optimization modeling,optimization techniques,performance optimizations,network-on-chip
Ebrahimi, Masoumeh;1616;1512016;load balancing,media access control,real-time communication,traffic distribution,wireless network on chip,embedded systems,medium access control,servers,wireless interconnects,wireless networks,arbitration mechanisms,average case performance,communication platforms,multi-core embedded systems,network-on-chip(noc),optimization modeling,optimization techniques,performance optimizations,network-on-chip
Rahmati, Dara;1617;1512016;load balancing,media access control,real-time communication,traffic distribution,wireless network on chip,embedded systems,medium access control,servers,wireless interconnects,wireless networks,arbitration mechanisms,average case performance,communication platforms,multi-core embedded systems,network-on-chip(noc),optimization modeling,optimization techniques,performance optimizations,network-on-chip
Tibell, Rasmus;a1148388-5038-4d92-a188-2bb7c321c0eb;787315;multilayer perceptron,backpropagation,predictive model,price,condominium,stockholm,inductive conformal prediction,icp,mlp,backprop,genetic algorithm,multilayer perceptron,inductive conformal prediction,öppen data,estimera priset,bostadsrättslägenhet,stockholm
Diffner, Fredrik;1618;1464537;synthetic data set,generating synthetic data set,machine learning,deep learning,convolutional neural networks,machine learning model,character recognition in natural images,char74k,icdar2003.,syntetiskt dataset,generera syntetiskt data,maskininlärning,maskininlärningsmodell,djuplärning,konvolutionära neurala nätverk,teckenigenkänning i bilder,char74k,icdar2003
Olsson, Tim;1620;927323;
Magnusson, Konrad;1621;927323;
Deng, Jie;0ec7a176-fe2d-41f2-9add-8f07ec768226;1271052;deep reinforcement learning,deep neural networks,multi-agent collaboration,games
Vaessen, Nik;7b138b3c-4c52-47de-9a45-97ea91c8f44c;1474721;
Kryściński, Wojciech;f18b1230-84e3-4305-a912-93f22725ce58;1257845;machine learning,deep learning,text summarization,natural language processing,neural networks,recurrent neural networks,reinforcement learning,generative adversarial networks,gans,abstractive text summarization,nlp
Ridell, Patric;1622;1112097;
Spett, Henning;1623;1112097;
PANA-TALPEANU, RADU-MIHAI;78b1cb83-974f-4b00-b461-01ba8cba450f;700505;
Yin, Ji;1231bc53-ed1a-4f60-a0c7-26f49a4ebf1f;1239889;
Jaber, Aws;904d3a8e-d798-4abb-ba0e-95123e47885d;1882693;adaptation models,heuristic algorithms,intrusion detection,reinforcement learning,games,threat assessment,stability analysis
Illanes, Christian;f11b4273-a9de-4b18-8374-5738f1a3afae;820956;fleet,transport,management,interactive,system,services,scania,c200,communicator,interactor,telematics,vehicle,truck,office,hauler,messaging,communication,telecommunication,platform,web,server,prototype
Persson, Deni;30473df0-3298-4cfc-8a75-adf56ee2f823;1885502;drones,forest monitoring,machine learning,aerial imagery,tree identification,tree crown detection
De Silva, Felix;1625;927209;
Tärning, Jacob;093f578f-b318-4e3e-b06c-0ce283862a60;1112015;
Casselryd, Oskar;1626;1112405;
Jansson, Filip;1627;1112405;
Harz, Dominik;f6db4d81-66a2-47af-9a4d-7d8b75570803;1111933;blockchain,smart contract,trust,multi-agent system,verifiable computation
Do, Viktor;1628;872807;
Vahidi, Arash;1629;872807;
Barcellesi, Jacopo;f33a10c3-b94b-491e-b9a9-5c3b03a17eec;1713727;software defined networking (sdn),path recovery,end-hosts connectivity,connectivity prioritization,programming protocol-independent packet processors (p4),phasor measurement unit (pmu)s
Vlassov, Vladimir;1630;798214,1941572;application programming interfaces (api),computer software reusability,distributed memory architecture,parallel application,peak performance,programming models,scheduler implementation,task granularity,task parallelism,task performance,ablation studies,deep learning,feature ablation,model ablation,large language models
Sarkhosh, David;1631;1109320;
Nouri Otman Farha, Allan;1632;1109320;
Freimanis, Davis;1633;1105811;convex hull,parallelization,openmp,iterative orthant scan,computer graphics,minimal polygon
Hongisto, Jonas;1634;1105811;convex hull,parallelization,openmp,iterative orthant scan,computer graphics,minimal polygon
Lund, Anton;512ef894-bb30-4c18-a8ac-4dc08558cb81;790367;machine learning,credit scoring,two-stage logistic regressions
Rohlén, Andreas;ad5c3dfe-49e4-48b6-bc00-ec820d74a09d;1588971;unmanned aerial vehicle,absolute localization,deep learning,convolutional neural network,cross-view,neural network interpretation,obemannad luftburet fordon,absolut lokalisering,djupinlärning,convolutional neural network,kors-perspektiv,neural nätverkstolkning
Ekelund, Måns;06244da5-b98c-4838-81e0-dfd543e0505c;1592816;lpi radar,uncertainty quantification,deep learning,bayesian neural networks,deep ensembles,lpi radar,osäkerhetsskattning,djupinlärning,bayesianska neurala nätverk,djupa ensembler
Amin, Yosef;fb829b95-322d-460d-9907-05a5b03245c6;1897046;continuous integration,continuous integration practices,financial technology,large-scale software development,gitlab ci,kontinuerlig integration,kontinuerlig integrationsmetoder,finansiell teknologi,storskalig programvaruutveckling,gitlab ci
Johansson, Adam;1635;746881,770614;
Hägglund, Hugo;1636;746881;
Hägglund,, Hugo;1637;770614;
Morvan, Jérémy;464f345a-a958-4d58-a73f-9b37393c8a5f;811072;
Knowles, Alfred;1638;1699775;
Mattsson, Filip;1639;1699775;
Shirol, Shashank S.;b938e12a-8cf6-4344-8698-5ebd8c7b5d7c;1887991;human-robot interaction,social robotics,multi-modal human-robot interaction,intent communication,interaction design.,mänsklig-robot-interaktion,social robotik,multimodal mänsklig-robot-interaktion,kommunikation av avsikt,interaktionsdesign.
Milolidakis, Alexandros;b7baf101-c3ba-4ab3-82c8-e5af3d2e3e3a;1660342;border gateway protocol,stealthy hijacking,bgp hijacking,route collector
Krinninger, Sebastian;1640;808913;
Ali, Glacier;0feb932e-6a52-45b5-a096-adf0621dafbe;1909325;unit testing,junit,xunit.net,generative artificial intelligence,large language models,automatic test generation,code coverage,productivity gain,generative pre-trained transformer,github copilot,enhetstestning,junit,xunit.net,generativ artificciell intelligens,stora språk modeller,automatiserad testsvitsgenerering,kodtäckning,effektivisering,generative pre-trained transformer,github copilot,another tool for language recognition
Näsman, Jacob;1642;1700891;
Sävås, Jonas;1643;1700891;
Hjort Blindell, Gabriel;d256e1b4-4e03-4be8-bc43-9f7c8ed5ae79;1185339;instruction selection,code generation,compilers,constraint programming,combinatorial optimization
Shutrick, Agnes;146273e2-bde5-4521-b001-2bfe853839ae;1793353;museum experience,experience economy,extended museum visit,augmented reality,experimental marketing,museiupplevelse,upplevelseekonomi,det förlängda museibesöket,förstärkt verklighet,experimentell marknadsföring
Johansson, Ludwig;a793b50d-ecb1-44cd-b6be-26d05e4bc234;1895801;large language models,query generation,in-context learning,text-to-sql,stora språkmodeller,generering av frågor,inkontextinlärning,text-till-sql
Olwal, Alex;23519b54-e1f6-4a8e-94f9-faccacc94f56;217821;
Zhu, Xiaomeng;1644;1758956;
Maki, Atsuto;1645;1758956;
Hanson, Lars;1646;1758956;
Blom, Fredrik;ab8ce2db-03ef-4e73-a742-333d170f123c;1230233;
Javdan, Arian;9d85ed67-6f96-4324-82d3-38a133dbe23f;1640204;
Engardt, Sara;fc3740fd-2b9e-4be3-8fc0-c36a005f5393;1219916;unsupervised learning,cluster analysis,mixed type data
Pakdaman, Hesam;135167d0-608e-4274-b167-e7a473bb01ff;1194112;computer science,computer vision,deep learning,machine learning,generative adversarial networks,gan,neural networks,generative models
Arman, Laila;0b4a83c2-80b7-4c55-9ead-c18bd6cd93e0;1894307;usability study,assistive communication tools,haptic feedback,visual impairment,morse code,användbarhetsstudie,hjälpmedel för kommunikation,haptisk feedback,synnedsättning,morsekod
BRATT, JESPER;1649;675732;
WILCZEK, ALEXANDER;1650;675732;
Aminoff, Hedvig;1651;1634133;ux,telemedicine,user satisfaction,user experience
Meijer, Sebastiaan;1652;1634133;ux,telemedicine,user satisfaction,user experience
Groth, Kristina;1653;1634133;ux,telemedicine,user satisfaction,user experience
Arnelo, Urban;1654;1634133;ux,telemedicine,user satisfaction,user experience
Toblad, Simon;f539d84b-1e07-47e5-9b07-7880a2fd811a;1789914;anonymity,social media,moderation,self-moderation,accountability,safety,verification,communication,anonymitet,sociala medier,självmoderering,ansvarighet,säkerhet,verifikation,kommunikation
ERICMATS, MAGNUS;0f12d124-0ec7-4538-8534-68c92700d962;678898;
Stavness, Ian;1655;971288;speech production,biomechanical articulatory model,vocal tract geometry,vocal tract acoustics,finite element method
Badin, Pierre;1656;971288;speech production,biomechanical articulatory model,vocal tract geometry,vocal tract acoustics,finite element method
ERIKSSON, HÅKAN;1657;770243;
SCHÖN, MARTIN;1658;770243;
Setterquist, Dan;533;1201480;human activity recognition,kneeling,postural transitions
Bonnevier, Lowe;1659;1595843;
Zlotnik Sirén, Simon;1660;1595843;
Schoerner, Jacob;d473885f-731a-4a50-bdc2-ca97c5d6f931;1632685;electronic health record,time-series,dropout prediction,artificial neural networks,gated recurrent unit,tidsserieförutsägelser,deltagandebortfall,artificiella neurala nätverk
Callvik, Johan;1661;1111527;
Liu, Alva;1662;1111527;
Petterson, Dan;1663;1478644;
Shahwali, Ali;5bc8be5a-1a2c-4c75-a083-f1533bfcaede;1895917;log anomaly detection,telecommunication logs,generative pre-trained transformer,logg anomali detektion,telekommunikation loggar,generative pre-trained transformer
Axelsson, Unnar;ad51ae9f-7e05-4f4c-af7b-914adead3585;855246;
Hagward, Anders;3a6f1249-9e02-4048-8898-923b7f1b247d;851524;git,scm,data mining,machine learning
Wahlgren, Jacob;67b99601-a5e0-4893-bdab-04935b241cfd;1710487;high-performance computing,computational fluid dynamics,spectral element method,graphical processing units,message passing interface,högprestandaberäkningar,beräkningsströmningsdynamik,spektralelementmetoden,grafikprocessorer,meddelandeförmedlingsgränssnitt
Ljungdahl, Timas;1665;1320166;machine learning,neural networks,layer-wise relevance propagation,sensitivity analysis,image classification
Norrby, Sara;03790a37-0728-4ede-9a7b-0ece652da7cd;947155;résumé,information retrieval,morphology,swedish
Farah Mohamed, Khalif;a88bf6d1-0f4e-4b5f-a492-acd479fd9159;839705;bayes
Lazic, Marko;1668;1458900,1215409;
Lyxell, Anton;1667;1214384;
Noharet, Léo;1670;1593551;
Fu, Anton;1671;1593551;
Wirgård Wiklund, Jacob;1673;1593457;
Åkerberg, Ludvig;8cce9aab-55be-4f0e-8d59-b6769a10a8d8;1068236;machine learning,outlier detection,data analysis,wind power prediction
Diaz, Alex;1674;1463843;
Peng, Daniel;1675;1463843;
Jaxvall, Ernst;85e9aca7-eeda-49f1-89c5-5c818c0725fb;1887428;gpt-3,paraphrase generation,prompt engineering,conversational ai,gpt-3,parafrasgenerering,promptkonstruktion,konversations-ai
Ghasemirahni, Hamid;1676;1941572;ablation studies,deep learning,feature ablation,model ablation,large language models
Payberah, Amir H.;1677;1941572;ablation studies,deep learning,feature ablation,model ablation,large language models
Wang, Tianze;1678;1941572;ablation studies,deep learning,feature ablation,model ablation,large language models
Lindström, Anton;84b8b1a9-c49b-4f9c-96b4-348a3799ba7a;799915;
KASUMOVIC, HARIS;1e810bb5-d2cf-4e9e-86d4-3b8b65a55385;680201;
Bäckström, Therese;23a8f041-3429-445c-8932-99e73cf14a9f;1805003;electric propulsion,field emission electric propulsion testing,feep testing,thruster testing,heaterless hollow cathode testing,hhctesting,cathode testing,anode design,anode configuration,electrical interface,elektrisk framdrivning,fältjonisationsframdrivningstestning,framdrivningstestning,värmelös hålkatodstestning,katodtestning,anoddesign,anodkonfiguration,elektriskt gränssnitt
Nordgren, Isak;1679;1596039;attack simulations,threat modeling,cyber security,enterprise systems,attacksimuleringar,hotmodellering,cybersäkerhet,företagssystem
Sederlin, Anton;1680;1596039;attack simulations,threat modeling,cyber security,enterprise systems,attacksimuleringar,hotmodellering,cybersäkerhet,företagssystem
Vitek, Viktor;f63c7682-940d-44f9-8d58-237b47fa2b8c;1615024;observational model · side-channel analysis and countermeasures · embedded systems security · model-based testing,observationsmodell · sidokanal analys och motåtgärder · inbyggda system säkerhet · model-baserad testning
Andersson, Axel;1683;1701846;differential privacy,hedonic pricing method,logistic regression,gdpr,privacy regulation,valuation,risk assessment,valuing emerging technologies,valuing non-market goods and services,mobility
Borgernäs, Sebastian;1684;1701846;differential privacy,hedonic pricing method,logistic regression,gdpr,privacy regulation,valuation,risk assessment,valuing emerging technologies,valuing non-market goods and services,mobility
Koptagel, Hazal;baf55057-0504-44c0-908b-5287667b8cd5;1730521;variational inference,single-cell dna sequencing,cell lineage tree,bayesian phylogenetic tree inference,variationsinferens,encellig dna-sekvensering,cellhärkomstträd,bayesiansk fylogenetisk trädinferens,varyasyonel çıkarım,tek hücre dna dizilimi,hücre soy ağacı,bayesçi filogenetik ağaç çıkarımı
Josephson, Victor;1685;1464482;
Wesslén, Markus;1686;1464482;
Dizdarevic, Kenan;1687;1884875;gateway,vulnerability testing,automation,docker,network mapper,gateway,sårbarhetstestning,automatisering,docker,network mapper
Zoughbi, Abud David;1688;1884875;gateway,vulnerability testing,automation,docker,network mapper,gateway,sårbarhetstestning,automatisering,docker,network mapper
Saarinen, Pasi;9f49f714-c86e-49d6-90d6-5c440b4b5818;846632;formal verification proverif state counter applied pi calculus freshness security protocols
Gadia, Saurabh;1689;1062027;
Bloom, Gedare;1690;1062027;
Hampus, Anton;1691;1751015;probabilistic contracts,automata,algorithm
Nyberg, Mattias;1692;1751015;probabilistic contracts,automata,algorithm
Hallman, Jacob;1694;927326;
Bodin, Erik;4298bad2-0fb1-443a-89f1-a17b0879d86e;762678;
Choudrey, Sajaval;c031c84b-45bd-40fb-8701-bf924f74a217;1600287;
Welle, Michael C.;39ca856f-6c38-47bd-9db5-644b89439e4f;1168512;view planning object modeling uav
Johansson, Dante;1695;1464530;
Ravantti, Rasmus;1696;1464530;
Zhang, Kerry;e6752099-b6e3-496f-8dc5-e8fcc3449065;951119;viewpoint topic model
Petrosyan, Vahan;1697;898710;clustering,k-means,cluster validation,number of clusters
Pillai, Anantha Krishna;f191e9da-8477-45ff-8500-087b3b01ef06;1153080;autonomous vehicles (avs),self-driving car,virtual reality (vr),pedestrian-vehicle interaction,implicit interaction,interaction design (ixd),human-computer interaction (hci),human machine interaction
Grip, Linnea;35b486d4-6f0a-414c-a7cf-da09f17bcab4;1108625;drone,uav,computer vision,object detection,robot,r-fcn,indoor
Palmas, Gregorio;d3341f54-ea3e-46f1-a2d8-4649e9a4f208;1033911;
Gärde, Mikaela;0be369c8-b7e1-4734-8b66-f17694fb14ea;1788172;video encoding,deep learning,visual attention,adaptive quantization,videokodning,djupinlärning,visuellt fokus,adaptiv kvantisering
Rasolzadeh, Babak;69eae541-8a09-4069-b567-6217396ba454;470155;visual attention,saliency map,compter vision,robotics,active vision,machine learning
Al Samisti, Fanti Machmount;7ec329d0-4312-459c-b264-49ccec304b9b;1181210;
DAVID, Jean-Alix;58723e47-7454-40d3-9975-9c880950b329;859759;localization,line detection,autonomous vehicle,adas,openstreetmap
Greenberg, Jacob;f8a6281a-2af2-4006-be68-8d6660567a2b;872111;mav,visual odometry,aick
Zhu, Biwen;dbd1e551-6b4f-4fa0-a3de-929227f5c2a7;1269787;computer vision,video tracking,machine learning,discriminative correlation filter,compressed video,bandwidth balancing,network traffic,dator vision,video spårning,maskininlärning,diskriminerande korrelationsfilter,komprimerad video,bandbredd balansering,nätverkstrafik
Malmgren, Andreas;a184de46-8520-4eeb-b5f3-f4b33fe67926;847992;computer vision,haar-like features,alpr,google glass,cascade classifier,smart glasses
Burusa, Akshay Kumar;b8e5d6a9-48a0-46e8-b059-3b9be8476c82;1155019;visual inertial odometry,sensor fusion,extended kalman filter,autonomous vehicle
Stange, Yuri;36b4bfac-114a-40ea-b0b8-896804728943;796984;control flow graphs,sugiyama framework,graph layout generation
Silverstein, David;1699;485014;
Herman, Pawel;1700;485014;
Melis, Paul;1701;485014;
Slavnić, Vladimir;1702;485014;
Spasojević, Marko;1703;485014;
Alexiev, Kiril;1704;485014;
Lansner, Anders;1705;485014;
GINMAN, VERONICA;1706;676008;
MALMROS, KIM;1707;676008;
Le Tullier, Octav;83388bd7-daf2-40e3-b15b-b15db021c41c;1804071;pediatric obesity treatment,clinical decision support system,health data,information visualization,interaction design,barnobesitas behandling,system för kliniskt beslutsstöd,hälsodata,informationsvisualisering,interaktionsdesign
Pethrus Engström, Ludwig;339c0b0e-bf29-4cc6-9fbd-ff13c897e6f2;846354;gpgpu,marching cubes,directx,volumetric rendering
UDDHOLM HJALMARSSON, JOAKIM;1e8d51f7-5d26-4728-be17-da94b5b33c17;668307;
Stork, Johannes A.;1708;1349756;
Gotthard, Arvid;1709;1593560;
Kalogiannis, Konstantinos;1711;1779730;falsification attacks,maneuver coordination protocols,maneuver coordination service,smart vehicles,vehicular systems,vulnerability analysis
Henriksson, Andreas;1712;1779730;falsification attacks,maneuver coordination protocols,maneuver coordination service,smart vehicles,vehicular systems,vulnerability analysis
Papadimitratos, Panos;1713;1779730;falsification attacks,maneuver coordination protocols,maneuver coordination service,smart vehicles,vehicular systems,vulnerability analysis
Hellström, Vilma;1714;1597272;
Eriksson, Sinéad;1715;1597272;
Svensson, Patrik;380540f0-dc08-4823-94ae-2658e4897802;1712882;
Adolfsson, Fredrik;6a5bc804-923a-4ca0-a202-feb2cf6c098a;1230123;webtaint,taint tracking,dynamic taint tracking,web applications,java
Zelenika, Maria;d7b42ca1-bf25-4c4a-b87f-ecce57529a80;1885306;virtual reality,weight perception,hand tracking,velocity limiting,control/display ratio modification,virtuell verklighet,viktuppfattning,handspårning,hastighetsbegränsning,ändring av kontroll/visningsförhållande
Luft, Yoav;279c1b55-a50c-49bb-8c1e-2b4d8fd535fc;1644428;
Berner, Madeleine;e78602a5-bd2d-4acb-87c7-312b390c258f;1464458;security,smart garage,penetration testing,iot,threat modeling,säkerhet,penerationstestning,iot,hotmodellering
Wen, Jian;2a5d36aa-1b18-47a5-9b85-d5fe4784c34f;1913447;wi-fi,ieee 802.11,industrial wi-fi,wireless local area networks,industry 4.0,industrial applications,wi-fi,ieee 802.11,industriell wi-fi,trådlösa lokala nätverk,industri 4.0,industriella tillämpningar
Wigder, Chaya;58fbf19e-fdab-4db7-9dbe-3af74c90930c;1237438;information retrieval,domain-specific information retrieval,cross-language information retrieval,word embeddings,bilingual embeddings,informationssökning,domänspecifik informationssökning,tvärspråklig informationssökning,ordinbäddningar,tvåspråkiga inbäddningar
Fernando, Tharidu;418a9754-6958-49ac-8755-7ec0250c3fe2;1149093;scientific workflows,domain specific language,scalable execution,provenance
Jansson, Eva;2739838e-c008-4a40-b024-a815fd54103b;7325;datavetenskap,system sssciences,computer,datavetenskap
Brodin, Johan;1045;1061742;machine learning music
Angermund, Emma;1720;703222;
Lindqvist, Emma;1721;703222;
Axelsson, Gustav;37254953-497c-4156-89e0-da5688fdcc38;1886755;attention guidance,diegetic,virtual reality,presence,uppmärksamhetsguiding,diegetisk,virtuell verklighet,närvaro
Sibuet Ruiz, Nicolás;b5a1f058-7f40-4c4a-b6ea-ac5d628457fd;1712831;deep learning,explainable artficial intelligence,5g,model reduction,deep learning,förklarlig ai,5g,modellreduktion
Andersson Glass, Henrik;1524606d-b1a7-4ae5-aef4-9d3e9dd7c321;1634246;cockpit display system,compiler correctness,compiler,transpiler,computer graphics,cockpitpresentationssystem,kompilatorkorrekthet,kompilator,transpilator,datorgrafik
