Keyword;PID
;680998,1214481,814688,1500722,810264,1597519,1599687,813863,1465807,1214312,1212779,1464525,1463840,1105853,929287,927078,1464517,927145,927355,927330,1214420,1609893,1593175,927459,1595251,1596456,1106628,1659913,1595571,811125,703152,1214150,721285,927364,1214267,927551,1214317,1594906,1214255,927480,1464440,1214422,1463855,1593442,1107835,1108465,811126,503167,1560510,1105861,811866,1597267,928589,1465215,753291,817907,753077,770763,890319,1466906,634396,621638,1205228,926975,1107392,542114,1471707,1501493,1464550,500522,1647521,927255,753279,1467022,808914,1463788,1465057,926709,700630,668213,1900421,670679,668870,1609952,811085,1468320,1700454,1464508,798514,702430,1458832,1093403,1609025,1795907,1700453,668726,817832,817850,1705246,473387,1699653,1659545,1597283,1927808,1205236,1596439,1464496,1783634,698360,1597473,740903,816583,668903,1596643,810990,1214442,1609868,1464603,1631705,763707,1189454,1106172,1214466,1595240,1464917,815021,680237,811014,345399,1471299,1599572,1108729,762690,1214465,811020,699680,474422,1107724,1107664,1108725,1644217,1466914,1214402,927549,1700288,668825,701155,1699434,812020,1107755,927348,753212,634074,1856694,410606,1466227,1610267,699722,769846,813153,1109152,1499186,1601868,771156,755070,811084,721652,1475357,763236,763248,700083,908515,1524925,465766,811456,950054,1034694,668274,700316,1604441,1463845,1592808,815687,1745112,678909,1599698,1078940,1108742,766099,811675,668678,1212221,1880914,678828,1149014,670528,1464500,1466770,812196,771147,1616944,699709,1596023,1217178,930605,681006,771132,932897,770821,812049,771048,668850,1149077,440708,676643,676642,1700455,676564,1196404,1883453,1527517,753043,813313,1164172,1164172,738235,1640196,1112978,1467053,1217269,1473061,1111201,680994,1797616,929350,1464868,816401,1523039,1214377,1609945,1214470,1464073,1463798,1108960,937684,1472455,1466268,1112342,771160,1795928,770174,1597259,812006,1474729,1464060,1112146,1111865,811171,811948,812016,1464528,12226,812097,1517805,114147,1105877,1106927,668690,811554,927446,703027,474276,1463231,1515217,668859,762870,1040226,1597402,947314,1107363,702436,1477557,1105777,754436,668818,753259,754558,1149005,1700888,1199106,1160619,1462909,753563,700143,1501390,1464474,1149125,1164147,936296,1543377,703194,1857952,813615,1908969,1468018,927740,699691,817838,703068,1463781,668923,1356912,817831,1469911,770327,699637,757033,680761,669114,1464490,893861,1464612,1464590,811913,1107956,699767,472969,927736,1105785,812148,763254,755031,702220,1828413,14420,763259,668244,504183,1511982,1464479,1605633,680423,473351,473379,1508220,1473026,808907,811098,817827,762932,763240,680250,1234277,810655,1563283,811547,1105827,1213992,700650,1700886,675977,810999,754822,1057519,668713,770351,1255674,680178,11368,700408,668654,668671,668848,1596031,854508,1912874,1597706,806746,1469914,1605956,769354,929483,1515181,1458879,1466248,703044,1596057,1517798,1214297,810968,754541,754515,1466758,1597386,1214468,1106244,927415,678986,927356,1795939,949210,1464467,700602,1464555,1702206,1240595,1473045,1464492,1616654,1464484,1213427,1593145,1110023,1464600,1105995,1470639,703127,1463854,1266588,1508205,699483,1597438,1464104,925430,675605,1214201,1114264,1213963,1107843,1105951,1352745,811114,699980,754581,754842,675990,1466246,1608779,1464559,1701741,703113,1149117,810981,810287,811317,811047,753682,811035,766086,754340,763263,700291,927147,1468548,1596061,1105912,1114815,930960,766241,1597929,1217901,811329,1700887,447569,443275,441205,668808,811053,930551,1215999,1604508,1458891,1593469,1250179,1473037,927325,769351,1463813,770360,1471910,1594896,700100,754504,779968,1743481,763219,813795,1596434,1643563,812014,927322,754449,811405,699997,703048,1463842,931496,1648567,1464539,1099048,699672,1057518,813822,1214497,1471622,810822,1593154,1593449,700016,753649,1082857,1212715,808495,618543,1213402,670614,1735113,927807,763345,700304,700149,699697,1560492,1593007,1592730,927339,700053,758121,1466882,1164149,676516,646701,444655,1612584,1612584,1112935,929771,1597393,1458896,680626,753655,927039,1700120,1599563,810616,1824005,811351,927331,1610282,1591962,1464532,1463810,1609454,1596759,762848,928014,770315,926622,1596767,701680,1054689,221070,699647,769994,930599,1643829,1606449,762854,703054,1164146,699959,1303418,1763975,1343496,699422,703037,1609423,1857950,1636010,1464477,814621,676654,753890,1879078,813988,1114676,1106797,1596640,927317,810985,927320,10272,1400696,929493,370713,753928,679896,1558755,1107797,699772,1464542,1248299,14233,867614,766088,806699,754319,680408,927190,811360,1352328,1047082,769983,927073,503169,1470319,1501118,1466817,763712,809641,753180,703050,703166,1597938,930575,680232,765632,929325,770354,811728,810979,811539,928295,1642282,1776790,12946,1464968,680753,699750,1149012,753862,766237,754499,442082,1051001,1610275,621260,13955,441155,13835,474472,1882587,14449,473383,14421,812874,1896121,1111362,1463859,1530495,1466932,768564,1214506,1647866,668246,812165,810580,668705,676659,699439,1559582,1108474,902038,927258,1512083,1112181,700130,1463784,1464511,680183,676041,1609940,1465073,668236,1107715,1105393,926967,1466940,1214001,1147713,1215852,758921,927344,727099,1107165,700160,699713,770004,668716,1108334,1707586,1464572,1106715,1593084,680745,1108597,1149017,1468484,700508,1111289,773107,1215050,769838,928312,1610238,1349621,459633,1835618,678956,668253,1466923,824251,397518,464973,586621,1700299,795189,668297,1054687,721646,763335,702207,699992,482587,1633761,440700,1587035,1463587,1263543,1803514,1591956,753639,668701,814832,1471675,1164164,1464673,808912,1538664,761882,1047564,701997,676665,675616,676675,927500,753662,1578330,1499184,1214412,771121,811002,473392,473431,472968,721634,1464658,1470092,1584506,812034,812001,811052,1596673,805690,1472901,753576,1458874,1603740,1596410,1699091,1600314,1503540,1354629,1578019,1466765,700168,419628,699358,917395,754317,766075,753301,1214448,1593439,681000,930520,1241547,926472,789796,1515038,473373,1932900,754334,865336,669120,440719,1900419,811370,1595847,1149021,811048,770624,676014,1214484,815681,1595581,1595576,1349749,1260838,766095,754414,811037,770655,808396,1164950,668893,465516,465427,808915,762507,1504203,769349,1149002,1596660,1134463,763359,1506145,700948,10232,1313588,817824,770253,1059700,811130,1214480,928622,812198,771141,814393,668737,11010,1464546,670540,753082,11326,1113207,1108322,668744,770231,1596461,1599557,1564101,763005,867620,839933,1466961,928205,1540046,1464463,811389,771126,753247,815662,1596096,668222,1213449,769909,721641,1708155,1210890,927108,1464614,1700889,930038,1338264,1597485,811172,1597388,680610,1597542,811136,1593172,811111,1700457,1795931,1464654,1463849,771145,1414166,680168,1111045,669108,275069,927318,1478646,1463797,1508495,850544,1059699,1468763,442098,1937581,1107155,1606944,1751023,1911810,1141130,927313,1572729,1941571,763672,1463805,1569536,1627303,680175,1835806,440686,473371,1114435,927323,1474721,1112097,700505,1239889,1458351,927209,1112015,1112405,872807,1109320,746881,770614,811072,1699775,808913,1700891,217821,1758956,1230233,1640204,812783,675732,466218,680801,678898,770243,1595843,1111527,1478644,855246,1458900,1214384,1215409,1593551,1593457,1463843,799915,680201,1213527,1464482,442100,1062027,927326,762678,1600287,1464530,1033911,1181210,485014,676008,1804071,668307,1349756,1593560,1597272,1712882,813801,785946,1644428,1463776,703222
computer vision;1269787,847992
3d reconstruction;1148664
text-to-3d;1903661
gaussian splatting;1903661,1886721,1886721
diffusion models;1799731
deep learning;1712831
datorseende;1601859
3d rekonstruktion;1903661
text-till-3d;1903661
diffusion modeller;1903661
djupinlärning;1887987,1788172
3d machine learning;1229779
object detection;1597750,1057748,1108625
shape;473366
point cloud;1895902
3d shape retrieval;1799688
pattern recognition;1888229,1888229,893039
machine learning;1511175
autoencoder;1783648,1217521,1217521
k-nn;1107752
autoenconder;1888229
autonomous vehicles;1105742
autonomous cars;1245296
lider;1245296
yolo;1811287
3d/2d;839326
image registration;839326
radiosurgery;839326
cnn;1613536
svm;846825
dbscan;1109910
mimo;1713732
bandwidth;1713732
frequencies;1713732
human presence detection;1713732
bandbredd;1713732
frekvenser;1713732
mänsklig närvaro detektering;1713732
information visualization;1804071
pedagogy;916505,945222
augmented project based learning;916505
large public demos;916505
security;1794943,1464458
privacy;1808715
vehicular pki;1210501
vpki;1589979
identity and credential management;1589979,1210501
vehicular communications;1210501
vanets;1589979
availability;1774212
scalability;1587978,954999
resilient;1589979
efficiency;1110147
microservice;1887929
container orchestration;1804293
cloud;1612613,1801007
pseudonym transition;1589979
pseudonym unlinkability.;1589979
säkerhet;1794943,1789914,1464458
personlig integritet;1589979
identitet- och behörighetsuppgifter;1589979
tillgänglighet;1774212,1894302
skalbarhet;1587978
motståndskraftig;1589979
effektivitet;1110147
moln;1589979,1801007
pseudonymitet;1589979
anonymitet;1856316,1789914
ospårbarhet.;1589979
simulated annealing;1797611
genetic algorithm;787315
university timetabling problem;929059
d3 comparative server rendering client real-time visualization node;1106836
artificial neural network;927335,893039,1108645,1188541
hybrid;1737684
comparative study;811673,1239046
formality style transfer;1586454
bert;1885510
natural language generation;1751205
swedish language models;1586454
gyafc;1586454
encoder-decoder models;1586454
överföring av formalitetsstil;1586454
generering av naturligt språk;1586454
svenska språkmodeller;1586454
kodnings-avkodningsmodeller;1586454
pickup and delivery;1601097
dial-a-ride;1601097
dynamic;1241492
order assignment;1601097
large neighborhood search;1601097
dynamisk;1241492
tilldelning av beställningar;1601097
clustering;898710
cluster analysis;1702325,1219916
degoo;1239046,1239046
image clustering;1239046,1220095
klustring;1788170
klusteranalys;1702325
maskininlärning;1269787
bildklustring;1239046
jämförande studie;1239046
random forest;1749935
stock prediction;817395
forecasting;1231223
regression;1713358
decision tree;1562606,1217917,1217917
feed foward neural network;927335
stock;1884879
traffic lights;1214166
reinforcement learning;1882693
traffic control system;1214166
comparison;1774212,812042
intersection;1214166
waiting time;1214166
longest queue first;1214166
trafikljus;1214166
förstärkande inlärning;1851716
trafikkontrollsystem;1214166
jämförelse;1778306
korsning;1214166
längst kö först;1214166
serverless;1692921
cloud computing;1359662
load testing;1692921,1801007
azure;1774209
rest;1253472
serverlös;1692921
datormoln;1900413
belastningstestning;1592510
clustering k-means hierarchical;1047911
mobile app development;1887938
progressive web app;1887938
cross-platform development;1887938
user experience;1634133
react;1903931
react native;1246007
android;970839
ios;1793389
mobilapputveckling;1887938
progressiv webbapp;1887938
multiplattformsramverk;1887938
användarupplevelse;1903931
visualisation;1034015,1201228
visualization;1708140
biofabric;1034015
gerpilsphere;1034015
force-directed. situational awareness;1034015
cyber-physical systems;1566176
behavior trees;1837748
simulation;1702211,954999,1661985,1597397
mission planning;1471564
field testing;1471564
system integration.;1471564
chi(2)-privacy criterion;1542074
privacy mechanism design;1542074
euclidean information geometry;1542074
difference;1163624
analysis;1163624
similar;1163624
document;1163624
relative;1163624
utility;1163624
phase-locked-loops;1788175
all-digital phase-locked-loops;1788175
time-to-digital converters;1788175
5g and beyond;1788175
radio-frequency design;1788175
fas-låsd-loop;1788175
helt-digital fas-låst-loop;1788175
tid-till-digital-omvandlare;1788175
5g och framtiden;1788175
radio-frekvens design;1788175
matching;443263,335153,465689
scale-space;440633,473389,472978,465689,546842,474298,441212,474296
image features;443263
tracking;443263,1150643,1887674,473627,466293,465689,465018,1267392
recognition;464071,774961
multi-scale representations;443263
public key infrastructure;1913442
blockchain;1230535,1111933,1111933
merkle tree;1799790,1119313
proof of stake;1121040
certificate authority;1121040
data structures;1897734,1214411,954999
linked representations;1895902
octrees;1606032
digitalelevation model;1895902
spatial indexing;1895902
datastrukturer;1895902
länkade representationer;1895902
okträd;1895902
punktmoln;1895902
digital höjdmodell;1895902
spatial indexering;1895902
domain-specific language;1897676,1231244
geospatial;1230567,849697
graphics processing unit;1897676
domänspecifikt språk;1778255
grafikprocessor;1897676
artificial intelligence;1853540
multi-agent programming;1711349
digital twin;1712828
process simulation;1711349
causal discovery;1720056,1239198
missing data;1720056,1239198
fairness;1720056
functional causal model;1720056
client-server systems;760258
emotion recognition;1149133
virtual reality;1886755
design;1661092,824292
diseases;1661092
built environment;1661092
cancer patients;1661092
causes of death;1661092
design frameworks;1661092
european union;1661092
game design;1661092
young peoples;1661092
command and control;14513
decision-making;1725013
situation awareness;823781
data fusion;1810970
gaming;10469
experimentation;10469
microworld research;10469
graphical modeling;10469
game theory;1616628
rationality;10469
pqbl;1912285
qbl;1857391
technology enhanced learning;13577
primary school;1912285
ai generation;1912285
hypervisor;1136624
isolation;971284,762165
assurance;971284
formal verification;1821827,957404
common criteria;971284
armv8;1368718
api;1845152
content driven api;1699485
graphql;1699485
api test application;1699485
mobile applications;1597750
innehållsdriven api;1699485
api testapplikation;1699485
mobilapplikationer;1699485
load-balancer;1410769
cheetah;1410769
high-speed;1410769
connection consistency;1410769
pcc;1410769
p4;1410769
fastclick;1410769
concurrent data structures;1618357
linked-lists;1618357
list-based sets;1618357
samverkande datastrukturer;1618357
länkade listor;1618357
listbaserade set;1618357
invasive software (viruses;651157
worms;651157
trojan horses);651157
risk management;1713407,949971
network management;651157
software testing;1784176
model checking;524550,1847464
entity retrieval;1799726
mixer;1799726
transformer;1640134
possibilistic information flow;675561
logic of knowledge;675561
languagebased security;675561
verification;459653,114295,7202,1789914,957404
dialogue act;861979
dialogue act classification;861979
furhat;861979,861979
furhat robotics;861979,861979
classification;1118354,1278712,1857944,473385,971649,1118387
j48;861979,861979
weka;861979,861979
robotics;464067,470155
education robots;861979
swot;861979,861979
market segmentation;861979
talhandlingar;861979
klassificering;1894305,1278712
robotik;1837748
utbildningsrobotar;861979
marknadssegmentering;861979
wireless communication;1143919
link to system mapping;1143919
ensemble;1118767
churn prediction;1711505,1119205,1153731
lime;1118767
interpretability;1118767
crm;1118767
local explanations;1118767
fetal acidosis;1911800
magnetic induction;1911800
spectroscopy;1894304
gradiometer coil;1911800
fetal acidos;1911800
magnetisk induktion;1911800
spektroskopi;1894304
gradiometer spole;1911800
scheduling;1704349,1212575,1085916
enterprise;824488
application;824488,826851
architecture;824488
database;1118816,949758
tier;824488
serialization;824488,1241936
gpu;970839
datalogi;7412
relu;1156251
feedforward neural network;1156251
elm;1156251
neural networks;1194112,1320166
transfer functions;913911
allscale environment;931822
particle-in-cell method;931822
task-based nested recursive parallelism;931822
prec;931822
node.js;1885075
apache;1605998
iis;1605998
go;1841733
web server;1605998
mysql;1605998
webbserver;1605998
java streams;1783234
performance;1778279
benchmarking;1778279
loops;1783234
functional programming;1333336
prestanda;1778279
loopar;1783234
funktionell programmering;1841112
mpi;359543
openmp;1105811
shared memory;938293
hpc;11914
parallel programming;1472160,827146
numa;938293
evolutionary;1105919
algorithm;1751015
computer assisted language learning;886159
vehicular communication;1174432
network;1268555
search user interfaces;1112494
search engines;1799685
human-computer interaction;946219,465018
interactive dance visualization;916474
real-time interpolated animations;916474
accelerometer;465549,1108645
gyroscope;916474,1108645
smartphones as wearables;916474
multi-party computation;1229379
secret sharing;1913448
certificateless cryptography;1229379
cryptography;1913448
dialogue acts;1040874
semi-supervised machine learning;1040874
dialoghandlingar;1040874
delvis övervakad maskininlärning;1040874
sentiment analysis;1885510
slope one;811049
collaborative filtering;839780
new item problem;1107769
cold start;839780
menstrual health;1900734
dietary technology;1900734
social pressure;1900734
autobiographical design;1900734
speculative design;1900734
self-tracking technologies;1900734
menstruationshälsa;1900734
kostteknik;1900734
socialt tryck;1900734
självbiografisk design;1900734
spekulativ design;1900734
självspårningsteknik;1900734
information extraction;1010104
named entity recognition;1010104
binary logistic regression;1264630
gdpr;1701846
code of conduct;1264630
simulation-based optimization;1205218
archived genetic algorithm;1205218
road traffic controls;1205218
traffic light control;1205218
object-oriented software framework;1205218
mobile devices;909470
hosting;1192188
scalable hosting;1192188
neural network;811087,1188541
multilayer perceptron;787315
volunteer computing;1192188
wifi;1748061
openstack;954536
networking;1897043,1371780
networking performance;954536
oracle cloud infrastructure;1844888
penetration testing;1845152,1636796,1464458
security practices;1844888
cloud security;1844888
vulnerability assessment.;1844888
lane departure;893982
auditory warning signals;893982
rumble strip;893982
in-vehicle warnings;893982
looming intensity;893982
transfer learning;1750932,1687996,1242627
data-driven motion synthesis;1635572
objective-driven motion generation;1635572
rig-agnostic encoding;1635572
deep learning-based clustering model;1635572
procedural animation;1635572
kunskapsöverföring;1635572
data-driven rörelsesyntetisering;1635572
procedurell animation;1635572
mål-driven animation-genereringsmodel;1635572
rig-agnostisk-kodning;1635572
djupinlärningsbaserad klusteringsmodel;1635572
algorithms;1118354
financial engineering;1765359
software engineering;1685851
algorithmic trading;1274759
tech- nical analysis;1765359
algoritmer;1847463
finansiell matematik;1765359
mjukvaruutveckling;1241606
algoritmisk aktiehandel;1765359
teknisk analys;1765359
yolo-v3-tiny;1813713
fault tolerance;1813713,1499219
fpga;1813713
vhdl;1813713
hardware accelerator;1813713
triple-modular redundancy;1813713
time redundancy;1813713
stuck-at-faults;1813713
peer-to-peer;666136
distributed caching;666136
nat traversal;666136
congestion control;666136
adaptive http streaming;666136
live streaming;666136
time series classification;1913441
transformers;1885510
gated recurrent unit;1757497,1632685,1632685
venture capital;1789912
tidsseriesklassifiering;1757497
riskkapital;1789912
compilers;1741049,1185339
composition;1430148,1109071
domain-specific languages;1800861
modeling languages;1566176
semantics;1606032
chemical analysis;1430148
computer aided software engineering;1430148
embedded systems;1512016
learning systems;1430148,971649
problem oriented languages;1430148
program compilers;1430148
specification languages;1430148
concrete research;1430148
domain specific languages;1430148,1605134
domain specific modeling languages;1430148
execution platforms;1430148
language compositions;1430148
language environment;1430148
modeling environments;1430148
probabilistic programming;1566176
web information extraction;1818767
informationsextraktion från webben;1818767
objektigenkänning;1818767
prometheus;1684338
wildfire progression;1684338
real-time;1601859
python;1904964
django;946779
google earth engine;1684338,1684338
mapbox gl js;1684338
web-application;1684338
skogsbrands simulering;1684338
realtid;1601859
webbapplikation;1609800
policy making;418234
computatinal epidemiology;418234
workflow;418234,850158
individual-based simulation;418234
programming languages;1123270
syntax;1556115
ambiguity;1556115
molecular docking;1786161
autodock;1786161
tensor core;1786161
drug discovery;1779001
molekylär dockning;1786161
läkemedelsutveckling;1786161
distributed storage;1656395,1499219
file systems;1656395,1499219
hardware offload;1656395
persistent memory;1656395
distribuerad lagring;1656395
dilsystem;1656395
maskinvaruavlastning;1656395
beständigt minne;1656395
asr;1038763
kaldi;1038763
nst;1038763
gmm-hmm;1038763
active vision;464067,470155
segmentation;1837718
cpmputer vision;464053
activity shapes;916472
human behavior;1595839
spatial analysis;916472
spatiotemporal analysis;916472
ux practice;1620328
workshops;1620328
user interviews;1620328
remote working;1620328
ux-övning;1620328
användarintervjuer;1620328
fjärrarbete;1774214
breast cancer detection;1230528
domain adaptation;1750932,1466885
semantic segmentation;1230528
style transfer;1230528
human-robot interaction;1887991
service robots;1699776
remote work;1774214
work from home;1573407
social well-being;1573407
covid-19 pandemic;1573407
digital social interactions;1573407
information and communication technologies;1573407
distansarbete;1573407
hemarbete;1573407
socialt välmående;1573407
covid-19 pandemin;1573407
digitala sociala interaktioner;1573407
informations- och kommunikationsteknik;1892786
procedural content generation;1642626
game adaptivity;1901878
player experience modeling;1901878
user engagement;1880005
proceduralt innehållsgenerering;1901878
spelanpassning;1901878
modellering av spelarupplevelse;1901878
användarengagemang;1880005
autonomous systems;1707655,1500879
stability of hybrid systems;1707655
switched systems;1707655
ann;1188541
soinn;893039
sotpar;893039
sotpar2;893039
prediction;1702702,275298
spatio-temporal pattern detection;893039
temporal activity diffusion;893039
unsupervised learning;1219916
vector quantization;893039
artificiellt neuralt nätverk;893039
artificiella neurala nätverk;1789091,1632685
förutsägelse;1702702
spatio-temporal mönsterdetekion;893039
temporal aktivitetsdiffusion;893039
mönsterigenkänning;893039
oövervakad inlärning;1593563
vektorkvantisering;893039
observability-driven development;1783659
end-to-end observability;1783659
open-source pipeline;1783659
opentelemetry;1783659
kubernetes;1887989
observerbarhetsdriven utveckling;1783659
observerbarhet från slut till slut;1783659
pipeline med öppen källkod;1783659
computer science;1194112
electronic system design;10887
boolean decomposition;10887
binary decision diagram;10887
logic synthesis;10887,11683
graph algorithm;10887
developer portal;1895929
software productivity;1895929
api documentation;1886980
developer satisfaction;1895929
developer effectiveness;1895929
usability evaluation;1895929
utvecklarportal;1895929
mjukvaruproduktivitet;1895929
api-dokumentation;1895929
utvecklartillfredsställelse;1895929
utvecklareffektivitet;1895929
användbarhetsutvärdering;1895929
adversarial training;1171308
electrocardiogram;1886984
motstridig träning;1886984
elektrokardiogram;1886984
image analysis;473366
age prediction;1695605
mammography;1695605
breast cancer;1695605,1597512
convolutional neural networks.;1695605
bildbehandling;1164171
åldersbedömning;1695605
mammografi;1695605
bröstcancer;1695605
agile;827957,840439,1584585
agile development;1142432
lean;840104,840104
lean development;840104,840104
tutoring sessions;840104
online tutoring sessions;840104
kanban;840104
scrum;808066
extreme programming;840104
small-scale;840104
small project;840104
small team;840104
crystal clear;840104
elevutveckling;840104
agil;840104
agil utveckling;840104
lärandesessioner;840104
online utbildning;840104
microscopy image segmentation;1887942
semi-supervised learning;1280586
mean teacher;1887942
wood science;1887942
mikroskopibildsegmentering;1887942
semisuperviserad inlärning;1887942
trävetenskap;1887942
sound transcription;1773922
sound translation;1773922
ai;1216455,1241148,1241148,908072,908072,1278712,1278712
language barrier;1773922
concurrency;1763111,1268459,606487,1212575
ljud transkription;1773922
ljud översättning;1773922
real-tid;1773922
språkbarriär;1773922
samtidighet;1773922
advanced health care at home;838606
home assistance;838606
vehicle routing problem;1783648
time windows;838606
rescheduling;838606
routing;838606
optimization;1749284,114287
avancerad sjukvård i hemmet;838606
hemtjänst;838606
schemaläggning;1213984
omplanering;838606
ruttoptimering;838606
optimering;1749284
computer software;649033
algorithmic verification;649033
generic frameworks;649033
global properties;649033
independent components;649033
new components;649033
procedural languages;649033
program structures;649033
temporal safety properties;649033
mobile code security;1807
reference monitoring;1807
maximal models;524550
compositional verification;524550
specification-based testing;610371
learning-based testing;610371,1229962,1349608
reactive systems;610371,435171
lbtest;610371
case studies;610371
graph dominators;13508
fpga mapping;13508
redundancy removal;13508
rbn;13508
ansiktsigenkänning;1909328
generativa motståndarnätverk;1909328
inmålning av bilder;1909328
blandande av bilder;1909328
delaunay;1842047
height field;1106042
height map;1106042
chunks;1106042
procedural terrain generation;1106042
topological surface;1106042
reversible computation;1800861
arrows;1800861
partial invertibility;1800861
reversibel beräkning;1800861
domänspecifika språk;1710734
partiell inverterbarhet;1800861
carbon footprint;1609041
digital sector;1609041
environmental impact;1609041
digitalization;1530904
koldioxidavtryck;1609041
digital sektor;1609041
attractor neural networks;10896
cerebral cortex;10896,10991,8079
neocortex;10896
brain like computing;10896
hypercolumns;10896
minicolumns;10896
bcpnn;10896
parallel computers;10896
autoassociative memory;10896
multi-scale analysis;338803
automatic scale selection;338803,338874,473389
multi-channel texture analysis;338803
active inspection system;338803
carbide classification;338803
texture segmentation;338803
filters;338803
images;311490
scale;1144192
posit;1464064
softposit library;1464064
moore’s law;1464064
softposit;1464064
moores lag;1464064
electricity exchange;1603404
price spread forecasting;1603404
nord pool;1603404
day-ahead;1225265
intraday;1603404
elbörsen;1603404
prisskillnads prognoser;1603404
l3 cache;1622362
last level cache;1622362
intel cache allocation technology;1622362
l3 cache allocation;1622362
l3 cache performance improvement;1622362
redis performance;1622362
graph500 performance;1622362
bzip2 performance;1622362
l3-cache;1622362
sista nivåns cache;1622362
l3 cache-allokering;1622362
l3-cache prestandaförbättring;1622362
redis prestanda;1622362
graph500  prestanda;1622362
bzip2 prestanda;1622362
eye tracking;1599676
gaze-to-object mapping;967519
3d virtual environments;967519
video games;947287
software-based traffic generator;1190118
throughput;1190118,1185014
packet size;1190118
benchmark;1778306,837145,1256056,1904964,1904964
operating system virtualization;1190118
container;1704349
docker;1884875
automation;1884875
transformation language;1238485
json;1792957
xml;1238485
expressive power;1238485
indian buffet process;1212705
ibp;1212705
gibbs sampling;1212705
recommendation systems;1106314
tensorflow;1212698
visualization beer data analysis;1233704
event sourcing;1105278
cqrs;1105278
granularity;1253472
event;1105278,1188541
cuda;1105924
sssp;1894324
pathfinding;1901883
graph;1292782
grid;1595833
gis;1230567
terrain;1894324
raster;1894324,1894324,953533
ruttning;1894324
graf;1894324,915549
rutnät;1894324
terräng;1894324
generalization;1905784
information-theoretic bounds;1848094
decompilation;1841733
webassembly;1668630
reverse engineering;1750933
neural machine translation;1645763
décompilation;1645763
rétro-ingénierie;1645763
traduction automatique neuronale;1645763
dekompilering;1841733
neural maskinöversättning;1645763
computer graphics;1634246
real-time rendering;1886983,1886721
ray tracing;1886983,1713353
stereoscopic;1886983
datorgrafik;1634246
realtidsrendering;1886983,1886721
strålföljning;1886983
stereoskopisk;1886983
deep neural networks;1136420,1271052
convolutional neural networks;1464537
alexnet;1250802
inference speed;1138721
low-rank tensor decomposition;1250802
fine-grained classification problem;1250802
dog breed classification;1250802
autoencoders;1171308
tda;1261771
computational topology;1642320
topological data analysis;1642320,1511175
variability analysis;1613860
software product line;1613860
testing;445529,1229962,1750939
test case categorization;1613860
testing strategy;1613860
feature modeling;1613860
variationsanalys;1613860
testning;1613860,808066,1750939
testfallskategorisering;1613860
funktionsmodellering;1613860
air temperature;1589984
effective;1589984
geographic visualization;1589984
time series;1600995
evaluation;824355
informations visualisering;1589984
lufttemperatur;1589984
effektiv;1589984
geografisk visualisering;1589984
tidsserier;1600995
utvärdering;1589984
messaging protocol;1709490
decentralized;1709490,812449
smart contract;1709490,1111933,1111933
internet computer;1709490
dfinity;1709490
meddelandeprotokoll;1709490
decentraliserad;1709490
blockkedja;1815072,1268555
smarta kontrakt;1709490
pagerank;1811242
credibility;1104337
credibility analysis;1104337
twitter;1595839
fftw;1217155
discrete fourier transform;1217155
fast fourier transform;1109257
perf;1217155
cache;1217155
memory analysis;1217155
ea;1148763
enterprise architecture;1590762
it management;1804793
hci;798493
ux;1634133
företagsarkitektur;1590762
it hantering;1804793
mdi;1702702
människa-dator interaktion;1148763
large scale distributed deep learning;1224181
data parallelism;1224181
multi-tenant database;957393
covid-19;1909001
cyber-attack;1774214,1774214
internet security;1774214
cybersecurity threats;1774214
cybersecurity awareness;1774214
internetsäkerhet;1774214
cybersäkerhetshot;1774214
cybersäkerhetsmedvetenhet;1774214
ataque cibernético;1774214
seguridad en internet;1774214
amenazas a la seguridad cibernética;1774214
trabajo remoto;1774214
concienciación sobreseguridad cibernética;1774214
articulation analysis;465486
acoustic-to-articulatory inversion;465486
embodied conversational agents;1539659
articulation feedback;465486
brain activation;441151,339453
human brain mapping;441151
functional region;441151,339453
primal sketch;441151,473362,339453,474298
scale selection;1144192,465018
blob detection;441151,473362,453064,472978,546842
multi-scale representation;440633,465689,546842,474296
self-supervised learning;1837718
feature extraction;1705258,943470,552336,1278712
parkinson’s disease;1705258
magnetoencephalography;1702325
electroencephalogram;1702335
självlärande inlärning;1702335
särdragsextraktion;1705258
parkinsons sjukdom;1702335
magnetoencefalografi;1702325
elektroencefalografi;1702335
random;1141835
vulnerability;1903654
entropy;1141835
csprng;1141835
rng;1141835
trng;1141835
prng;1141835
lrng;1141835
linux;1897043
estimate;1141835,858059
haveged;1141835
prngd;1141835
freebsd;1141835
overestimate;1141835
linux random number generator;1141835
random number generator;1141835
seed;1141835
predictors;1141835
markov chains;1141835
feature selection;1788170,552336
parkinson’s disease.;1611491
autokodare;1783648
blickspårning;1611491
särdragsidentifikation;1611491
parkinsons sjukdom.;1611491
voxels;1793345
tetrahedron;1793345
tetrahedral mesh;1793345
tetrahedralization;1793345
tessellation;1793345,947325,1692949,1129639
mutable environment;1793345
editable terrain;1793345
deformable environment;1793345
boolean operations;1793345
computer games;839128
computational geometry;1511175
voxlar;1793345
tetrahedror;1793345
tetrahedralisering;1793345
tessellering;1793345
formbar terräng;1793345
booliska operationer;1793345
datorspel;1793345
beräkningsgeometri;1847463
keyword extraction;1238507
free-text;1238507
human evaluation;1238507
extrahering av nyckelord;1238507
fritext;1238507
mänsklig utvärdering;1238507
speaker detection;1837771
speaker recognition;1837771
speaker diarization;1837771
speaker identification;1837771
debate;1837771
politics;1837771
artificiell intelligens;1853540
talardetektion;1837771
talarigenkänning;1837771
talardiarisering;1837771
talaridentifiering;1837771
debatt;1837771
politik;1837771
code coverage;1909325
line coverage;1138353
branch coverage;1138353
path coverage;1138353
mutation testing;1188273
unit testing;1909325
test process;1138353
complexity;1138353,915549,827501
enterprise architecure;1678510
enterprise architecure framework;1678510
multilevel modeling;1678510
taxonomy;895467
ramverk för företagsarkitektur;1678510
flernivåmodellering;1678510
taxonomi;1678510
motion analysis;442088
markerless pose estimation;1869802
gaussian process regression;1784229
long-short-term-memory;1869802
apple arkit;1869802
opencap;1869802
vicon;1869802
agile software development;827957
barriers;827957
agile adoption;827957
china;827957
chinese software development organizations;827957
social network analysis;1590762
louvain method;1590762
systematic literature review;1590762
research community.;1590762
analys av sociala nätverk;1590762
louvain metoden;1590762
systematisk litteraturgranskning;1590762
forskargrupp.;1590762
music streaming;927614
streaming services;927614,1887666,1153731
user behavior;953677
data analysis;1068236
ml;1267392
recurrent neural networks;1215272,1118598,1267392,1267392,1257845
nn;1246205
rnn;1267392
lstm;1188541
long short-term memory networks;1246205
anomaly detection;1887987
public transport;1246205
big data;1359662
root cause analysis;1592842
system logs;1592842
long short-term memory;1886718,1118598
anomalidetektion;1592842
grundorsaksanalys;1592842
system loggar;1592842
avvikelsedetektion;1871153
djupt lärande;1149130
log analysis;1871153
logganalys;1871153
data quality;1198551,1108255,1870945
time series data;1198551
holt-winters method;1198551
fraud detection;1751346,1189805,1217521
bedrägeriupptäckt;1751346
anomalidetektering;1887987
smoothing methods;473366
computational modeling;1617827,552449
intrusion detection;1882693
telecommunication traffic;1617827
organizations;1617827
computer networks;1617827
classification algorithms;1617827
anonymity;1046673,1789914
whistleblowing;953534,1678546
tor;1046673
indistinguishability;953534
anonymous encryption;953534
aco;1111660
tsp;1105900
ant colony optimization;1105900
smart;826851,826851
watch;826851
watches;826851
apple watch;826851,826851
apple;826851,826851
smartwatch;1702359,1612537
smartwatches;826851
development;826851
klocka;826851
applikation;826851
utveckling;826851
smartklocka;1702359,1612537
smartklockor;826851
klockor;826851
financial;1229984
trading;1587978,1114719
xgboost;1597534
bond index;1229984
michal;1229984
horemuz;1229984
natural language processing;1589461,927314,1257845,1116765
document classification;1712026
embeddings;1601084
classifiers;1712026
naturlig språkbehandling;1613852
dokumentklassificering;1712026
inbäddningar;1712026
klassificerare;1712026
multi-commodity;915549
maximum flow;1554123
max flow;915549
flow;915549
multicommodity;915549,915549
approximation;1119453,817263
schemes;915549
framework;915549,915549,1037481
dynamic graph;915549
es-tree;915549
space;915549,1318061,13522
time;1241492
madry;915549
maximum flöde;915549
max flöde;915549
flöde;915549
approximering;915549
dynamiska grafer;915549
dynamiskgraf;915549
es-träd;915549
tidskomplexitet;915549
komplexitet;915549,827501
minneskomplexitet;915549
theoretical computer science;945792,1120444,1233107
graphs;945792
max cut;945792
teoretisk datalogi;945792
grafer;945792
pcp;579115,817263
d-to-1;579115
perfect completeness;579115,817263
shopping list;1635719
smart glasses;1635719,847992
optical head-mounted displays;1635719
augmented reality;1793353
memory expansion.;1635719
bitcoin;1051879,1110776
cryptocurrency;1119782,1110776
threat modelling;1845152,838530
internet of things;1636796
smart cameras;1602050
penetrationstestning;1708534,1636796
hotmodellering;1596039,1464458
sakernas internet;1751192
smarta kameror;1602050
art;1231573
ndk;1109257
c++;1904964
java;1230123
renderscript;1114955
image processing;1164171
dalvik;1109257
android runtime;1231573
speech synthesis;1761460
neural;1241492,1082065,812135
speech technology;1264794
tacotron;1264794
attention;1665641,1172550
attractor memory;10991,8079
sequence learning;1280586
biological vision;10991
generative models;1194112
serial order;10991
computational neuroscience;1837768,783740
dynamical synapses;10991
shor code;1900563
quantum error correction;1900563
qiskit;1797607
simulated quantum noise environment;1900563
shor-kod;1900563
kvantfelkorrigering;1900563
simulerad kvantbrusmiljö;1900563
database schema migrations;1931289
schema changes;1931289
blue-green deployments;1931289
expand-contract;1931289
rollback;1931289
database replication;1931289
multi-masterreplication;1931289
databasschemamigrationer;1931289
schemaförändringar;1931289
blå-gröna distribution;1931289
expandera-kontraktera;1931289
återställning;1931289
databasreplikering;1931289
multi-master replikering;1931289
bluetooth;1144240
ethical hacking;1794943
integritet;839128,1093416
etisk hacking;1702359,1636796
energy consumption;1801190
ensemble learning;1801190,1597534
renovation works;1801190
energiförbrukning;1801190
ensembleinlärning;1801190
renoveringsarbeten;1801190
non-volatile memory;1499219
data centers;1499219,1608645
reliability;1870945
robot vision;464072
recommendation system;839780,1184890
sequential recommendation;1184890
click-through rate model;1710389
multi-task learning;1710389
sistema di raccomandazione;1710389
raccomandazione sequenziale;1710389
modello di percentuale di clic;1710389
trasformatore;1710389
apprendimento multitasking;1710389
rekommendationssystem;1751202
sekventiell rekommendation;1710389
klickfrekvensmodell;1710389
transformator;1640134
flood detection;1665641
bi-temporal;1665641
change detection;1665635
sar;1665641
siamese;1665641
encoder-decoder;1665641
s-hci;1783640
sustainability;1803600
environmental decision support systems;1783640
human-centered design;1783640
hållbarhet;1803600
beslutsfattande inom hållbarhet;1783640
människocentrerad design;1783640
variational auto-encoder;1642320
triplet loss;1711490
contrastive loss;1711490
metric learning;1711490
latent space;1711490
attribute manipulation;1711490
variationsautokodare;1711490
triplettförlust;1711490
kontrastiv förlust;1711490
generativa modeller;1888246
metrisk inlärning;1711490
latent utrymme;1711490
attributmanipulation;1711490
visual impairment;1601100,1894307
screen reader;1601100
telemedicine;1634133
digital healthcare;1215272
accessibility;916470
synnedsättning;1601100,1894307
skärmläsare;1601100
digital vård;1601100
nätläkare;1601100
audio feedback;1169327
fear avoidance;1169327
kinesiophobia;1169327
rehabilitation treatment;1169327
extended reality;1750936
video conferencing;1750936
natural interaction;1750936
natural user interfaces;1750936
förstärkt verklighet;1793353
videokonferenser;1750936
naturlig interaktion;1750936
naturliga gränssnitt;1750936
virtual try-on;1783652
luxury retail;1783652
beauty sector;1783652
video commerce;1783652
online shopping;1783652
customer service;1783652
luxury service;1783652
lyxkonsumtion;1783652
kosmetik;1783652
e-handel;1783652
kundervice;1783652
virtuell teknik;1783652
augmented reality applications;1885303
5g network;1885303
computation offloading;1295997
user evaluation;1885303
förstärkt verklighet-applikationer;1885303
5g-nätverk;1885303
beräkningsavlastning;1885303
användarutvärdering;1885303
gan;1194112
gans;1229126,1257845
generative model;1642320
deep  generative model;1244477
deep generative models;1799731
generative adversarial networks;1194112
vae;1244477
vaes;1244477
variational autoencoder;1791194,1155289
variational autoencoders;1244477
auto encoder;1244477
encoder;1244477
decoder;1244477
pupil localization;1244477
pupil;1244477
eyes;1244477
eye;1244477
synthetic data;1755956,1267392
data generation;1244477
synthetic data generation;1244477
high-dimensional data;1244477
high-resolution images.;1244477
software transactional memory;1472160
futures;1472160,1472160
synchronization;1868493
concurrency control;1472160
self-tuning;1472160
sequential model-based bayesian optimization;1472160
memória transacional em software;1472160
programação paralela;1472160
futuros;1472160
sincronização;1472160
controle de concorrência;1472160
auto-ajuste;1472160
otimização bayesiana  seqeencial baseada em modelos;1472160
mjukvarubaserat transaktionellt minne;1472160
parallell programmering;1472160
synkronisering;1472160,301250,1868493
parallell exekvering;1472160
självjustering;1472160
sekventiell modellbaserad bayesian-optimering;1472160
software sontracts;1840268
contract-based design;1840268
deductive verification;1853056,1847464
contract inference;1604617
program instrumentation;1840268
embedded software;1149047
frama-c;1840268
insurance;1662423
semi-structured data;1662423
web data extraction;1662423
försäkring;1662423
semistrukturerad data;1662423
webbdataextraktion;1662423
bitslicing;1774217
whitebox;1774217
compilation;1129224
boolean circuits.;1774217
parallélisation au bit;1774217
cryptographie;1774217
boîte blanche;1774217
circuits booléens.;1774217
kryptografi;1913448
vit låda;1774217
kompilering;1841112
booleska kretsar.;1774217
deep;841518
convolutional;1117041,1230671,1108415
networks;1241492
image segmentation;1808715
brain tumour;841518
glioma;841518
mri;841518,853460
brats;841518
bioacoustics;1892784
active learning;1704893
bioakustik;1892784
theory of heaps;1801590
acsl;1847464
translation;1801590,1303137
formell verifiering;1821827
kontrakth¨arledning;1801590
modellprovning;1604617
deduktiv verifiering;1801590,1847464
overs¨attning;1801590
hoare logic;1265405
horn clauses;1604617
formell verifikation;1604617
kontraktgenerering;1604617
formell semantik;1604617
hoare logik;1604617
level of detail (lod);1868188
voxel;1868188
octree;1606032
virtual terrain;1868188
human perception;1868188,552336
nivå av detailj (lod);1868188
virituell terräng;1868188
mänsklig perception;1868188
artifical neural networks;1231003
lung damages;1231003
lung cancer;1231003
ct scans;1231003
pulmonary nodules;1231003
detection;1231003,840439,858059
region proposal.;1231003
eeg;1359662
sleep scoring;944647
support vector machines;1093977
deep belief networks;944647
aasm;944647
genetic algorithms;944647,816306
meta-features;944647
continuous delivery;1612613
performance testing;1598162
deployment pipeline;824273
control charts;824273
operational semantics;1539632
static analysis;1800316
instruction set architectures;1755837
arm;762165
mips;968447
noninterference;968447,675843
information flow;1821827
theorem proving;1136624
hol4;1821827
intensity-based feature-based registration differentiation comparison suspicious manipulated packages;903259
automatic road extraction;338656
aerial imagery;1885502
snakes;338656
multi-scale;338656
ridge detection;338656,338874
edge-detection;338656,338874
selection;1702702
curve segmentation;474413,473385
minimum description length;474413,473385
junction detection;474413,473389,472978,473385
edge detection;474413,473362,473385
curvature;1241492,473385
object recognition;1171308
automatic;1117041
image annotation;1117041
sharing labels;1117041
klustering;1600278
automatisk;1117041
bildannotering;1117041
konvolutionellt;1117041
neuralt nätverk;1707448,1278712
fault detection;1885514
fault location;1053090
software maintenance;1053090
software debugging;1053090
image matching automatic golf detector descriptor computer vision homography;952599
music recommendation;1118011,850112,1090618
music informatics.;1600252
musikrekommendation;1600252,1090618
musikinformatik.;1600252
reference resolution;1231561,927120
pedestrian wayfinding systems;1231561
cinematic replay;1604437
highlight detection;1604437
virtual cinematography;1604437
video game;1110147
automated modeling;1472900
conceptual models;1472900
ontologies;1472900
ontology framework;1472900
threat modeling;1596039,1464458
wayfinding sign;1904898
directional sign;1904898
qgis;1904898
bicycle sign;1904898
automatization;1904898
vägvisningsskylt;1904898
cykelskylt;1904898
automatisering;1884875
exploration;1184476
autonomous;1241492,858059
uav;1176285,1108625
data gathering;1184476
human activity region;1133388
robot;871461,1108625
human tracking;1133388
cable suspended system;864071
dredging;864071
image classification;1750932,1320166
densenet;1597711
elastic weight consolidation;1597711
catastrophic forgetting;1597711
cifar100;1597711
bildklassifiering;1597711
android doze background scheduling mobile network battery;1156647
multivariate time series;1699773
music industry;1699773
record label business model.;1699773
bayesian;1871793
wind energy;1119453
renewable energy;1119453
gaussian;1119453,1109071
bayesian optimization;1894323
fine-tuning;1708538
satellite imagery.;1894323
optimisation;1894323,1201228,954999
optimisation bayesienne;1894323
aprentissage profond;1894323
vision par ordinateur;1894323
peaufinage;1894323
imagerie satellite.;1894323
bayesiansk optimering;1894323
finjustering;1899003,1708538
satellitbilder.;1894323
beat tracking;1044322
biometrics;1579745
web technologies;877205
javascript;1778279
field monitoring;1778259
test monitoring;1778259
video game modding;1778259
mjukvarutestning;1784176
fältövervakning;1778259
testövervakning;1778259
videospel;1778259
videospel modding;1778259
grpc;1253472
soap;1887929
application programming interfaces;1887929
api architecture;1887929
communication protocol;1887929
distributed systems;938613,1093416
latency;1704349
tls;1887929
applikationsgränssnitt;1887929
api-arkitektur;1887929
kommunikationsprotokoll;1887929,1885512,865984
disitribuerade system;1887929
mikrotjänst;1887929
mätning;1887929
latens;1704349
reward functions;1702126
furuta pendulum;1702126
förstärkningsinlärning;1713716
belöningsfunktioner;1702126
neurala nätverk;1601084
furuta-pendel;1702126
message broker;1892790,1801007
apache kafka;1801007
rabbitmq;1892790
throughput vs. latency;1892790
distributed cloud environment;1892790
azurekubernetes services;1892790
openmessaging benchmark framework;1892790
microservice architecture;1253472
helm charts;1892790
genomströmning;1892790
distribuerad molnmiljö;1892790
azure kubernetes services;1892790
mikrotjänstarkitektur;1784176
python cython cpython jython pypy;912464
protocol buffers;1792957,1241936
http;1253472
microservices;1253472
network communication;1792957
mikrotjänster;1606003
nätverkskommunikation;1792957
transient receptor potential;353525
trp;552449
metabotropic glutamate receptor;353525
mglu1/5;353525
dendritic integration;353525
synaptic activation;353525
temporal summation;353525
low-frequency;353525
entorhinal cortex;353525
mathematical model;353525
electric cars;1903932
pentesting;1903932
in-vehicle infotainment;1903932
cybersecurity;1149047
elbilar;1903932
penetrations test;1903932
infotainmentsystem;1903932
cybersäkerhet;1596039
consensus;1121133
cryptocuyrrency;1121133
kryptovaluta;1121133
digital valuta;1121133
blockchain financial transactions cryptocurrency implementation banking;1127299
mutual funds;1044630
fund market;1044630
distributed database;1044630,827372
fondmarknad;1044630
distribuerad databas;1044630
fonder;1044630
model-based testing;1755837
modbat;1871803
bounded exhaustive search;1604513
random search.;1604513
modellbaserad testning;1801581,1609005,1871803,1755837
begränsad uttömmande sökning;1604513
slumpmässig sökning.;1604513
logo detection;1613876
online advertisements;1613876
display advertising;1613876
automatic brand detection;1613876
logotypigenkänning;1613876
online annonsering;1613876
automatisk varumärkesigenkänning;1613876
geometric methods;1703214
machine learning methods;1703214
voronoi;1842047
high dimensional geometry;1703214
curse of dimensionality;1703214
monte carlo;1703214,1241557,1214365,1214365
computer security;1898666
crypto mining;1793001
code obfuscation;1793001
browsers;1793001
datasäkerhet;839128
kryptovalutautvinning;1793001
kodobfuskering;1793001
webbläsare;1793001
child-centered design;1868182
design thinking;1880005
reading engagement;1868182
barncentrerad design;1868182
designtänkande;1880005
läsengagemang;1868182
simulations;956287,552449,1214365,925056
digital material;956287
interaction design;1804071
als-wr;824930
implicit data;1751202
lidar;1750932
als;1665635
u-net;1795168
urbanization;1665635
remote sensing;1848840
evolutionary clustering;1164150
spark;1931137
survey;1834195
data-intensive computing;1164150
evolutionär clustering;1164150
undersökning;1164150
datintensiv databehandling;1164150
building information modeling;1784233
tekla structures;1784233
connection;1784233
multimodal data fusion;1784233
programming language construction;1231244
supervised learning;1118354
open-source;1845152
vulnerability identification;1783083
high-risk developers;1783083
öppen källkod;1845152
identifiering av sårbarheter;1783083
högriskutvecklare;1783083
lactate sensor;1613600
sweat;1613600
sport;1712819
physiology;1613600
wearable platforms;1613600
bachelor thesis;1599553
version control system;1599553
git;1887989,851524
github;1599553
education;1599676
computer science education;1599553
commit behaviour;1599553
kandidatexamensarbete;1797607
versionshanteringssystem;1599553
lärande;1599553
datateknik;1599553,1868373
commitbeteende;1599553
large language models;1941572
code generation;1608961,1185339
software architecture;1228211
cohesion;1892787
cyclomatic complexity;1892787
classeval;1892787
humaneval;1892787
capsnet;1230671
capsule;1230671
clothing;1230671
clothes;1230671
sellpy;1230671
rotation;1230671
rotational;1230671
views;1230671
travel diary automation;930577
trajectory segmentation;930577,1204245
travel data collection;930577
travel diary collection system evaluation and comparison;930577
categorization;1562606
e-mails;1562606
preprocessing;1562606
tf-idf;1562606,943470
naïve bayes;1562606
support vector machine;846825
kategorisering;1562606
e-postmeddelanden;1562606
förbehandling av data;1562606
övervakad inlärning;1562606,1633154
nosql;1230567
e-commerce;1239077,1180843
pc;1239198
cell tower geolocation;1793709
crowdsourced measurements;1793709
positioning;1573400
search engine;1118011,1710603,798493,1243318
search;758220,1116701
findwise;758220
solr;758220
searching;758220
relevance;758220
qf;758220
cosine similarity;758220
mongodb;1884879
inex;758220
graph neural networks;1853540
network-based intrusion detection;1885073
temporal graph networks;1885073
grafneurala nätverk;1885073
nätverksbaserad intrångsdetektering;1885073
temporala grafnätverk;1885073
character recognition;1108415
natural images;1108415,1108666
data augmentation;1697686
chars74k;1108415
teckenigenkänning;1108415
naturliga bilder;1108415,1108666
dataaugmentering;1108415
neuronnät;927359,1241148,1241848
viral;1603397
popular and trending are interchangeable terms and refers to content that garners hundreds of thousands if not million of views in a short span of time.;1603397
viralt;1603397
populärt och trendigt är utbytbara termer och syftar på videor som får hundratusentals om inte miljontals visningar på kort tid.;1603397
chatbot;1793707,1885513
compound splitting compounding;1075738
dash;1185014
chunked;1185014
live;1185014
streaming;1903931
low delay;1185014
fetch;1185014
text classification;1613852
song lyrics;1228997
music;1941305,931547,774961,1116701
alzheimer's;1213692
supervised machine learning;1805112
spectral power;1213692
knn;1230122
lda;946538
convolutional neural network;1588971
pick and place machine;1221560
assembly line;1221560
transformer models;1600278
sentence embeddings;1633154
doc2vec;1633154
deep averaging networks.;1633154
naturligtspråkbehandling;1633154
transformeringsmodeller;1633154
meningsinbäddningar;1633154
djupa linjärkombinerande nätverk.;1633154
human activity recognition;1201480
out-of-distribution detection;1811849
time-series classification;1811849
uncertainty estimation;1811849
model compression;1851707
word2vec;1773382
glove;1783084
personal data classification;1783084
språkteknologi;1589461
personlig data klassificering;1783084
client;1241936
server;820956
client-server;1241936
communications;1241936
nis;1241936
geographic information system;1241936
network information system;1241936
protobuf;1241936
protocol;1241936
http/1.1;1241936
http/2;1241936
hypertext transfer protocol;1241936
httpclient;1241936
tomcat;1241936
overhead;1241936
payload;1241936
webserver;1241936
transmission;1241936
spatial data;1241936
clinical assessment;877778
compression ultrasonography;877778
deep vein thrombosis;877778
iot;1464458
chaos engineering;1617069
cloud platforms;1617069
kaosteknik;1617069
molnplattformar;1617069
aws;1149023
heroku;1774212
infrastructure as code;1887989
cost;1774212
kostnad;1774212
time series forecasting;1164172
rain attenuation;1164172
tidsserieprognoser;1164172
regn dämpning;1164172
unservervised learning;1164172
data engineering;1868373
data processing;1868373
customers clustering;1868373
databearbetning;1868373
kundkluster;1868373
log file analysis;947287
metagenomics;1109071
coverage;1109071
k-mer;1109071
mixture model;1109071,814537
dirichlet process;1109071
user-behavior;945762
online social network;945762
user clustering;1220095
deep embedding clustering;1220095
dec;1220095
graph drawing;882369
automatic graph layout;882369
directed graphs;882369
sugiyama;882369
cluster;1120724
clusters;882369,339453
stock returns;1896704
cross-section;1896704
financial machine learning;1896704
regression-via-classification;1896704
coarse-graining;1896704
naive-bayes;1700081
aktieavkastning;1896704
tvärsnitt;1896704
finansiell maskininlärning;1896704
regression-via-klassificering;1896704
grovkornig;1896704
usability;134361
graphical user interface;817742
gui;798493
user friendly interface;817742
user-centered system design;817742
ucsd;817742
människa-datorinteraktion;1712819,1887666
användbarhet;1892786
grafiskt användargränssnitt;817742
användarvänligt gränssnitt;817742
användarcentrerad systemdesign;817742
acsd;817742
recommender system;811049
multi-agent games;1700117
multiagent games;1115157
multi-agent system;1713716,1111933,1111933
imperfect information;1700117
imperfect recall;1115157
collaboration;321168,1789930
imperfect communication;1115157
finite-state strategy;1115157
concurrent games;1115157
concurrent system;1115157
strategy synthesis;1700117
strategy construction;1115157
automated programming;1115157
automated problem solving;1115157
automated collaboration;1115157
knowledge-based subset construction;1115157
knowledge tracking;1115157
virtual;1215836
crowd;1597397
reinforcement;1118706
learning;1599676,1476655,1659470
qlearning;1118706
machine;1241492
fake news;1114109
naive bayes;1109910
combinatorial slice theory;665450
partial order theory of concurrency;665450
digraph width measures;665450
equational logic;665450
sentiment classification;811021
opinion mining;811021
lexicon;811021
movie reviews;811021
social media;1118834,1789914
rgb-d;858059
depth;858100
unmanned aerial vehicle;1588971
drone detection;1870943
trajectory-based;1870943
background subtraction;1870943,1067587
joint detection and tracking;1870943
deeplearning;1799688
drönare;1870943
drönardetektering;1870943
trajektoria-baserad;1870943
bakgrundssubtraktion;1870943
förenad detektering och spårning;1870943
graph clustering community detection device advertising identity bipartite louvain;1152662
compact architectures;1150748
weight quantization;1150748
activation quantization;1150748
dithering activations;1150748
steganography;1886716
steganalysis;1886716
algorithmic design;1886716
steganografi;1886716
steganalys;1886716
konvolutionellt neuralt nätverk;1886718
algoritmisk design;1886716
fashion image classification;1887671
yolov5;1887671
clip;1853314
fashionclip;1887671
semantic understanding;1887671
automatic labeling;1887671
imagecategorization;1887671
comparative analysis;1887671
klassificering av modebilder;1887671
bildklassificering;1750932
semantisk förståelse;1887671
automatisk kategorisering;1887671
bildkategorisering;1887671
jämförande analys;1887671
surgical simulations;1834208
external ventricular drainage;1844577
motion capture;1499133,1664509
interaction controls;1844577
virtuell verklighet;1886755
kirurgiska simuleringar;1844577
extern ventrikeldränage;1844577
interaktionskontroller;1844577
user-centered design;1142432,319155
audio faders;1897041
radio broadcasting;1897041
touch interfaces;1897041
skeuomorphic design;1897041
användarcentrerad design;1897041,1886980,1885512,1894302,1903663
ljudreglage;1897041
radiosändning;1897041
touchgränssnitt;1897041
skeuomorf design;1897041
performance engineering;1598162
quality assurance;808066
web services;1598162
prestandatestning;1598162
prestandateknik;1598162
informationsvisualisering;1804071
kvalitetssäkring;1608149
webbtjänster;1598162
image quality assessment;1778306
molntjänster;1783247
bildkvalitetsbedömning;1778306
native;1793389
clang;1608961
java native interface;1109257
digital signal processing;1109257,473362,473381
vectorization;1912183
neon;1109257
performance evaluation;1793389
peer- to- peer;1588978
decentralized machine learning;1588978
federated learning;1854989,1591638
gossip learning;1588978
long short- term memory;1588978
decentraliserad maskininlärning;1588978
lång korttidsminne;1588978
feature extraction multilabel classification glove tfidf;1228278
gaze cue;1801366
mixed-method;1801366
case study;1801366
mixad metod;1801366
fallstudie;1801366
space perception;1233059
spatial sound;1233059
event-driven architecture;1589040
monolithic architecture;1612613
domain-driven design;945831
service- oriented architecture;1589040
organisational structure;1589040
event-driven arkitektur;1589040
monolitisk arkitektur;1589040
domändriven design;1589040
serviceorienterad arkitektur;1589040
organisationsstruktur;1589040
imposters;1464534
rendering;1934675,1279122
crowd rendering;1464534
perception;1618097
rendering av folkmassor;1464534
iaktagelseförmåga;1464534
quantum computing;1797607
quantum annealing;1797611
graph coloring problem;1797611
kvantberäkningar;1797611
graffärgningsproblemet;1797611
soft body simulation;1708156
position-based dynamics;1708156
shape matching;1708156
real-time simulation;1708156
mjuk kropp simulering;1708156
realtidssimulering;1708156
interpreters;1774216
regular languages;1774216
regex;1774216
kompilatorer;1741049,1783240
tolkare;1774216
regulära språk;1774216
databases;1579745
sycl;1886363
gromacs;1886363
heterogeneous acceleration;1886365
molecular dynamics;1886365,1886363
performance-portability;1886365
cross-platform;1793389
mobile development;1783632
low-code;1783632
jetpack compose;1783632
flutterflow;1783632
user interface;1783632
mobilutveckling;1783632
användargränssnitt;1783632
virtual threads;1763111
spring boot;1763111
reactive webflux;1763111
query containment;927368
xpath;927368
implementation;927368
the canonical model;927368
the homomorphism technique;927368
topology;1511175
scalar fields;1660119
merge tree;1150643
tree comparison;1150643
similarity search;1150643
fluid simulation;1795915
lagrangian fluid simulation;1795915
smoothed-particle hydronamics;1795915
position based dynamics;1795915
vätskesimulering;1795915
lagransk vätskesimulering;1795915
patent classification;1887430
sbert;1887430
dense passage retrieval;1887430
patentklassning;1887430
navigation;1181154,1599143,1599143
mobile application;1702137
mobile interaction;922114
mobile evaluation;922114
comparison interpolation methods residence price heat map kriging thin plate spline inverse distance weighting;1140324
jämförelse interpolationsmetoder bostadspriser färgdiagram kriging thin plate spline inverse distance weighting;1140324
predictive maintenance;1894319,1870945
bearing;1894319
prediktivt underhåll;1894319,1870945
feldetektering;1712790,1885514
lager;1894319
multi-moln;1900413
devops;1887989
amazon web services;1887989
microsoft azure;1900413
infrastruktur som kod;1887989
terraform;1887989
gitlab;1887989
continuous integration;1897046
continuous delivery och continuous deployment;1900413
elastic kubernetes service;1900413
azure kubernetes service;1900413
single-page application;1037481,935212
radius search;1595833
spatial partitioning;1595833
agent- based simulation;1595833
boids;1595833
kd- tree;1595833
quadtree;1904964
maximum velocity;1595833
probabilistic programming languages;1741049
sequential monte carlo;1539632
gpu compilation;1653044
low data regime;1616660
complementary labels;1616660
objektdetektion;1616660
låg dataregim;1616660
komplementära etiketter;1616660
recommender systems;1244710
matrix factorization;1751202
statistical;827501
herbrand;827501,827501
relational;827501
ilp;827501,827501
kreator;827501,827501
logic;827501
program;827501
balios;827501,827501
blp;827501,827501
srl;827501,827501
foi;827501,827501
relationslärande;827501
relationer;827501
logik;827501
bayesiansk;1871793
image descriptor;465703
histogram;465703
object categorization;465703
gaussian derivative;546842
spatio-chromatic derivative;465703
differential invariant;1144192
spatio-chromatic differential invariant;465703
image feature;465703
colour feature;465703
cue combination;465703
multiple cues;465703
event-b;1229377
fault injection;459635,1298427
software verification;459635
knowledge distillation;1698451
pruning.;1650794
waveholtz iteration method;1705230
helmholtz equation;1705230
discontinuous galerkin methods;1705230
underwater acoustics.;1705230
waveholtziterativametod;1705230
helmholtzekvation;1705230
diskontinuerligagalerkinmetoder;1705230
undervattensakustik.;1705230
vocal tract;1263713
upper airway;1263713
speech production;1263713,971288
biomechanical model;1263713,1471890
acoustic model;1263713,1471890
vocal tract reconstruction;1263713
olfaction;301250,12177
olfactory system;301250,12177
olfactory bulb;301250,12177
olfactory receptor neuron;301250
camkii;12177
mathematical modelling;301250,12177
lukt;301250
luktsystemet;301250
luktbulben;301250
matematisk modellering;301250
distance methods;11046
tree reconstruction;11046
sorting by transpositions;11046
multiple alignment;11046
ancestral sequences;11046
spoon;1608667
utensils;1201228
disability aids;1201228
shape adaptation;1201228
sked;1201228
bestick;1201228
hjälpmedel;1201228
formanpassning;1201228
visualisering;1708140
striatum;218751,1087783
fast spiking interneurons;218751
medium spiny projection neurons;218751
gap junctions;218751
interoperability;274519
locomotion;1783246,1793358,774961
computer simulation;454870
central pattern generator;454870
muscle activation;13466,1263534
linear transfer functions;13466
sensory feedback;454870
neural control;13466
system identification;454870
gait transition;454870
spiking neural networks;454870
control flow analysis;1120444
tableau system;1120444
program verification;1265405
control flow;1120444
variable importance;921542
vim;921542
random forests;1700081
rf;1230122
variable selection;921542
exploratory data analysis;921542
eda;921542
eyetracking;947325
gaze contingent;947325
depth of field;947325,1886721
level of detail;947325
3d grahpics;947325
foveated rendering;947325
noise-contrastive estimation;1139156
nce;1139156
unnormalised models;1139156
statistical estimation;1139156
natural image statistics;1139156
electrical and electronic engineering;1602304
biochemistry;1602304
instrumentation;1602304
atomic and molecular physics;1602304
and optics;1602304
analytical chemistry;1602304
conformity;1928995
influential agent;1928995
multiparty interaction;1928995
child-robot interaction;1928995
trust;1834195,1111933,1111933
consistency types;1500064
replicated data types;1524375
distributed programming;1500064
information-flow security;1500064
scala;1123270
dotty;1247320
compiler;1634246
jvm;1247320
mållgan;1247320
final;1247320
immutable;1247320
constraint programming;1468946,114287,1185339
combinatorial optimization;817263,1185339
register allocation;1232941
instruction scheduling;1232941
compiler construction;1232941
computer algebra system;945222
step-by-step solutions;945222
high school mathematics;945222
datoralgebrasystem;945222
steg-för-steg-lösningar;945222
pedagogi;945222
gymnasiematematik;945222
application isolation;1231856
container escape;1231856
kubernetes network segmentation;1231856
applikationsisolering;1231856
kubernetes nätverkssegmentering;1231856
mal;1631401
corelang;1631401
incident response;1897030
containment;1631401
systemverilog;1749269
content assist;1749269
auto-completion;1749269
hardware development language (hdl);1749269
sigasi;1749269
eclipse;1749269
ordering;1749269
automatisk komplettering;1749269
hårdvarubeskrivningsspråk (hdl);1749269
ordning;1749269
content based filtering;1186070
ontology integration;755363
semantic and pragmatic integration;755363
context;755363
knowledge base;943456
rules;755363
android application security;1778255
vulnerability detection;1800437
context-awareness;1778255
model-based security testing;1778255
domain specific language;1710734,1149093,1149093
sécurité des applications android;1778255
détection de vulnérabilités;1778255
sensibilité au contexte;1778255
tests de sécurité basés sur les modèles;1778255
langage dédiés;1778255
android-applikationssäkerhet;1778255
upptäckt av sårbarheter;1778255
kontextmedvetenhet;1778255
modellbaserad säkerhetstestning;1778255
language model;1801471
large language model;1909318
gpt-3;1887428
text summarization;1801471,1257845
dialogue summarization;1801471
prompt design;1801471
prompt programming;1801471
språkmodell;1801471
stor språkmodell;1887426
naturlig ppråkbehandling;1801471
textsammanfattning;1801471
sammanfattning av dialog;1801471
design för inmatningsprompt;1801471
inmatningsprompt programmering;1801471
software quality;1608149
rule violation;1608149
automated repair;1608149
statiskt analys;1608149
regelbrott;1608149
automatisk reparation;1608149
game ai;1887432
llm agents;1887432
bearbetning av naturligt språk;1887432
ai för spel;1887432
llm-agenter;1887432
modelling;485806,1214365
nuclear;485806
fuel;485806
pwr;485806
numerical;485806
solver;485806
convergence;485806
qualification;485806
convolutional kernel networks;862363
kernel methods;862363
action recognition;862363,335153
video;862363,865774
computer aided diagnostics;1597512
nlp;927314,1257845
genertive adversarial networks;1281586
cot;1281586
cooperative training;1281586
language models;1704893
coreference resolution;1646064
informationsextraktion;1646064
beslutsträdsinlärning;1646064
koreferenslösning;1646064
static program analysis;1741049
monte carlo inference;1741049
probabilistiska programmeringsspråk;1741049
statisk programanalys;1741049
monte carlo-inferens;1741049
operationell semantik;1741049
measure theory;1539632
literature-mining;1739088
single page application;1739088
graph database;1739088,865639
litteraturbrytning;1739088
ensidig applikation;1739088
grafdatabas;1739088
documents;865639
ner;865639
named entity recognizer;865639
relations;865639
qa;808066
software development;1241606
kvalitet;808066
systemutveckling;808066
banking;1700274
behavior;1241492
behaviour;1241492
credit modelling;1700274
klarna;1700274
logistic regression;1700274,1701846
critical node detection problem;1887932
critical node problem;1887932
particle swarm optimization;1795315
discrete partical swarm optimization;1887932
path finding;822446
crowd movement;822446
mcts tree search simulation;1093469
debugging;947287
parallel computing;1608961,947130
kodgenerering;1608961
felsökning;1608961
parallella beräkningar;1608961
contraction hierarchies;1784230
customizable contraction hierarchies;1784230
battery electric vehicles;1784230
mixed fleet;1784230
kontraktionshierarkier;1784230
anpassningsbara kontraktionshierarkier;1784230
ruttplanering;1784230
batteridrivna elfordon;1784230
blandad fordonsflotta;1784230
cybersickness;1820233,824292
mixed reality;1820233
flight simulator;1820233
military;1820233
cybersjuka;1820233
blandad verklighet;1820233
flygsimulator;1820233
militär;1820233
prototype pollution gadgets;1799661
dynamic taint analysis;1799661
forced branch execution;1799661
nodeprof instrumentation;1799661
truffle/graaljs;1799661
dataset collection;1710483
annotation;1710483
labeling;1710483
transformer network;1710483
multi-modal;1710483
embedding;1118011
layoutlmv2;1710483
docbank;1710483
datasamling;1710483
annotering;1710483
märkning;1710483
transformernätverk;1710483
multi-modulär;1710483
datorsyn;1710483
inbäddning;1710483
energy communities;1911804
data physicalisation;1911804
sense-making;1911804
electricity representations;1911804
energigemenskaper;1911804
datafysikalisering;1911804
meningsskapande;1911804
representationer av elektriciteten;1911804
data visualization;1273957,1778301
supply chain;1179482
automated warehouse;1179482
intelligent agent;1179482
dashboard design;1179482
soar;1179482
megaproject;1784232
small sample size;1784232
project management;1784232
critical success factors;1784232
recursive feature elimination;1784232
megaprojekt;1784232
små dataurval;1784232
projektledning;1784232
kritiska framgångsfaktorer;1784232
variabel urval;1784232
rekursiv variabel eliminering;1784232
structured overlay networks;211208,11131
distributed hash tables;211208,11131
dhts;211208
network partitions;211208
network mergers;211208
network size estimation;211208
lookup inconsistencies;211208
gossiping;211208
fog computing;1295997
task placement;1295997
decentralized resource management;1295997
decentralized learning;1921206
community detection;1149120,931846
unbalanced communities;1149120
adaptive diffusion;1149120
decentralized algorithm;1149120
gemenskap detektering;1149120
obalanda gemenskaper;1149120
adaptativ diffusion;1149120
decentraliserad algoritm;1149120
blockchain colored coins transport industry bitcoin smart-property;1116772
highway driving scenario;1725013
autonomous driving;1712821
hierarchy finite state machine;1725013
prediction algorithm;1725013
scenario för motorvägskörning;1725013
autonom körning;1712821
beslutsfattande;1725013
hierarkisk finite state machine;1725013
prediktionsalgoritm;1725013
parameter;842293
setting;842293
declarative programming;842293
lazy execution;842293
datalog;1708139
decompiler;1708139
logic programming;1708139
bytecode;1708139,860991
dekompilator;1708139
runtime metadata;1841733
körtidsmetadata;1841733
3d convolutions;1912371
football action recognition;1912371
3d faltning;1912371
aktivitetigenkänning fotboll;1912371
earthquake-induced building damage;1795168
vhr satellite imagery;1795168
djup maskininlärning;1795168
byggnadsskador;1795168
jordbävning;1795168
satellitbilder;1795168
satellite image time series;1584546
land cover classification;1584546
tidsserier av satellitbilder;1584546
fjärranalys;1848840
classificering;1584546
konvolutionelltneuralt nätverk;1584546
5g;1712831
predictions;1713873
electrical power;1713873
förutsägelser;1713873
elektrisk effekt;1713873
tensorflow.js;1789091
artificial neural networks;1231223,846386,1200633,1632685
gatedrecurrent units;1789091
empirical asset pricing;1700265
representation learning;1856441
empirisk tillgångsvärdering;1700265
representationsinlärning;1856441
information filtering;1244710
information retrieval;1697653,947155,1237438
recommendation;1118011
personalized recommendation;1118011
personalised recommendation;1118011
context aware recommendation;1118011
statistical learning;811087
feed forward neural networks;1118011
de-identification;1185934
pharmacovigilance;1185934
medical language processing;1185934
privacy protection;1185934
adverse drug reactions;1185934
lane detection;1856442
deep q-learning;1856442
lane localization;1856442
filavkänning;1856442
djupinlärning med q-lärande;1856442
fillokalisation;1856442
deep reinforcement learning;1271052
adversarial attacks;1590898
optimal attacks;1590898
building control;1590898
optimal control;1590898,1709018,1057748
energy efficiency;1590898,837145
djup förstärkande inlärning;1590898
adversarial attacker;1590898
optimala attacker;1590898
byggnadskontroll;1590898
optimal kontroll;1590898
energieffektivitet;1590898
feature extraction network;1707448
visual odometry;872111
imu;1894751
pose estimation;1707448,1710481
visuell odometri;1707448
poseuppskattning;1707448,1710481
deepfakes;1801193
face swap;1801193
lip sync;1801193
user study;1834195
användarstudie;1834195
deepfake technology;1894322
infosec;1894322
scam;1894322
disinformation;1894322
deepfake teknologi;1894322
informationssäkerhet;1894322,949971
bedrägerier;1894322
desinformation;1894322
parallelization;1432272,1105811
signal separation;1432272
parallellisering;1432272
oövervakat lärande;1432272
wetland delineation;1848840
satellite image segmentation;1848840
pre-training;1848840
avgränsning av våtmarker;1848840
segmentering av satellitbilder;1848840
konvolutionella neurala nätverk;1749935
förträning;1848840
ion channels;552449
dendrites;552449
axons;552449
hippocampus;552449
c-fiber nociceptors;552449
pain;552449
deniable encryption;1230219
enceladus;1811243
plumes;1749925
atmosphere;1811243
jwst;1811243
nirspec;1811243
ifu;1811243
infrared spectroscopy;1811243
dataanalys;1164171
plym;1811243
atmosfär;1811243
infraröd spektroskopi;1811243
multimodal interaction;321168
3d worlds;321168
haptics;321168
audio;1650791
visually impaired users;321168
overall equipment efficiency;1702838
assembly manufacturing;1468946
automotive industry;1702838
supervisory control and data acquisition;1702838
information systems;1702838
downtime management;1702838
monterings produktion;1702838
fordonsindustri;1702838
stopptidshantering;1702838
video editing;1789930
user interface design;134361
workspace awareness;1789930
videoredigering;1789930
samarbete;1789930
design av användargränssnitt;1789930
arbetsplatsmedvetenhet;1789930
encryption;1762882
configuration management;1884557,1333347
key management;1884557
kryptering;1884557
konfigurationshantering;1884557
nyckelhantering;1884557
question answering;1229461,1602172
technical consulting;1229461
word embeddings;1593563,1237438
divide and conquer;1229461
software;839128
fastapi;1884879
pydantic;1884879
access control system;1156638
generic;1156638
remote procedure call;1156638
rpc;1156638
access control;1762882
distributed access control;1156638
decentralized access control;1156638
generic access control system;1156638
accesskontrollsystem;1156638
accesskontroll;1156638
generisk accesskontroll;1156638
generisk;1156638
spatial data managment;1885075
postgis;1885075
geojson;1885075
google cloud platform (gcp);1885075
hantering av rumslig data;1885075
embodied sculpting;916500
user experience evaluation;916500
haptic feedback;1887669,1894307
multimodal feedback;916500
depth-sensor-based interaction;916500
volume rendering;916500,1230526
digital crafting;916500
human-robot communication;158201
natural language user interfaces;158201
polycystic ovary syndrome;1887674
spårning;1887674
polycystiskt ovarialsyndrom;1887674
digital financial services (dfs);1788177
young adults;1788177
digitala finansiella tjänster (dfs);1788177
unga vuxna;1788177
user-centred design;1886980,1894302,1789092,1903663,350387
api dokumentation;1886980
energy literacy;1783232
energy consumption visualisation;1900417
energikunskap;1900417
visualisering av energiförbrukning;1900417
water;1749925
design toolkit;1820240
waterhci;1820240
soma design;1635520
research through design;1820240,1782874
vatten;1749925
designverktygslåda;1820240
interaktionsdesign;1804071
forskning via design;1820240
walk-in-place;1159190
kanban board;1710648
sticky notes;1710648
computer vison;1710648
opencv;953092
feature detection;1144192
feature matching;1710648
canny edges;1710648
contours;1710648
perspective transformation;1710648
text detection;1710648
kanbantavla;1710648
klisterlappar;1710648
funktionsdetektering;1710648
funktionsmatchning;1710648
cannykanter;1710648
konturer;1710648
perspektivförvandling;1710648
textigenkänning;1710648
rail defect detection;1728663
rail image classification;1728663
rail joints;1728663
järnvägsfeldetektering;1728663
järnvägsbildigenkänning;1728663
järnvägsskarvar;1728663
objectigenkänning;1728663
enterprise architecture smell (ea smell);1616670
enterprise architecture debt (ead);1616670
software architecture smell (sa smell);1616670
technical debt (td);1616670
verksamhetsarkitektursröta;1616670
verksamhetsarkitektursskuld;1616670
mjukvaruarkitektursröta;1616670
teknisk skuld;1616670
telecommunication;820956
diffusionsmodeller;1799731
anomalitetsdetektering;1804295
telekommunikation;1804295
fraud;1189805
virtualization;1704349
real-time applications;1704349
kvm;1058030
latence;1704349
hyperviseur;1704349
conteneur;1704349
applications en temps réel;1704349
planification;1704349
virtualisering;1704349
realtidsapplikationer;1704349
obfuscation detection;1727824
powershell;1727824
security operations center;1727824
obfuskeringsdetektion;1727824
maskinlärning;846714
plagiarism detection;1107323
sockpuppets;1107323
detecting;947287
finding;947287
synchronisation;947287,12177
desynchronisation;947287
out-of-sync;947287
problems;947287
issues;947287
bugs;947287
errors;947287
lockstep protocol;947287
multiplayer;947287
fuzzing;1800316
nondeterminism;947287
dynamic program analysis;947287
test automation;1609800
checksums;947287
suggestive image recognition;1595278
nsfw;1595278
förslag på bildigenkänning;1595278
convnets;853460
metastases;853460
brain tumor;853460
medical imaging;1905784
passive intermodulation (pim);1886977
signal distortion;1886977
radio communication systems;1886977
frequency-division duplexing (fdd);1886977
signal-to-noise ratio (snr);1886977
gaussian mixture estimation from weighted samples;1886977
time delay estimation (tde);1886977
passiv intermodulation (pim);1886977
signaldistorsion;1886977
radiokommunikationssystem;1886977
signal-brusförhållande (snr);1886977
tidsfördröjning;1886977
human detection;1141864
codeql;1800437
joern;1800437
prototype pollution;1800437
datorsäkerhet;1897044
prototypförorening;1800437
sårbarhetsdetektering;1800437
web api;1117695
scraping;1117695
web api content scraping;1117695
genetic programming;919823
attribute selection;919823
permutation test;919823
genetisk programmering;919823
atttribut;919823
relevansbestämning;919823
permutationstest;919823
penetrationtesting;1716144
threatmodeling;1716144
bluetoothlowenergy;1716144
firmware analysis;1716144
sakernasinternet;1716144
analys of fast programvara;1716144
baklängeskonstruktion;1716144
type systems;1268459
determinism;1268459
object capability model;1268459
lattices;1268459
small-step operational semantics;1268459
application portfolio management;1804793
apm;1804793
application portfolio rationalization;1804793
atlas copco;1804793
organisering av applikationsporfölj;1804793
rationalisering av applikationsportfölj;1804793
healthcare technology;1887673
legal compliance;1887673
medication label printing;1887673
patient safety;1887673
pediatric healthcare;1887673
web application;1609800
zebra printers;1887673
hälso- och sjukvårdsteknik;1887673
lagföljande;1887673
läkemedelsetiketter;1887673
patientsäkerhet;1887673
pediatrisk vård;1887673
zebraskrivare;1887673
cuba;1118816
enterprise architecture management;1118816
databas;1118816
kuba;1118816
eam;1118816
finite element head models;1875261
iterative closest point (icp) algorithm;1875261
principal  component analysis (pca);1875261
infant cranial sutures;1875261
suture morphology integration;1875261
finita element huvudmodeller;1875261
iterativ närmaste punkt (icp) algoritm;1875261
principkomponentanalys (pca);1875261
spädbarnskranialsuturer;1875261
integrering av suturmorfologi;1875261
rhythmic patterns;1904091
step sequencers;1904091
drum machines;1904091
euclidean rhythms;1904091
unpredictability;1904091
randomness;1904091
probability;1904091
music software;1904091
rytmiska mönster;1904091
stegsekvenserare;1904091
trummaskiner;1904091
euklidiska rytmer;1904091
oförutsägbarhet;1904091
slumpmässighet;1904091
sannolikhet;1904091
musikmjukvara;1904091
passwords;1667906
keyboard patterns;1667906
password memorability;1667906
hashcat;1667906
lösenord;1667906
tangentbords mönster;1667906
minnesvärdhet för lösenord;1667906
defect taxonomy;1617058
defect classification;1617058
small- and medium-sized enterprises;1617058
software defects;1617058
manual defect classification.;1617058
defekttaxonomi;1617058
defektklassifikation;1617058
små och medelstora företag;1617058
mjukvarufel;1617058
manuell defektklassificering.;1617058
bleeding-edge;1142432
walking meeting;1142432
non-intrusive technology;1142432
cloud solution;1142432
inter-process communication;1804919
data interchange format;1804919
interprocesskommunikation;1804919
dataöverföringsformat;1804919
utvärdering av prestanda;1804919
precharge;1913900
high voltage battery;1913900
buck converter;1913900
sic mosfet;1913900
electric vehicle;1913900
högspäningsbatteri;1913900
buck omvandlare;1913900
eldrivet fordon;1913900
web gui;1885512
model-view-controller;1885512
refactoring;1885512
user centered design;1885512
power controller;1885512
mc2600;1885512
m530b;1885512
m830b;1885512
communication protocols;1885512,865984
modbus;1885512
ydn23;1885512
webbaserat grafiskt användargränssnitt;1885512
modell-vy-kontroller;1885512
kodomstrukturering;1885512
kraftkontroller;1885512
wearable;1894751
jump test;1894751
inertial measurement unit;1894751
sports biomechanics;1894751
bärbar enhet;1894751
hopptest;1894751
idrottsbiomekanik;1894751
state of health;1853075
state of charge;1853075
machine learning techniques;1853075
battery cycler;1853075
battery aging;1853075
hälsotillstånd;1853075
laddningstillstånd;1853075
maskininlärningstekniker;1853075
battericykler;1853075
batteriåldrande;1853075
dna nanostructures;1943851
high-throughput screening;1943851
drug delivery;1943851
cellular uptake;1943851
candidate prediction system;1943851
nucleotide sequences;1943851
structural prediction;1943851
dna-nanostrukturer;1943851
högkapacitetsscreening;1943851
läkemedelsleverans;1943851
cellupptagningsförmåga;1943851
kandidatprediktionssystem;1943851
nukleotidsekvenser;1943851
funktionsutvinning;1943851
förutsägelse av struktur;1943851
shap;1770583
explainable ai;1912365
survival analysis;1770583
los;1770583
ed crowding;1770583
förklarbar ai;1912365
överlevnadsanalys;1770583
överbelastning på akuten;1770583
cdss;1230122
diagnosis;1230122
anamnesis;1230122
digital health;1230122
health care;1230122
primary health care;1230122
nb;1230122
mlp;787315
diffusion;440633,474296
video prediction and infilling;1726971
conditional generation;1726971
videoförutsägelse och ifyllnad;1726971
villkorad generation;1726971
human computer interaction;1599143,1812269
mobila applikationer;1597750
objectdetektion;1597750
affine transformation;473428,546842
image correspondence;473428
optic flow;472972
shape estimation;472972
stereo;473428
motion;473428,473627,466293,335153,465689,465018
texture;14329
disparity;472972
vergence;473428
invariance;473428,474298
deformation;473428
decomposition;1253472
singular value;473428
second moment matrix;473428
surface model;473428
enforced consistency;473428
visual front-end;473428,474284
direction;820704,816098
estimation;400051,858059
camera;953092
compass;820704
keypoint;820704,858059
feature;820704,1073549,473627,466293
bundle adjustment;820704,816098
slam;816098,955678
photon mapping;927475
k-nearest neighbors;927475
ellipsoid;927475
parallel;927475,956107
signed network;1536967
spectral analysis;1536967
social network;1536967
polarization;1536967
narrative visualization;1077056
think aloud method;1077056
programming;1133441,956107,1238890
plagiarism;1133441
cheating;1133441
programmering;1133441
plagiat;1133441
fusk;1133441
scale-space - visual front end - smoothing - gaussian filtering - gaussian derivative - discrete approximation - edge detection - junction detection - multiscale representation - computer vision - digital signal processing;473368
low-level processing;473362
gaussian filtering;473362
discrete smoothing;473362
descriptive elements;473362
scale detection;473362
image structure;473362,474296
focus-of-attention;473362
tuning low-level processing;473362
edge focusing;473362
histogram analysis;473362
junction classification;473362
perceptual grouping;473362
texture analysis;473362
critical points;473362
classification of blob events;473362
bifurcations;473362
drift velocity;473362,474298
density of local extrema;473362,473381
combinatorial testing;1062023
t-way test generation;1062023
t-way coverage;1062023
interaction strength;1062023
hamming distance;1062023
chi-square distance.;1062023
distributed algorithms;11131
group communication;11131
replication;11131
decentralized management;371527
engineering protocols;371527
distributed monitoring;371527
resource management;371527
tlm;807591
proxy;1774224
tap;807591
rust;1783235,1238890
ada;1885511
foreign function interface (ffi);1783235
memory safety;1783235
type safety;1783235
ownership;1783235
gränssnitt för främmande funktioner (ffi);1783235
minnessäkerhet;1783235
typsäkerhet;1783235
ägarskap;1783235
automatic speech recognition;1701482,1052229
ngram models;1701482
wav2vec2;1701482
taligenkänning;1701482,1894302,1589480
domänanpassning;1701482
språkmodeller;1704893
n-grammodeller;1701482
denial-of-service;811568
dos;945831
ddos;811568
domain dos;945831
domain-driven security;945831
polopoly;957381
atex;957381
content management system;957381
cms;957381
system;820956
computer system;957381
server system;957381
charging infrastructure planning;1912236,1912516
deep uncertainties;1912516
dynamic adaptive planning;1912516
route-based network effects;1912516
spatial decisions support;1912516
speech recognition;10780,926633,1894302,1117712,552336,1589480
low latency;10780
non-linear dynamics;10780
label;1073549
placement;1073549
moving;1073549
point feature;1073549
control system;1073549
map;1241492
aeroplane;1073549
greenit;1800443
energy measurement;1800443
ci/cd pipelines;1800443
energimätning;1800443
programvaruteknik;1800443
ci/cd-pipelines;1800443
dynamic algorithm;1554123
data structure;1554123
linear program;1554123
bipartite matching;1554123
shortest path;1554123
minimum cost flow;1554123
diameter;1554123
dynamic object removal;1803124
map creation;1803124
3d point cloud;1803124
dynamiska objekt borttagning;1803124
skapande av kartor;1803124
3d-punktmoln;1803124
artificial;1241492
intelligence;1241492,920840
machinelearning;1241492
machine-learning;1241492
multilayer-perceptron;1241492
rfb;1241492
rbf-network;1241492
vehicle;820956
autonomousvehicles;1241492
selfdriving;1241492
self-driving;1241492
self;1241492
driving;1241492
curve;1241492
speed;953092
adaptation;472972
adaption;1241492
csa;1145897
acc;1145897
adaptive;1241492,858059
cruise;1241492
control;1241492
style;1241492
driver;1241492
sample;1241492
samples;1241492
distance;1241492
derivative;1241492
velocity;1241492
road;1241492
inclination;1241492
lane;1241492
width;1241492,13522
type;1241492
acceleration;442088
longitudinal;1241492
lateral;1241492
data;1241492,812135,812135
training;1241492
test;1241492,865549
validation;1241492
results;1241492
discussion;1241492
ethics;1241492
ethical;1241492
sustainable;1241492
future;1241492
today;1241492
tomorrow;1241492
yesterday;1241492
systems;1241492,868833
class;1241492
classes;1241492
bin;1241492
bins;1241492
tree;1241492
one;1241492
a;1241492
using;1241492
delay;1241492
volvo;1241492
car;1241492,1108645
cars;1241492
corporation;1241492
zenuity;1241492
school;1241492
computer;1241492,7325
science;1241492
master;1241492
degree;1241492
project;1241492
thesis;1241492
paper;1241492
object;1241492
gps;1108645
length;1241492,1318061,13522
research;1241492
advanced;1241492
машинное;1241492
обучение;1241492
искусственный;1241492
интеллект;1241492
rbf;1241492
автомобиль;1241492
машына;1241492
сеть;1241492
робот;1241492
водитель;1241492
заворот;1241492
дорога;1241492
сам;1241492
сама;1241492
едет;1241492
ехать;1241492
учить;1241492
учит;1241492
учится;1241492
автоматизация;1241492
адаптация;1241492
результат;1241492
один;1241492
одна;1241492
одно;1241492
вчера;1241492
сегодня;1241492
завтра;1241492
дерево;1241492
карта;1241492
гпс;1241492
информатика;1241492
компьютер;1241492
наука;1241492
научная;1241492
работа;1241492
школа;1241492
вольво;1241492
завод;1241492
транспорт;1241492
artificiell;1241492
intelligens;1241492
inlärning;1241492
maskin;1241492
neurala;1241492
nätverk;1897043,1268555
artificiella;1241492
själv;1241492
självkörande;1241492
körande;1241492
bil;1241492,1108645
fordon;1241492
körstil;1241492
stil;1241492
beteende;1241492
kurva;1241492
lutning;1241492
väg;1241492
farthållare;1241492
hastighet;1241492
fart;1241492
hållare;1241492
körfält;1241492
fält;1241492
spår;1241492
bredd;1241492,13522
typ;1241492
longitudinell;1241492
traingin;1241492
resultat;1241492
diskussion;1241492
längd;1241492,13522
etik;1241492
etiskt;1241492
framtid;1241492
dåtid;1241492
idag;1241492
imorgon;1241492
klass;1241492
classer;1241492
klasser;1241492
träd;1241492
en;1241492
ett;1241492
fler;1241492
flera;1241492
använda;1241492
tid;1241492
fördröjning;1241492
tids;1241492
skola;1241492
dator;1241492
vetenskap;1241492
forkning;1241492
avancerad;1241492
projekt;1241492
exjobb;1241492
examensarbete;1241492
betyg;1241492
karta;1241492
short-term synaptic plasticity;1710394
neural codes;1710394
action potential;1710394
neuron firing rate;1710394
rate code;1710394
kort synaptiskt plasticitet;1710394
neurala koder;1710394
nervimpuls;1710394
impulsfrekvens för nervcell;1710394
frekvenskod;1710394
dynamical;868833
neuroscience;868833,1172550
computational;868833
biology;868833
modeling;1215836
connected vehicle;1710393
hacking;1778303
pentest;1710393
eavesdropping;1710393
tesla model 3;1710393
volvo xc40;1710393
mg marvel r;1710393
automotive cybersecurity;1710393
interception attacks;1710393
passive attacks;1710393
wireless attacks;1710393
wi-fi attacks;1710393
attack surface;1710393
relay attack;1710393
port scan;1710393
man-in-the-middle attack;1710393
uppkopplade fordon;1710393
avlyssning;1710393
fordonscybersäkerhet;1710393
avlyssningsattacker;1710393
passiva attacker;1710393
trådlösa attacker;1710393
wi-fi-attacker;1710393
attackyta;1710393
relä-attack;1710393
port-skanning;1710393
mannen-i-mitten attack;1710393
load balancing;1512016
sort-last;1230526
effective scale;473381
scale-space lifetime;473381
discrete smoothing transformations;473381
charging network placement optimization;1912516
planering av laddningsinfrastruktur;1912516
djupa osäkerheter;1912516
dynamisk adaptiv planering;1912516
transportruttbaserade nätverkseffekter;1912516
spatiala beslutsstöd;1912516
optimering av laddningsnätverksplacering;1912516
regression analysis;1511175
trajectory visualization;1835960
neurosurgical education;1835960
external ventricular drain placement;1835960
banvisualisering;1835960
neurokirurgisk utbildning;1835960
externt ventrikulär dräneringsplacering;1835960
communication efficiency;945087
air combat simulation;945087
feature engineering;945087,1597534,1121059
behaviour trees;1709018
hybrid dynamical systems;1709018
formal guarantees;1709018
autonomy;1709018
sampling;910695,1105743
apache flink;1149007
mesh models;1597882
general-purpose computing on graphics processing units (gpgpu);1597882
mesh-modeller;1597882
beräkningar på grafikprocessorer för generella användningsområden;1597882
high performance computing;827146,799271
intel;827146
haswell;827146
xeon phi;827146
knights corner;827146
burgers equation;827146
finite difference methods;827146
fdm;827146
ftcs;827146
simd;1912183
information management;1530904
prototype;820956
efficiency gains;939264
knowledge management;939264
management information system;939264
prototyp;939264
effektivisering;1909325
lu factorization;837145
digital signal processors;837145
texas instruments;837145
keystone architecture;837145
high-performance linpack;837145
software-pipelined loops;837145
direct memory access;837145
approximation algorithms;1719648
linear programming;1749284
allocation problems;791552
logging;1897030,1119313
windows;1897030
windows event log;1897030
system monitor (sysmon);1897030
audit policy;1897030
loggning;1897030
incidenthantering;1897030
windows eventlogg;1897030
drones;1885502
visual positioning;1119829
visual slam;1119829
electroglottography;1051854,945805
laryngography;1051854
egg;1051854
real-time feedback;1051854
contemporary commercial music;1051854
ccm;1051854
supercollider;945805
voice range profile;1051854,945805
vrp;1051854
elektroglottografi;1051854
laryngografi;1051854
realtidsfeedback;1051854
openid connect;1118878
oidc;1118878
electronic identification;1118878
eid;1118878
e-legitimation;1118878
e-leg;1118878
electronic mail;8449
user studies;8449
interface design;8449,1789092
field studies;8449
human information processing;8449
non-technical users;8449
managers;8449
archiving;8449
information retrieval.;8449
knowledge graph;1793707
dialogue system;1793707
electrical engineering;1793707
kunskapsbas;1793707
kunskapsgraf;1793707
dialogsystem;1793707
elektroteknik;1793707
utbildning;1599676
elevator control;811308
elevator;811308
control strategy;811308
elevator assignment;811154
esgc;811154
element queries;850230
elq;850230
web;1778279
css;850230
embedded devices;1164184
inbyggda system;1805112
embodied evolution;12636
evolutionary robotics;12636
shaping rewards;12636
meta-parameters;12636
hierarchical reinforcement learning;1136420
emergence;1783245
games;1882693
open-world level design;1783245
affordance;1783245
uppkomst;1783245
spel;1783245
öppen världsnivådesign;1783245
affordans;1783245
high-performance computing;1886756,1710487
airflow;1813762
elastic scaling;1813762
s3;1813762
emotion;1941305,774961
color;1941305,311490
generative art;1941305
touchdesigner;1941305
random forest regression;1941305
musik;1941305
känslor;1941305
färg;1941305
generativ konst;1941305
cyber;865549
scada;1868135
cysemol;838530
p2cysemol;865549
eaat;865549
abb;865549
tool;865549
empirical;865549
assessment;865549
turing;865549
employee churn;1711505
predictive modeling;1711505
deep-learning;1711505
data mining;1511175
binary classification;1711505
personalomsättning;1711505
avhoppsanalys;1711505
prediktiv modellering;1711505
datautvinning;1711505
binär klassificering;1711505
sarima;1263990
arbetsförmedlingen;1263990
swedish public employment service;1263990
cross-platform application;1246007
progressive web application;1702137
pwa;1246007
ueq;1246007
autonomic computing;310497
self-management;310497
meta-learning;1708093
enterprise liveo video streaming;1708093
autonomous vehicle navigation;1649271
formal methods in robotics and automation;1649271
human factors;1649271
human-in-the-loop;1649271
searchable encryption;1638066
cloud storage;1638066
privacy-enhancing;1638066
sökbar kryptering;1638066
molnlagring;1638066
integritetsförbättring;1638066
chatbots;1199249
sequence to sequence learning;1139496
conversation systems;1139496
end-to-end trainable;1139496
task-oriented chatbot;1139496
augumented reality;1887669
robot teleoperation;1887669
tactile sensor;1887669
robotteleoperation;1887669
haptisk återkoppling;1887669
taktil sensor;1887669
chatgpt;1887431
museum;1885513,1885513
tour guide;1885513
chattbot;1885513
rundtursguide;1885513
gaze estimation;1391030
occlusion items;1896236
data augmentation (da);1896236
deep learning (dl);1896236
machine learning (ml);1865596
computer vision(cv);1896236
artificial intelligence (ai);1896236
computer graphics (cg);1896236
computer-generated imagery (cgi);1896236
blickestimering;1896236
ögonspårning;1599676
blockeringsföremål;1896236
dataaugmentering (da);1896236
djupinlärning (dl);1896236
maskininlärning (ml);1865596
datorseende (cv);1896236
artificiell intelligens (ai);1896236
datorgrafik (cg);1896236
datorgenererade bilder (cgi);1896236
renderering;1896236
nanopore sensors;1886985
hyper-parameter optimization;1886985
nanoporsensorer;1886985
hyper-parameter-optimering;1886985
text-to-speech;1896241
proof-of-concept;1896241
low-resource language;1896241
norwegian;1896241
adult speech;1896241
child speech;1896241
matcha-tts;1896241
mean opinion score;1896241
worderror rate;1896241
data-driven iterative approach;1896241
text-till-tal;1896241
konceptbevis;1896241
resurssvagt språk;1896241
norska;1896241
vuxental;1896241
barntal;1896241
genomsnittligt omdömesbetyg;1896241
ordfelprocent;1896241
datadriven iterativ metod;1896241
multiparty computation;1591638
trusted execution envrionment;1801728
web advertising;1801728
private attribution reporting;1801728
flerpartsberäkning;1801728
pålitlig exekveringsmiljö;1801728
webannonsering;1801728
privat attributionsrapportering;1801728
node.js ix dataplane os qos;867903
api security;1903654
api management;1903654
web application firewall;1903654
api-säkerhet;1903654
api-hantering;1903654
webbapplikationsbrandvägg;1903654
sårbarhet;1903654
consumer value;1216455
dota 2;1216455
esports;1216455
mssc;1216455
perfa;1216455
value proposition;1216455
e-sport;1216455
värdeerbjudande;1216455
second screen apps;1886976
television;1886976
interactive tv;1886976
appar för en andra skärm;1886976
tv;1886976
interaktiv tv;1886976
risks;1655399
adversarial decision making;1655399
cognitive gap;1655399
public information;1655399
signaling game;1655399
decision making;11213
outlier detection;1068236
error detection;1712790
blood work;1708263
blood tests;1708263
felupptäckning;1708263
extremvärden;1708263
blodprov;1708263
software-dened networking;756406
update scheduling;724935
convolution;1885507
network branches;1138721
julia;1138721
mxnet;1138721
cpu.;1138721
3d-reconstruction;850599
monocular vision;850599
nearest neighbors;850599
kalman filter;850599
3d-rekonstruktion;850599
monokulärseende;850599
närmaste grannar;850599
kalman-filter;850599
poolability;1783648
transport networks;1783648
dimensionality reduction;1808715
raggruppabilità;1783648
reti di trasporto;1783648
riduzione della dimensionalità;1783648
poolbarhet;1783648
transportnätverk;1783648
dimensionsreduktion;1783648
fordonsdirigeringsproblem;1783648
communication costs;400051
design trade-offs;400051
estimation performance;400051
estimation qualities;400051
heterogeneous sensor networks;400051
high qualities;400051
localization systems;400051
low qualities;400051
optimal schedules;400051
processing delays;400051
sensor communications;400051
sensor scheduling;400051
stable time;400051
switching rules;400051
ultrasound sensors;400051
communication;820956,1789914
control theory;400051,1499285
heterogeneous networks;400051
kalman filters;400051
riccati equations;400051
sensor networks;400051
ring doorbell.;1751192
etiskt hackande;1751192,1612537
ring-dörrklockan.;1751192
iot camera;1632105
iot-kamera;1632105
penetrationstest;1612537,1701492
smart headphones;1749924
cyber security;1596039
etisk hackning;1794943
smarta hörlurar;1749924
ethical principles offensive cyber security training ethical hacking penetration testing privacy security training ethical guideline ethical framework;1548919
agile maturity models;1613209
scaled agile development;1613209
safe;1613209,1238890
process mining;1708140
agila mognads modeller;1613209
uppskalad agil utveckling;1613209
fasttext;1773382,1773382
keybert;1773382
web scraping;1773382
embeddings.;1773382
webbskrapning;1773382
transformatorer;1698451
inbäddningar.;1773382
behaviour tree;1640875
option critic;1640875,1640875
starcraft 2;1640875
hierarkiskt förstärkningsinlärning;1640875
beteendeträd;1837748
data warehouse;1108255
semiotic theory;1108255
syntactic quality;1108255
semantic quality;1108255
pragmatic quality;1108255
strategic decision making;1108255
quality framework;1108255
guiding principles;1108255
range queries;1214411
range query;1214411
spatial index;1214411
r*-tree;1214411
rstar-tree;1214411
r-tree;1214411
performance measure;1214411
comparative;1214411
quantative;1214411
emulation;1058030
gem5;1058030
matlab;1058030
multicore;1058030,947130
parsec;1058030
qemu;1058030
signal filtering;1058030
virtual platforms;1058030
signal processing;1801202,10785
radio;1835620
signalbehandling;1801202
hardware isolation;1752833
supply chain attacks;1752833
hre;1752833
intel sgx;1752833
ci;1752833
hårdvaruisolering;1752833
distributionskedjeattacker;1752833
web page classification;1611487
weighted average of outputs;1611487
webbsideklassificering;1611487
behandling av naturliga språk;1649674
textklassificering;1611487
viktat genomsnitt av resultat;1611487
explainable machine learning;1751350
attribution models;1751350
marketing automation;1751350
search engine optimization;1751350
a/b testing;1751350
definierad maskininlärning;1751350
attributionsmodeller;1751350
automatisering av marknadsföring;1751350
optimering av sökmotor;1751350
a/b-tester;1751350
ant system;1111660
traveling salesman problem;1111660
dynamic traveling salesman problem;1111660
2-opt local search;1111660
handelsresandeproblemet;1111660
dynamiska handelsresandeproblemet;1111660
qoe;1866091
ip;1866091
qos;11914
cdn;1866091
livestream;1866091
substation automation system;1801364
meta attack language;1710734
stationsautomationssystem;1801364
principles;823781
guidelines;823781
situation awareness oriented design;823781
dashboard;823781
word vectors;1254977
sport fishing;851477
recreational fishing;851477
fishing;851477
linear regression;1784229,1180843
sportfiske;851477
fiske;851477
abstractive text summarization;1783635,1257845
transformer architecture;1887426
resumes;1783635
abstrakt textsammanfattning;1783635
transformer-arkitektur;1783635
cv;1783635
location sharing;1856316
location privacy;1856316
smartphone;953092,1108645,1108645,798493
gtfs;1856316
location obfuscation;1856316
lppms;1856316
location privacy attacks;1856316
location inference attacks;1856316
platsdelning;1856316
smarta telefoner;1856316
dataintegritet;1856316
obfuskering;1856316
cu-tree;865774
hevc;865774,1189830,1189830
aqp;865774
codec;865774
mb-tree;865774
query optimizer;949758
postgresql;1098599
mariadb;949758
index selection;949758
title generation;1895800
human feedback;1895800
alignment;1895800
rubrikgenerering;1895800
mänsklig återkoppling;1895800
anpassning;1895800
clock frequency ratio estimator;1801387
real-time transport protocol;1801387
rtp;1801387
video distribution network;1801387
playout scheduling;1801387
clock skew;1801387
clock synchronization;1801387
uppskattning av klockfrekvensratio;1801387
distributionsnätverk för video;1801387
utspelningsschemaläggare;1801387
klockskevning;1801387
klocksynkronisering;1801387
natural language;1894752
natural language interface;926633
gamification;926633,1792997,1792997
indoor positioning system;1894320
positioning system;1894320
audio based indoor positioning system;1894320
trilateration;1894320
multilateration;1894320
cost effective;1894320
inomhuspositioneringssystem;1894320
positioneringssystem;1894320
ljudbaserad inomhuspositioneringssystem;1894320
kostnadseffektivit;1894320
development operations;1241606
interview study;1241606
qualitative study;1241606
intervjustudie;1241606
kvalitativ studie;1241606
on-premise;1896238
migration;1612613
under-förutsättning;1896238
cloud native;1587978
execution time;1587978
exekveringstid;1587978
börshandel;1587978
network processing;1584924
risc-v;1892789
packet processing;1584924
instruction set architecture;1892789
nätverksprocessorer;1584924
instruktionsuppsättnings arkitektur;1584924
öppen-källkod;1584924
processorer;1584924
sonification;1834208
rowing;465549
sculler;465549
sports;465549
shape learning;1148664
surface reconstruction;1148664
3d object modeling;1148664
probabilistic 3d reconstruction;1148664
probabilistic surface learning;1148664
gaussian process;1148664
gp;1148664
sparse gaussian process;1148664
sparse gp;1148664
gaussian process implicit surface;1148664
gpis;1148664
variational inference;1730521
perception learning;1148664
robotic perception;1148664
electronic control unit (ecu);865984
can calibration protocol (ccp);865984
data acquisition (daq);865984
styrenhet (ecu);865984
dynamic pr-tree;1847463
query performance evaluation;1847463
dynamiskt pr-träd;1847463
prestandautvärdering;1793389
neural network pruning;1851707
embedded machine learning;1851707
iot applications;1851707
beskärning av neurala nätverk;1851707
inbyggd maskininlärning;1851707
iot-applikationer;1851707
modellkomprimering;1851707
progressve web applications;1668630
memory usage;1668630
progressiva webapplikationer;1668630
prestationsutvärdering;1668630
minnesanvändning;1231573
microservice architectures;1708704
design patterns;806620,1778301
mikrotjänstarkitekturer;1708704
designmönster;1708704,1778301
geoai;1894079
unet;1233056
sentinel-2;1894079
burned area detection;1894079
swedish boreal forests;1894079
detektion av brända områden;1894079
svenska boreala skogar;1894079
acceptance testing;935212
regression testing;935212
acceptanstestning;935212
regressionstestning;935212
single-page applikation;935212
brain mapping;339453
cerebral activation;339453
tactile;339453
video stabilisation;1229350
capillaroscopy;1229350
cbv;1229350
videostabilisering;1229350
kapilläroskopi;1229350
simulering;1702211,1597397
complex services;760258
cryptographic key;760258
formalization;760258
online social networks;1046856
p2p applications;760258
p2p system;760258
protocol design;760258
user coordination mechanisms;760258
user;760258
hebbian learning;1837768
neural architecture search;1896706
evolutionary algorithms;1896706
hebbsk inlärning;1896706
neural arkitektursökning;1896706
evolutionära algoritmer;1896706
neurala faltningsnätverk;1149096
evolvable systems;418524
modularity;1292782
distributed control;418524
femtech;1773814,1773814
data privacy;909470
feminist hci;1773814
data feminism;1773814,1773814
menstruation;1773814,1773814
fertility;1773814
tillit;1834195
feministisk människadatorinteraktion;1773814
fertilitet;1773814
stock prognosis;927359
stock analysis;927359
aktieprognoser;927359
aktieanalys;927359
mlaas;1303137
microsoft;1303137
google;1303137
deepai;1303137
aylien;1303137
video analysis;1144192
transcription;1303137
summarisation;1303137
word error rate;1303137,1303137
bleu;1303137
videoanalys;1303137
transkribering;1303137
översättning;1303137
sammanfattning;1303137
network science;1105743
kth domain;1105743
scale-free;1105743,927079
small-world;1105743
community structure;1105743
packet order;1645537
packet interleaving;1645537
temporal and spatial locality;1645537
paketordning;1645537
paketinterfoliering;1645537
temporal och rumslig lokalitet;1645537
graphics;1241557
spp;1241557
path tracing;1241557
netwok science;927079
www;927079
java pathfinder;1503549
trace compass;1503549
trace analysis;1503549
trace visualization;1503549
concurrent programming;1228223
software model checking;1228223
impermanence;974491
incompleteness;974491
imperfection;974491
wabi-sabi;974491
materiality;974491
design practice;974491
explainable deep learning;1588230
xai;1588230
market surveillance;1710635
förklarbar djupinlärning;1588230
marknadsövervakning;1710635
data science;1894795,846386
social sustainability;1894795
perceived public safety;1894795
linköping;1894795
social hållbarhet;1894795
trygghet;1894795
explainable artificial intelligence;1932434
explainable reinforcement learning;1712183
mobile network optimization;1932434
telecommunications;1932434
explainability;1649630
remote electrical tilt optimization.;1712183
förklarbarhet;1649630
förklarbar förstärkningsinlärning;1712183
optimering av fjärrlutning.;1712183
rule extraction;1912365
counterfactual instances;1912365
bayes’ rule;1912365
fuzzy labeling.;1912365
regelextraktion;1912365
kontrafaktiska instanser;1912365
bayes regel;1912365
fuzzy-etikettering.;1912365
self-organizing map;1612563
protein conformation;1612563
cancer mutations;1612563
självorganiserande karta;1612563
proteinstruktur;1612563
cancermutationer;1612563
hand tracking;1783246,1885306
teleportation;1783246
förflyttning;1783246
handspårning;1783246,1885306
teleportering;1783246
bioinformatics;1603832
genomics;1603832
whole genome sequencing;1603832
non-codingdna;1603832
deepsea;1603832
dnabert;1603832
danq;1603832
biomedical science;1603832
computational biology;1603832
auroc;1603832
auprc;1603832
datavetenskap;7325
bioinformatik;1603832
genomik;1603832
helgenomsekvensering;1603832
icke-kod dna;1603832
biomedicinsk vetenskap;1603832
beräkningsbiologi;1603832
electronic judging system;1712819
tennis;1712819
electronic line calling;1712819
esperienza utente;1712819
arbitraggio elettronico;1712819
chiamata di linea automatizzata;1712819
elektroniskt domarsystem;1712819
elektroniskt linjedomslut;1712819
optical character recognition;1712790
invoice;1797628
maskininläsning;1712790
optisk teckenläsning;1712790
faktura;1712790,1797628
automatic doors;1894302
automatiska dörrar;1894302
automated database querying;1887425
text-to-sql;1895801
naturling språkbehandling;1887425
stora språkmodeller;1895801
automatiserad databassökning;1887425
text-till-sql;1895801
occupancy prediction;1899003
pretrained foundation model;1899003
time-seriesanalysis;1899003
beläggningsgradsanalys;1899003
förtränade fundamentmodeller;1899003
självövervakad inlärnig;1899003
tidsserieanalys;1899003
data transfer;1880005
streaming platforms;1880005
dataöverföring;1880005
streamingplattformar;1880005
multi-user virtual reality;1813692
creativity;1813692
remote collaboration;1813692
idea generation;1813692
challenges;1813692
multi-användar-virtuell verklighet;1813692
kreativitet;1813692
fjärrsamarbete;1813692
idégenerering;1813692
utmaningar;1813692
attack graphs;1710734
threat analysis;1811242
attackgrafer;1811242
hotanalys;1811242
object-oriented programming;1887664
elixir;1887664
macros;1887664
programming paradigms;1228211
objektorienterad programmering;1887664
makro;1887664
programmeringsparadigm;1887664
topic modeling;1118834
nmf;1118031
nonnegative matrix factorization;1118031
earnings call;1118031
transcript;1118031
risk;1118031
apt;1118031
factor model;1118031
gics;1118031
global industry classification standard;1118031
msci;1118031
industry;1118031
portfolio management;1118031
stock market;1118031,1121353
equities;1118031
albert;1649674
arms transfers;1649674
vapenaffärer;1649674
answer phrase extraction;1706617
question generation;1857391
reading comprehension;1706617
extrahering av svarsfraser;1706617
frågegenerering;1857391
läsförståelse;1706617
diagnosis code assignment;1616648
hierarchical training;1616648
transformer model;1616648
snomed ct;1616648
icd-9;1616648
mimic-iii;1616648
diagnoskodstilldelning;1616648
hierarkisk träning;1616648
transformermodell;1616648
curve speed adaptation;1145897
adaptive cruise control;1896239
curve driving;1145897
driving mode;1145897
driving behaviour;1145897
road properties;1145897
learning analytics;1844579,1649695
learning analytics dashboard;1844579
goal achievement;1844579
higher education;1844579,1649695
self-regulated learning;1844579
målprestation;1844579
högre utbildning;1844579
självreglerad inlärning;1844579
video consumption;1887666
video on demand;1887666
videokonsumtion;1887666
strömningstjänster;1887666
video på begäran;1887666
nft;1778261
djup lärning;1801202
spam detection;1793005
mass-produced spam;1793005
global adult online services;1793005
detektering av spam;1793005
massproducerad spam;1793005
globala webbplatser som erbjuder eskorttjänster;1793005
concurrent static analysis;1121249
ifds algorithm;1121249
reactive async;1121249
radar warning receiver;1239780,1278712
feature store;1931137
mlops;1801362
processing;1700081
merchant;1700081
acquirer;1700081
customer;1700081
demand pricing;1700081
dynamic pricing;1700081
profitability;1700081
adaboost;1700081,1217917,1217917
k-nearest neighbour;1700081
stochastic gradient descent;1700081
decision trees;1307122
signature;1192164
hmm;1192164
online;1192164
hidden markov model;953677
whiteboard;1192164
wall;1192164
wallrite;1192164
hand written;1192164
written;1192164
normalized derivative;453064,473389,472978
corner detection;453064,546842
frequency estimation;453064
feature augmentation;1161950
simclr;1702325
partial sleep deprivation;1702325
wavelet transform;1702325
självövervakad inlärning;1837718
delvis sömndeprivering;1702325
eye-tracking;1705258
clustering analysis;1705258
parkinsonssjukdom;1705258
sentiments;1241148
language technology;1241148
news;1241148
titles;1241148,1710603
swedish;947155
sentimentanalys;1885510
sentiment;1241148
artificiella neuronnät;1241148,1108645
nyheter;1241148
nyhetsrubriker;1241148
blob;473627,466293,441212,465018
corner;473627,466293
similarity;473627,466293
lstmautoencoder;1710635
anomaliupptäckande;1710635
open data;1839998
open justice;1839998
gender-based violence;1839998
feminist artificial inteligence;1839998
filesystem;1757514
fejk filesystem;1757514
cloud-based filesystem;1757514
steganograhpic filesystem;1757514
filsystem;1897044
molnbaserat filsystem;1757514
steganografiskt filsystem;1757514
file system;1897044
separation kernel;675835
security kernels;1897044
separationskärna;1897044
säkerhetskärnor;1897044
implicit citations;855986
citation context;855986
citations;855986
belief propagation;855986
citation network;847503
graph mining;847503
seminal;847503
centrality;847503,1152429
girvan-newman;931846
rosvall-bergstrom;931846
homogeneity;931846
heterogeneity;931846
transformed-based pre-trained language models;1708538
conditional text generation;1708538
english language learning.;1708538
transformbaserade förtränade språkmodeller;1708538
naturlig språkgenerering;1708538
betingad textgenerering;1708538
instruktionsjustering;1708538
engelska inlärning.;1708538
affine;440633,465018
enhancement;338874
fingerprint;338874
surface orientation;338874
cues;338874
text entry;916470
blindness;916470
touchscreens;916470
multi-touch interaction;916470
chording;916470
gestures;1499133
touch evaluation.;916470
metadata;412088,369527,359423,359445
rdf;369527
semantic web;13577
metadata editors;412088
metadata authoring;412088
imitation learning;1241848
quadrotor;1241848
quadcopter;1241848
multicopter;1241848
multirotor;1241848
mav;872111
dagger;1241848
dynamics;1241848
physical dynamics;1241848
kvadrotor;1241848
multikopter;1241848
time series prediction;1270634,1702211
svr;1270634
arima;1270634
origin destination matrices;1256744
forecast;1118354,1121353
courier companies;1256744
foreground detection;1067587
background removal;1067587
real-time image processing;1067587
automotive;1613886,957404
formal;957386
specification;957386,7202
formal verification nusmv javapathfinder spin/promela ctl ltl dma uart model checking theorem proving;1114579
formal verication;675835
information flow security;675835,1368718
peripheral devices;968761
dma;968761
separation;762165,13522,13522,311490
user mode execu- tion;762165
formal hardware/software co-verification;762165
security patterns;1592510
threat models;1618367
defense mechanisms;1618367
structural defenses;1618367
säkerhetsmönster;1618367
hotmodeller;1618367
försvarsmekanismer;1618367
strukturella försvar;1618367
system design languages;1605134
synthesis;1605134
systemdesignspråk;1605134
modellering;1215836
syntes;1605134
cyberfysiska system;1605134
fovea;474284
retina;474284
receptive field;440633
log-polar mapping;474284
resolution;1292782,13522,13522,1094244
field programmable gate array;1726972
embedded linux;1726972
nätverksarbete;1726972
inbyggd linux;1726972
sprzętowa akceleracja;1726972
sieci internetowe;1726972
wbudowany system linux;1726972
intrigue sketch;576098
narrative;576098
organized cybercrime;576098
persona;576098
unsupervised machine learning;1217521
anomali detektering;1217521
bedrägeri detektering;1217521
oövervakad maskininlärning;1217521
dublin core;369527
ieee lom;369527
standardization;369527
speech;1650791
tongue;1263534
electromagnetic articulography;1263534
biomechanics;1263534
fuel economy;782989
image matching;782989
inference engines;782989
intelligent vehicle highway systems;782989
vehicles;782989
reactive programming;1228211
programming patterns;1228211
attacks;1815072
ethereum;1908608
solana;1815072
corda;1815072
oracle;1815072
attacker;1815072
orakel;1815072
sense of community;1792997
engagement;1792997
känslan av gemenskap;1792997
engagemang;1792997
sociala medier;1792997,1789914
computer science machine learning gan chat bot;1452195
unsupervised image-to-image translation;1243039
rss;1255833
gaussian-process;1255833
mobile robotics;1255833
indoor radio source;1255833
driving simulator;1896239
game engine;1212575
traﬀic simulation;1896239
testing methodologies;1896239
waymo open dataset;1896239
traﬀicgeneration;1896239
adaptiv farthållare;1896239
körsimulator;1896239
spelmotor;1896239
trafiksimulering;1896239
testmetoder;1896239
trafikgenerering;1896239
gwas;799271
gene-environment interaction;799271
interaction;799271,824292,931547
scale-space axioms;440633
non-enhancement of local extrema;440633
causality;440633,474296
scale invariance;1144192
gaussian kernel;440633
spatio-temporal;1144192
spatial;1144192
temporal;1144192
time-recursive;440633
geographic;849697
heatmap;849697
point region;849697
point-region;849697
window query;849697
värmekarta;849697
fönsterförfrågning;849697
geografisk;849697
cognitive human-robot interaction;448466
generating configuration files;1692943
codex;1692943
transformer-modeller;1692943
generera konfigurationsfiler;1692943
iec 61850;1553545
substation;1553545
threat modeling language;1553545
system configuration description language;1553545
grammatical framework;1751205
computational linguistics;1751205
beräkningslingvistik;1751205
textgenerering;1640134
computer sicence;8255
management;820956
effects-based operations;14513
command support;14513
decision support;14513
georeferencing;1573400
coordinate transformations;1573400
piste maps;1573400
geografiska referenspunkter;1573400
positionering;1573400
koordinattransformationer;1573400
pistkartor;1573400
location-based social networks;804946
temporal scale;804946
user similarity;804946
geographic information systems;1231251
global positioning system;1231251
mobile augmented reality;1231251
embedding and representation learning;1636088
algorithms evaluation;1636088
geomca;1636088
open-source security;1908608
software supply chain;1903823,1823042
attack vectors;1908608
reproducible builds;1908608,1908608
blockchain systems security;1908608
geth.;1908608
säkerhet av öppen källkod;1908608
programvaras leveranskedja;1908608
blockchainsäkerhet;1908608
context aware;415955
context-aware;415955
personalized services;415955
multimodal;1787725
contrastive learning;1856441
stateful protocol;1803135
gradient oriented;1803135
spatio-temporal data mining;804991
congestion prediction;804991
lbs;804991
intelligent transport systems;804991
gpu acceleration;1886756
triple tensor decomposition;1886756
computational fluid dynamics;1614202,1710487
gpu-acceleration;1886756
högpresterande databehandling;1886756
trippel tensor-dekomponering;1886756
beräkningsströmningsdynamik;1614202,1710487
dominators;11683
equivalence checking;11683
graph kernel;1129224
big data tuning;1129224
grey-box;1274745
distributed parameter system;1274745
partial differential equations;1274745
chemical reactions;1274745
finite element method;971288
fem;1274745
hybridmodell;1274745
distribuerade parametersystem;1274745
partiella differentialekvationer;1274745
kemiska reaktioner;1274745
finita elementmetoden;1274745
neuronnätverk;1274745
occupancy grid mapping;852457
sensor fusion;1164171,1108645,1155019
dempster-shafer;852457
obstacle detection;852457
heterogeneous parallelism;1886363
sprite generation;1853314
image generation;1853314,1239446
2d-karaktärsprites generation;1853314
bildgeneration;1853314
home alarm system;1600180
hemlarmsystem;1600180
conflict-free replicated data types;938613
local-first;1709127
mobile;1793389
self-play;1887934
självspelande;1887934
spelteori;1906601
vibrotactile;1181154
simultaneous multitype information;1181154
virtual space;1181154
head-mounted device;1181154
vibrotaktil;1181154
simultana informationsflöden;1181154
virtuell rymd;1181154
huvudmonterade enheter;1181154
hardness of approximation;1755212
label cover;1755212,817263
vertex cover;1755212
unique games conjecture;1755212
max-3-lin;1755212
universal factor graphs;1755212
regular constraint satisfaction problems;1755212
inapproximerbarhet;1755212
approximationsalgoritm;1755212
universell faktorgraf;1755212
regelbundna begränsningsproblem;1755212
inapproximability;1229467
hardness;817263
probabilistically checkable proofs;817263
boolean constraint satisfaction problem;817263
csp;1062024
graph coloring;817263
hypergraph coloring;817263
direct sum;817263
superposition;817263
complexity theory;1233107
minimum circuit size problem;1233107
energy harvesting;1875521
wireless peripherals;1144240
kinetic energy;1144240
low power;1144240,1875521
smart home;1144240,1500879
hardware-in-the-loop simulation;1678555
pumping stations;1678555
pump controller;1678555
hardware-in-the-loop simulering;1678555
pumpstationer;1678555
pumpstyrning;1678555
medical data;1801202
heart rate estimation;1801202,1118216
wrist photoplethysmography;1801202
medicinska data;1801202
pulsuppskattning;1801202
handledsfotopletysmograf;1801202
hierarchical clustering;1292782
attractor network;1805224
recurrent neural network;1805224,1119205,1188541
brain-like computing;1837768
hierarkisk klustring;1805224
anlockningsnätverk;1805224
återkommande neurala nätverk;1805224
hjärnliknande databehandling;1805224
hierarchical fusion;1787725
context modeling;1787725
attention mechanism;1787725
feature-level fusion;1787725
decision-level fusion;1787725
hierarkisk fusion;1787725
kontextmodellering;1787725
uppmärksamhetsmekanism;1787725
funktionssammanfogning på nivån för egenskaper;1787725
beslutsnivås-funktionssammanfogning;1787725
voice;465324
high-frequency;465324
auditory masking;465324
piriform sinuses;465324
critical bands;465324
long-time average spectrum;465324
crowds;1118766
high density;1118766
groups;1118766
unilateral;1118766
lcp;1118766
swirl;1118766
streamline;1118766
radiation therapy;1853280
numerical linear algebra;1853280
interior point methods;1853280
magiian;1885904
kbsc;1885904
mkbsc;1885904
higher-order knowledge;1885904
surely-winning strategies;1885904
högre ordningens kunskap;1885904
garanterat vinnande strategier;1885904
diffusion model;1836833
traffic forecasting;1853540
spatial temporal modelling;1836833
diffusionsmodell;1836833
trafikprognos;1853540
generativ modell;1642320
rumsligtemporal modellering;1836833
program logics;1469213
binary analysis;1755837
homography;1238488
predicting housing prices;1597534
boosting;1597534
data cleansing;1597534
5foldcrossvalidation.;1597534
vr;824292
controls;824292
immersion;824292
presence;1886755
guideline;1149047
framework analysis;824292
s&p 500;1885506
ml-models;1885506
polynomial regression;1885506
ml-modeller;1885506
polynomregression;1885506
beslutsträd;1885506
bipolar disorder;1212987
depression;1212987
it forensics;1746022
it defense;1746022
risk assessment;1746022,1701846
opensource;1746022
volatility;1746022
it forensik;1746022
it försvar;1746022
risk-bedömning;1746022
human-drone interactions;1834195
failures;1834195
risk-taking;1834195
människodrönarinteraktioner;1834195
misslyckanden;1834195
risktagning;1834195
enkät;1834195
cognitive modelling;1818
representation of space;1818
monolithic;1737742
staggered;1737742
fracture;1737742
computer graphis;1713353
rasterization;1713353
strategy games;1713353
strålspårning;1795315
rastrering;1713353
strategispel;1713353
hydraulic erosion;1646074
3d erosion;1646074
erosion;1646074,1646074
vatten erosion;1646074
security ehr electronic health record hospital computer network static dynamic manual analysis;1037679
abstraction;1853056
tla;1853056
modellkontroll;1853056
deduktiv verifikation;1853056
abstraktion;1853056
industrial cyber security forensics;1707216
programmable logic controller;1707216
forensic analysis;1707216
artefacts;1707216
forensic readiness;1707216
industriell cybersäkerhet forensik;1707216
programmerbar logikkontroller;1707216
forensik analys;1707216
artefakter;1707216
forensisk mogenhet;1707216
dyslexia;955646
social networks;1152429,1238860,812449,1093416
graph theory;1152429
influence maximization;1152429
mmo;1152429
b2b;1901072
industrial marketing;1118107
pu-learning;1118107
fault identification;1600278
transformatorbaserade modeller;1600278
felidentifiering;1600278
topic model;953765
image dating;953765
immutability;1150007
empirical study;1150007
class imbalance;1900560
lightgbm;1900560
hyperparameter optimisation;1900560
minority class prediction;1900560
desequilibri de classes;1900560
optimització d’hiperparàmetres;1900560
aprenentatge automàtic;1900560
predicció de classe minoritària;1900560
klassobalans;1900560
hyperparameteroptimering;1900560
förutsägelse av minoritetsklass;1900560
desequilibrio de clases;1900560
optimización de hiperparámetros;1900560
aprendizaje automático;1900560,1870945
predicción de clase minoritaria;1900560
authentication;1112039,949971
authorization;1762882,949971
microservice security;1592510
security tokens;1592510
autentisering;1592510,949971
auktorisering;1592510,949971
åtkomstkontroll;1592510
mikrotjänstsäkerhet;1592510
säkerhetstokens;1592510
säkerhetsdesignmönster;1592510
collaborative-filtering;811049
netflix prize;811049
formal methods;1265405,1847464
bounded model checking;1592825
stateflow;1592825
sldv;1592825
formella metoder;1592825,1847464
begränsad modellprovning;1592825
resursbegränsade system;1142220
parallelism;1912183
telecom;1142220
decentralized finance;1853109
fund;1853109
crypto;1853109
crypto currency;1853109
recalibration;1853109
finance;1885510
decentraliserad finans;1853109
fond;1853109
krypto;1853109
krypto valutor;1853109
rekalibrering;1853109
finans;1885510
bolt detection;1811287
visual-inertial localization;1811287
system-on-chip (soc);1811287
field-programmable gate array (fpga);1811287
perspective-n-points;1811287
error-state extended kalman filter (esekf);1811287
high-level synthesis (hls);1811287
tightening tool;1811287
bultdetektering;1811287
visuell-tröghetslokalisering;1811287
åtdragningsverktyg;1811287
zero trust;1897728
perimeter security;1897728
hybrid cloud;1897728
legacy devices;1897728
nolltillitsmodellen;1897728
skalskyddssäkerhet;1897728
hybridmoln;1897728
föråldrade enheter;1897728
spdt;1220512
streaming parallel decision trees;1220512
chromatic number;675836
k-colorable graphs;675836
np-hard;675836
max-cut;1229467
2-lin(2);1229467
np;1229467
unique games;1229467
multiple choice question;1725006
student generated questions;1725006
interface evaluation;1725006
ripple;1725006
peerwise;1725006
mycleverquestion;1725006
aktivt lärande;1725006
flervalsfrågor;1725006
studentgenererade frågor;1725006
användargränssnittsutformning;1725006
gränssnittsutvärdering;1725006
self-training;1697686
few-shot learning;1697686
identifiering av namngivna entiteter;1697686
datautökning;1697686
självträning;1697686
fåförsöksinlärning;1697686
speech-to-text;1783239
accents;1783239
wav2vec;1783239,1783239
tal-till-text;1783239
brytningar;1783239
informationssökning;1697653,1237438
control barrier functions;1837748
verhaltensbäume;1837748
verstärkendes lernen;1837748
kontrollbarrierefunktionen;1837748
künstliche intelligenz;1837748
kontrollbarriärfunktioner;1837748
ocr;1668626
thresholding;1108666,1108666
k-means;898710
otsu;1108666
monocular;1252502
depth estimation;1252502
narrow field of view;1252502
rgb;1252502
rgbd;1252502
noicy depth;1252502
dense depth;1252502
narrow depth;1252502
sparse depth;1252502
autonomous soaring;1610792
cooperative soaring;1610792
content-based method;1192855
hierarchical classification;1192855,1158218
food recipes;1192855
självkörande fordon;1750932
överföringsinlärning;1750932
light detection and ranging;1868218
multi-task network;1868218
automatic parallelization;1256056
polybench;1256056
npb;1256056
icc;311490
cetus;1256056
autopar;1256056
tc optimizing compiler;1256056
pluto;1256056
builds systems;1600995
distribuerade system;1773921,1093416
bygger system;1600995
kontinuerlig integration;1897046
pre-training and fine-tuning;1913441
joint-learning;1913441
självledd inlärning;1913441
tidsserieklassificering;1913441
förträning och finjustering;1913441
femensamt lärande;1913441
automated verification;1801578
contract inference.;1801578
automatiserad verifiering;1801578
kontraktgenerering.;1801578
web development;1789092
bioinformatics pipelines;1789092
precision medicine;1789092
vqa;1649630
grad-cam;1649630
samspel människa-robot;1649630
malware analysis;1678561
malicious pdf;1678561
malware detection;1678561
evasion;1678561
analys av skadlig programvara;1678561
skadlig pdf;1678561
detektion av skadlig programvara;1678561
undanflykt;1678561
unsupervised speech learning;1117712
unsupervised acoustic modelling;1117712
siamese networks;1117712
linear networks;1117712
speech embeddings;1117712
double-spending;1051879
forks;1051879
test improvement;1685851
property-based testing;1685851
invariant detection;1685851
mjukvarukonstruktion;1685851
testförbättring;1685851
egenskapsbaserad testning;1685851
invariantdetektion;1685851
incremental learning;274519
specification based testing;435171
index;1014931
knowledge discovery in databases;1014931
lucene.net;1014931
inverted index;1014931
data utvinning;1014931
kunskaps upptäckelse i databaser;1014931
inverterad index;1014931
gaussian processes;866153,864254
latency prediction;1143261
buffer queue times;1143261
non-parametric models;1143261
direct market access;1143261
trading systems;1143261
microstructure market data;1143261
dynamic software optimisation;1143261
state machines;459653
regular inference;459653
integration;459653
components;459653
face threatening acts;1539659
multi-modal perception;1539659
persuasiveness;1539659
politeness;1539659
small group behavior;1539659
daily lives;1539659
face to face;1539659
human agent interactions;1539659
virtual agent;1539659
intelligent virtual agents;1539659
behandling av naturligt språk;1797628
informationsutvinning;1797628
grafiska neurala nätverk;1797628
recipe;949753
information centric networking;1118874
content centric networking;1118874
disaster scenarios;1118874
mapping;1606032,858059
runtime monitoring;1062024
policy enforcement;606487
tree automata;606487
monitor inlining;606487
certification;606487
teleoperation;275298
human motion models;277854
gesture generation;1663462
piping systems;1663462
neural-networks;1663462
pipeline systems;1663462
research applications;1663462
research communities;1663462
simple system;1663462
single models;1663462
state of the art;1663462
system level pipelines;1663462
text to speech;1663462
water pipelines;1663462
database integration;1885511
real-time systems;1885511
communication technology;1885511
defense systems;1885511
datenbank integration;1885511
echtzeitsysteme;1885511
kommunikationstechnik;1885511
verteidigungssysteme;1885511
databas integration;1885511
realtidssystem;1885511
kommunikationsteknik;1885511
försvarssystem;1885511
vulnerability scanner;840439
multi-robot systems;322861
human-machine collaboration;11710
virtual fixture;11710
detector;862394,1241818
descriptor;862394,1241818
ir-image;862394
computing methodologies ! ray tracing;1612584
information systems ! data access methods;1612584
hierarchical data models;1612584
beräkningsmetoder ! strålspårning;1612584
informationssystem ! dataåtkomstmetoder;1612584
hierarkiska datamodeller;1612584
internet of logistics;1530904
shift2rail;1530904
media;1112935
over the top television;1112935
connected tv;1112935
video recommendations;1112935
smart things;1112935
unreliable heterogeneous communicating systems;274519
fast-spiking interneurons;1087783
network oscillations;1087783
medium spiny neurons;1087783
gabaergic transmission;1087783
corticostriatal interactions;1087783
sign language interpretation;1687996
video coding;1189830
video compression;1189830
intra-prediction;1189830
fcn;1189830,1189830
fully connected networks;1189830
videokodning;1189830,1788172
videokomprimering;1189830
intra-prediktion;1189830
function as a service;1692921
molnet;1692921
monolitisk;1692921
belastningstesning;1692921
prophet;1886718
neuralprophet;1886718
workload prediction;1886718
time seriesforecasting;1886718
långt korttidsminne;1886718
slumpmässig skog;1886718
förutsägelse av arbetsbelastningtidsserieförutsägelse;1886718
multi-objective reinforcement learning;1749930
radio resource scheduling;1749930
deep q-networks;1749930
single-policy;1749930
multi-policy;1749930
scalarization.;1749930
flermåls förstärkningsinlärning;1749930
radio resurs schemaläggning;1749930
djupa q-nätverk;1749930
enskilt mål;1749930
flermål;1749930
search algorithm;1710603
bm25;1710603
short documents;1710603
title search;1710603
sökmotor;1710603
sökalgoritm;1710603
korta dokument;1710603
titlar;1710603
titelsökning;1710603
unsupervised;946538,1146710
centroid based;943470
text clustering;943470
limited data;943470
email clustering;943470
lsa;943470
svd;943470
the gap statistic;943470
lloyd's algorithm;943470
multilingual-t5;1602172
transformatormodeller;1602172
frågeställning;1602172
naturlig språkbehandling.;1602172
nin network in convolutional investigating neural artificial computer vision;927067
security tools;1597972
upptäcka intrång;1597972
säkerhetsverktyg;1597972
web applications;1230123
restricted boltzmann machine;953677
machine learning unit test software defect prediction continuous integration;1239808
segment;1233056
satellite imagery analysis;1233056
generative adversarial network;1155106
vehicle detection;1233056
connected component;1233056
weighted loss;1233056
event stream processing;1773921
data management;1773921
eventströmshantering;1773921
data hantering;1773921
alzheimer's disease;1217973
mild cognitive impairment;1217973
microbiota;1217973
gut flora;1217973
bile acids;1217973
adni;1217973
metabolomics;1217973
alzheimers sjukdom;1217973
mild kognitiv störning;1217973
tarmflora;1217973
gallsyra;1217973
structural conditions;1700117
fleragentsspel;1700117
ofullständig information;1700117
strategisyntes;1700117
strukturella villkor;1700117
sustainability impact assessment;1789912
start-ups;1789912
impact investing;1789912
konsekvensbedömning av hållbarhet;1789912
nystartade företag;1789912
investeringar med påverkan;1789912
dataintrång;1778303
iterated prisoner’s dilemma (ipd);1906601
noise;1797607
number of rounds;1906601
zero-deterministic strategies;1906601
iterativt prisoner’s dilemma (ipd);1906601
antal omgångar;1906601
zero-deterministiska strategier;1906601
java program repair;1656591
roberta;1656591
neural machine translation architecture;1656591
reparation av java­program;1656591
neural maskinöversättningsarkitektu;1656591
junction localization;473389
orchestration;1333347
audit log;1799790
tamper-evident;1799790
granskningslogg;1799790
manipuleringsupptäckbarhet;1799790
merkle träd;1799790
toxic text;1704893
aktiv inlärning;1704893
svenska;1704893
transformer nätverk;1704893
toxisk text;1704893
collaborative robots;1903663
laboratory automation;1903663
teaching robots;1903663
robot interfaces;1903663
människa-robot-interaktion;1903663
samarbetsrobotar;1903663
labbautomation;1903663
lära robotar;1903663
robotgränssnitt;1903663
key information extraction;1896705
receipts;1896705
multimodal language models;1896705
nyckelinformationsextraktion;1896705
kvitton;1896705
multimodala språkmodeller;1896705
back-end implementation;943456
possible front-end implementations and uses;943456
code analysis;1865596
code transformation;1608667
metamodel;1608667
abstract representation;1608667
kotlin;1793389
källkodsanalys;1608667
kodtransformation;1608667
metamodell;1608667
abstrakt representation;1608667
type system;1524375
etl;1149023
large scale data warehouse;1149023
storskaliga datalager;1149023
sensor management;9892
perception management;9892
information fusion;11213
large-scale information acquisition;9892
multi-agent coordination protocol;9892
axiomatic bargaining theory;9892
particle filter tracking;9892
pyro-electric infrared sensor;9892
multi-robot system;9892
i/o;1650639
parallel i/o;1650639
object storage;1650639
data-centric;1650639
web search;1233300
click modeling;1233300
key-points;1241818
non-convex;1355470
data compression;1355470
serious games;1783232
physicalization of data;1783232
game mechanics;1783232
thematic analysis;1783232,391634
fysikalisering av data;1783232
spelmekanismer;1783232
tematisk analys;1783232
options;1136420,1105924
playlist generation;850112
sound absorption;1605986
in-situ measurement;1605986
finite size effect;1605986
delany– bazley–miki model;1605986
robotic grasping;562726
tactile sensing;562726
targeting advertisement machine learning;839530
symbolic constraint solving;445529
requirements testing;1298427
automotive software;1298427
requirements modeling;1298427
term rewriting;442577
symbolic computation;442577
microservices lbtest learning-based testing lbt trioptima;847215
motion planning;1658012
temporal logic;650753
lacasa;1133963
flow-sensitive;1133963
aliasing;1133963
distributed file systems;1608645
storage systems;1608645
operating systems;1608645,1164148
multi-armed bandits;737623
timetabling;1213984
university course timetabling problem;1213984
metaheuristics;1213984
hybridization;1213984
tabu search;1213984
metaheuristik;1213984
hybridisering;1213984
genetisk algoritm;1213984
tabusökning;1213984
ugv;1804292
husky;1804292
robotics operating system;1804292
traversability estimation;1804292
vehicle dynamics;1804292
elevation mapping;1804292
framkomlighets bedömning;1804292
fordonsdynamik;1804292
local features;335153
motion descriptors;335153
velocity adaptation;335153
human movement;335153
representation;335153,338468
load-balancing;1639274,1371780
locality-aware load-balancing;1639274
latency-based load-balancing;1639274
service mesh;1639274,1501535,1501535
traffic director;1639274
lastbalansering;1639274,1501535
lokalitets-medveten lastbalansering;1639274
latens-baserad lastbalansering;1639274
log analysis machine learning failure diagnosis workload prediction automatic scaling cloud computing;944053
epistemic logic;12265
first-order logic;12265
formal cryptography;12265
static equivalence;12265
security protocols;12265
ban logic;12265
completeness;12265
logical omniscience problem;12265
long-term movement prediction;1241645
transport;820956
feature representation;1241645
n-gram;1241645
geohash;1241645
periodicity;1241645
lookaside load balancing;1501535
external load balancing;1501535
envoy;1501535,1501535
extern lastbalansering;1501535
lostness;1599143
finding information;1599143
bachelor’s thesis;1797607
remote learning;1599143,1599143
learning management systems;1599143
lms;1599143
online learning;1307122
människa- datorinteraktion;1599143
vilsenhet;1599143
hitta information;1599143
distansutbildning;1599143
utbildningsplattform;1599143
lärplattform;1599143
sonifiering;1886722
proof complexity;13522,1094244
trade-offs;1318061
lower bounds;1318061
size;1318061
stock market analysis;1231223
financial markets;1595839
mental wellbeing;1788180
international graduate students;1788180
mentalt välbefinnande;1788180
internationella masterstudenter;1788180
cross-layer interaction;676156
expected transmission counts;676156
ieee 802.15.4 macs;676156
medium access control(mac);676156
network lifetime;676156
reliability constraints;676156
routing approach;676156
routing metrics;676156
low power electronics;676156
medium access control;1512016
standards;676156
network routing;676156
arm instruction set;675843
user mode execution;675843
kernel security;675843
multi-threaded semantics;114295
binary verification;675838
credit assessment;1178589
spending patterns;1178589
statistical analysis;846386,931547
fuel consumption;846386
support vector regression;846386,1180843
power quality;1897036
statcom;1897036
väglett lärande;1897036
elkvalitet;1897036
x-ray fluorescence;1894304
mineral identification;1894304
apprentissage automatique;1894304
florescence des rayons x;1894304
identification des minéraux;1894304
spectrométrie;1894304
apprentissage supervisé;1894304
röntgenfluorescens;1894304
mineral identifiering;1894304
övervakat lärande;1894304
a.i.;908072
fault classification;908072
bayes;839705
classification.;908072
maskininlärningsmetoder;908072
felklassificering;908072
magnetosheath jets;1876675
mars;1876675
nasa maven spacecraft;1876675
space plasma physics;1876675
magnetskiktsjetar;1876675
nasa maven rymdfarkost;1876675
data analys;1876675
rymd- och plasmafysik;1876675
linked data;1127525
constraint language;1127525
shacl;1127525
shex;1127525
shapes constraint language;1127525
shape expression;1127525
lyo;1127525
toolchain;1127525
design science;1127525
risk-aware reinforcement learning;1851716
optimal control of stochastic climate-economy system;1851716
integratedassessment model;1851716
dice;1851716
overshoot risk;1851716
carbon dioxide removal (cdr) technologies;1851716
tipping points;1851716
riskmedveten förstärkande inlärning;1851716
optimal styrning av klimat-ekonomi system;1851716
integreradebedömningsmodeller;1851716
dice-modellen;1851716
överskjutningsrisk;1851716
koldioxidinfångning;1851716
tröskelpunkter;1851716
grid market;11914
computational grid;11914
service level management;11914
grid middleware;11914
technical debt;946779
managing technical debt;946779
first order logic;7202
service integration;7202
conceptual modeling;7202
conflict;7202
shema dynamics;7202
mapping of parameters;1070965
human body movement;1070965
entity matching;1894305
entity resolution;1894305
faiss;1894305
siamesearchitecture;1894305
nearest neigbour search;1894305
entitetsmatchning;1894305
entitetsupplösning;1894305
kontrastiv inlärning;1856441
siamesiskarkitektur;1894305
närmaste grann-sökning;1894305
matrix multiplication;1120724
apache spark;1359662
distributed matrix multiplication;1120724
continuous model evaluation;916117
transportation mode segmentation and detection;916117
trajectory data mining;916117
error analysis;909470
interval algebra;916117
sudoku;812042
solving;812042
floorball;953092
bontouch;970839
ball;953092
trajectory;1804786
motion detection;1918459
distance estimation;953092
iphone;953092
lbt;1229962
telecommunication system;1229962
embedded system;1229962
embedded device;1229962
linear temporal logic;1229962,1499869
ltl;1229962
generation from data model;1229962
user requirements;1229962
inteno;1229962
micro bus architecture;1229962
ubus;1229962
key performance indicator;1229962
kpi;1229962
software bill of materials;1903823
vulnerability management;1903823
open-source software;1903823
vulnerability exposure time;1903823
mjukvaruförteckningar;1903823
programvaruförsörjningskedja;1903823
sårbarhetshantering;1903823
öppen källkodsmjukvara;1903823
sårbarhetsexponeringstid;1903823
dendritic excitability;516617
synchronized synaptic input;516617
multicompartment model;516617
epilepsy;516617
axonal excitability;516617
silent c–fibres;516617
hodgkin–huxley dynamics;516617
conduction velocity;516617
ka;516617
multiple day travel diary collection;1204245
travel mode destination and purpose inference;1204245
travel diary collection system comparison;1204245
travel pattern stability and variability over time;1204245
computer architecture;1164148
concurrent computing;1164148
dynamic binary analysis;1164148
memory management errors;1164148
virtual platform;1164148
uninitialized memory;1164148
datorarkitektur;1164148
parallella mjukvarusystem;1164148
dynamisk binär analys;1164148
minneshanteringsfel;1164148
operativsystem;1164148
virtuell plattform;1164148
ej initialiserat minne;1164148
3d gaussian splatting;1934675
3d shape recognition;1799688
3d object classification;1799688
3d object retrieval;1799688
automatic labelling;1799688
pseudo labelling;1799688
meta pseudo labelling;1799688
multi-view convolutional neural networks;1799688
shape descriptors;1799688
multi-view representations;1799688
3d-formigenkänning;1799688
3d-objektklassificering;1799688
3d-formhämtning;1799688
hämtning av 3d-objekt;1799688
automatisk märkning;1799688
halv-vägledd lärning;1799688
pseudomärkning;1799688
meta pseudo-märkning;1799688
multi-view faltningsnät;1799688
formbeskrivningar;1799688
multi-view representation;1799688
multiscale;1388512
multirate;1388512
co-simulation;1388512
electrical-chemical;1388512
shape-based retrieval;1871128
computer-aided design;1871128
boundary representation;1871128
formbaserad hämtning;1871128
datorstödd design;1871128
gränsrepresentation;1871128
packet delay variations;1884870
time synchronization;1884870,1106630
packet selection;1884870
ntp;1884870
ptp;1884870,1106630
paketfördröjningsvariationer;1884870
tidssynkronisering;1884870
paketselektion;1884870
elasticity;1333336
service chains;1579775,1184756
hardware offloading;1579775
accurate dispatching;1579775
100 gbe;1579775
tagging;1579775
blackboxes;1579775
nfv;1184756
offloading;1184756
hardware dispatching;1184756
high performance;1184756
test minimization;1801581
delta debugging;1801581
modmin;1801581,1801581
testminimering;1801581
v2v security;1936745
cacc;1936745
platooning;1936745
vehicular protocols;1936745
misbehaviour mitigation;1936745
v2v sicherheit;1936745
fahrzeug-netzwerkprotokolle;1936745
angriffsmitigierung;1936745
v2v säkerhet;1936745
fordonsprotokoll;1936745
angreppsbegränsning;1936745
red teaming;1898666
phishing;1898666
ci/cd;1860569
stride;1710734
github actions;1860569
generative artificial intelligence;1909325
retrieval augmented generation;1887431
hallucination;1887431
gemini;1887431
kattis;1887431
programming higher education;1887431
generativ artificiell intelligens;1887431
högreutbildning inom programmering;1887431
xlnet;1804949
toxic comment classification;1804949
entropy-based attention regularization;1804949
toxisk kommentar klassificering;1804949
entropibaserad uppmärksamhetsreglering;1804949
expressive range;1642626
controllability;1642626
mixed- initiative;1642626
declarative modelling;1642626
level design;1642626
procedurell innehållsgenerering;1642626
uttrycksomfång;1642626
kontrollerbarhet;1642626
blandinitiativ;1642626
deklarativ modellering;1642626
nivådesign;1642626
siamese neural network;1161376
gazecapture;1391030
unconstrained;1391030
calibration points;1391030
mobile learning;1887670
employee development;1887670
workforce training;1887670
training innovation;1887670
mobilt lärande;1887670
medarbetarutveckling;1887670
personalutbildning;1887670
utbildning innovation;1887670
mobile object detection;1242627
processing frameworks;1909001
mobile call detail records (cdr);1909001
displaced population;1909001
disaster response;1909001
bilstm model;1909001
centrality measures;1909001
bearbetningsramverk;1909001
detaljerade register av mobilsamtal (cdr);1909001
förflyttad befolkning;1909001
katastrofinsats;1909001
bilstm-modellen;1909001
centralitetsmått;1909001
battery conscious;794679
data collection;794679
location and accelerometer data fusion;794679
location awareness;794679
location tracking;794679
movement;794679
smartphones;794679
patient volume prediction;1215272
system-under-test;1609005
edge-pair coverage;1609005
edge coverage;1609005
node coverage;1609005
black-box testing;1609005
white-box testing;1609005
mutation analysis;1609005
test suite effectiveness;1609005
kantparstäckning;1609005
kant-täckning;1609005
nodtäckning;1609005
black-box-testning;1609005
white-box-testning;1609005
mutationsanalys;1609005
testsvitseffektivitet;1609005
clearing;1871803,1871803
test oracle;1871803
finans/ekonomi;1871803
testorakel;1871803
singing voice synthesis;1791199
source-filter model;1791199
anti-resonances;1791199
sång röstsyntes;1791199
käll-filtersmodell;1791199
anti-resonanser;1791199
soc;1368718
siem;1703746
sim;1774224
sem;1703746
virtual soc;1703746
on-site soc;1703746
modern soc;1703746
traditional soc;1703746
virtuell soc;1703746
traditionell soc;1703746
stockholms vatten och avfall;1702211
primary sludge;1702211
dewatering;1702211
wastewater treatment plant;1702211
primärslam;1702211
förtjockning;1702211
avloppsreningsverk;1702211
tidsserieprediktion;1702211
cnns;846714
convolutional neural nets;846714
neural nets;846714
synthetic biology;846714
alternative splicing;846714
as;846714
splicing;846714
dna regulation;846714
synthetic dna;846714
massively parallel library;846714
faltning;1885507
neurala nät;846714
syntetisk biologi;846714
alternativ splicing;846714
dna;846714
massivt parallellt bibliotek;846714
syntetiskt dna;846714
multi-agent systems;1713716
finansiella marknader;1595839
adaptive sparsity;1837768
rewiring;1837768
structural plasticity;1837768
adaptiv gleshet;1837768
beräkningsneurovetenskap;1837768,783740
omkoppling;1837768
strukturell plasticitet;1837768
hjärnliknande beräkning;1837768
hebbskt lärande;1837768
statistical modelling;866153
time-series;1264964,1188541,1632685
data reconstruction;1264964
e-learning;13577
service orientation;13577
learning object;13577
virtual learning environment;13577
holder-of-key;1887983
proof-of-possession;1887983
security assertion markup language;1887983
saml 2.0;1887983
identity providers;1887983
single sign-on (sso);1887983
digitalidentity;1887983
bevis på innehav;1887983
identitetsleverantörer;1887983
digitalidentitet;1887983
3d pose estimation;1791194
joint landmarks;1791194
multi-task model;1791194
loss discrimination;1791194
latent-space modulation;1791194
depth map;1791194
3d-positionsuppskattning;1791194
gemensamma landmärken;1791194
variationell autoencoder;1791194
multitask-modell;1791194
förlustdiskriminering;1791194
latent-space-modulering;1791194
djupkarta;1791194
normalising flows;1471598,1563826
glow;1888246
footstep analysis;1471598
data dropout;1471598
monocular visual odometry;1614948
autonomous underwater navigation;1614948
autonomous underwater vehicle;1614948
monokulär visuell odometri;1614948
autonom undervattensnavigering;1614948
autonomt undervattensfordon;1614948
geometric brownian motion;1214365,1214365
random walks;1214365,1214365
stock prices;1214365
probability theory;1214365
simuleringar;1214365
aktiekurser;1214365
sannolikhetsteori;1214365
equations;925056
robotic arm;925056
fashion;1239446
laser speckle contrast imaging;1918459
microcirculation;1918459
blood flow visualization;1918459
motion artifacts;1918459
optical flow;1918459
laser-speckel-kontrastavbildning;1918459
mikrocirkulation;1918459
blodflödesvisualisering;1918459
rörelseartefakter;1918459
rörelsedetektion;1918459
optiskt-flöde;1918459
three dimensional;1793358
rörelse;1793358
tre dimensioner;1793358
multi-agent reinforcement learning;1616628
financial networks;1616628
financial graphs;1616628
computational economics;1616628
multi-agent asv gaussian process mapping exploration depth shallow autonomous;1115505
software security operating system linux binary instrumentation return oriented programming;1168869
webrtc;1165928
multi-cloud;1165928
sfu;1165928
cross-lingual;1650791
multilingual;1713362
self- supervised learning;1650791
wav2vec 2.0;1650791
hubert;1650791
unispeech;1650791
unispeech-sat;1650791
wavlm;1650791
språk;1650791
ljud;1650791
känsloigenkänning;1149133
tvärspråklig;1650791
flerspråkig;1713362
själv-övervakad inlärning;1650791
multimodal classification;1239077
multimodal learning;1642528
late fusion;1239077
early fusion;1239077
visual attention;1239077,1788172,470155
marketplace;1239077
second hand;1239077
blocket.se;1239077
trafic optimozation;816306
gradient optimization;816306
trafic simulator.;816306
multi-scale clustering;1292782
dendrogram;1292782
hadoop;1181024
kafka;1091136
hops;1181024
hopsworks;1181024
multi-tenancy;1181024
kafka topics;1091136
schema registry;1091136
messaging systems;1091136
acl authorization;1091136
presto;1181024
sql;1181024
airpal;1181024
proxy servlet;1181024
multi-hyresrätt;1181024
perceptual features;1090618
music information retrieval;1090618,1466885
k-pop;1090618,1090618
music discovery;1090618
mir;1090618
music browser;1090618
music website;1090618
perceptuella särdrag;1090618
musikhemsida;1090618
audio classification;1466885
musical instrument recognition;1466885
musical instrument activity detection;1466885
ljudklassificering;1466885
hämtning av musikinformation;1466885
musikintrumentsigenkänning;1466885
instrumentaktivitetsigenkänning;1466885
domänadaption;1466885
search query semantics;1010104
conditional random field;1010104
web app;1231519
native app;1231519
multi-criteria decision-making;1231519
sbvr;808215
business rules;808215
nlis to databases;808215
deep reinforcement learning mobile robot navigation human environment;967644
controller area network;1082547
can;1082547
diagnostics;1082547
scania;820956
uds;1082547
kwp;1082547
obd;1082547
j1939;1082547
network regulator;1082547
bandwidth management;1082547
token bucket;1082547
traffic shaping;1082547
bit stuffing;1082547
osi model;1082547
arbitration;1082547
latent dirichlet allocation;1118834
re-organized lda;946538
ro-lda;946538
gmm;1885514
gaussian mixture model;1712821
insect antennae;1499285
antennal positioning;1499285
antennal hair plates;1499285
böhm’s bristles;1499285
johnston’s organs;1499285
hierarchical neural circuits;1499285
tuneable feedback loop;1499285
flexible reflexes;1499285
equity analyst;824355
cloud access management;1149007
certificate on demand;1149007
kerberos;1149007
transport security layer (tls);1149007
multi factor authentication;1149007
authentication for data analytic tools;1149007
certificate based spark authentication;1149007
public key encryption;1230535
distributed authentication;1149007
short valid authentication;1149007
historical newspapers;1642528
digital humanities;1642528
mask r-cnn;1642528
historiska tidningar;1642528
bildsegmentering;1808715
multimodal inlärning;1642528
digital humaniora;1642528
nli;927293
pattern matching;927293
alzheimer’s;1699777
dementia;1699777
digital;1699777
screening;1699777
platform security;1136624
isa;1755837
boot;968761
normalization;783740
divisive normalization;783740
cortical hypercolumn;783740
short-term synaptic depression;783740
gain control;783740
canonical neural computations;783740
normalisering;783740
kortikal hyperkolumn;783740
korttidsdepression;783740
neural division;783740
kanoniska neurala beräkningar;783740
critical value;1660119
infinite graph;1660119
largest connected component;1660119
normalisation;1660119
percolation analysis;1660119
sharp transition;1660119
spatial correlations;1660119
transition widths;1660119
activity recognition;1117763
human activity;1117763
energy minimisation;1105742
multitarget tracking;1105742
komplexity theory;10071
approxiamtion;10071
constitutive modeling;1737742
strong discontinuity approach (sda);1737742
simo-reissner beam theory;1737742
geometrically exact beam theory;1737742
minimeringsalgoritm;1737742
simo-reissner balkteori;1737742
icke kompatibla deformationsmode;1737742
konstitutiva model;1737742
nashorn;860991
typescript;860991
invoke dynamic;860991
monte carlo methods;525380
optimal stopping;525380
sequential stopping rules;525380
non-asymptotic;525380
non-prioritized multiple revision;1203492
making up one's mind;1203492
choice revision;1203492
descriptor revision;1203492
agm;1203492
believability relation;1203492
multiple believability relation;1203492
belief base;1203492
partial expansion;1203492
multiple contraction;1203492
differentiald invariant;472978
feature localization;472978
edge detection multi-scale representation;472978
secure messaging – group messaging – ratcheting – group key agreement – cryptographic administrators – group administration;1614970
micro-clouds;1238860
community networks;1238860
cloud services;1238860
overlay networks;1238860
symmetry;1842047
equivariance;1842047
confidence predictions;1175229
conformal prediction;1175229
ensembles;1175229
bowed string;113911
physical modelling;113911
sound synthesis;113911
performance control;113911
violin playing;113911
corde frottée;113911
modélisation physique;113911
synthèse sonore;113911
contrôle gestuel;113911
violon;113911
struken sträng;113911
fysikalisk modellering;113911
ljudsyntes;113911
musikutförande;113911
violinspel;113911
keypoints;1238488
interest points;1238488
features;1238488
mottle;14329
print quality;14329
geospatial features;1606216
interpretable artificial intelligence;1606216
feature importance;1606216
real estate appraisal;1606216
geospatiala variabler;1606216
tolkningsbar artificiell intelligens;1606216
variabelbetydelse;1606216
fastighetsvärdering;1606216
knowledge graph embeddings;1732950
knowledge graphs;1732950
link prediction;1732950
kunskapsgrafinbäddningar;1732950
kunskapsgrafer;1732950
länkförutsägelser;1732950
grid security;159603
restricted and context-aware delegation;159603
delegation protocol;159603
on-demand delegation;159603
dynamic trust federation;159603
grid interoperability;159603
credential mapping;159603
object tracking;1161376
affine regression network;1161376
one shot learning;1161376
object detector;1161376
pid controller;1161376
aggregation;1098599
online lectures;1599676
cognitive load;1599676
powerpoint;1599676
chalk board;1599676
online föreläsningar;1599676
kognitiv belastning;1599676
svarta tavlan;1599676
graph convolution;1717398
software define networks;1717398
open world learning;1717398
stock market prediction;1238499
human computer interaction for development;825034
hci4d;825034
ict for development;825034
ict4d;825034
participatory design;1653009
appropriate technology;825034
auto-scaling;1804293
feedback control loop;1333336
red sprites;1898999
transient luminous events;1898999
lightning detection;1898999
direction of arrival;1898999
south african storms;1898999
röda luftandar;1898999
transienta luminösa event (höghöjdsblixtar);1898999
blixtlokalisering;1898999
ankomstriktning;1898999
sydafrikanska stormar;1898999
second-hand;1788170
urval av attributer;1788170
submodular optimization;1719648
ranking;1719648
diversity;1719648
gpgpu;846354
gpu computing;1105924
binomial method;1105924
bopm;1105924
optimal path planning;1784238
b-splines;1784238
autonomous exploration;1784238
indoor uav;1784238
crisis and disaster management;1784238
trajectory estimation;1784238
sitl;1784238
optimal banplanering;1784238
autonom utforskning;1784238
inomhus-uav;1784238
kris- och katastrofhantering;1784238
uppskattning av banor;1784238
multiple-choice question;1887426
distractor generation;1887426
direct preference optimization;1887426
transformerarkitektur;1887426
flersvarsfrågor;1887426
distraktorgenerering;1887426
direkt preferensoptimering;1887426
sports betting;1909097
odds prediction;1909097
betting exchanges;1909097
financial trading formulas;1909097
sportbetting;1909097
odds prediktion;1909097
spelbörs;1909097
finansiella handelsformler;1909097
horizontal pod autoscaler (hpa);1804293
workloadprediction;1804293
time-series forecasting;1804293
containerorkestrering;1804293
automatisk skalning;1804293
förutsägelse avarbetsbelastning;1804293
prognoser för tidsserier;1804293
bm25 (best match 25);1799685
parameter estimation;1805112
learning to rank;1799685
informationsinhämtning;1799685
sökmotorer;1799685
regressionsanalys;1799685
parameterskattning;1799685
maskininlärning för rangordning;1799685
c-ran;1868496
fronthaul;1868496
djup förstärkningslärning;1868496
prestanda utvärdering;1868496
collision avoidance;1901883,1176285
polling station;1901883
agent navigation;1901883
queues;1901883
a-star;1901883
rvo2;1901883
crowd simulation;1708157
swedish election authority;1901883
unity3d;1782871
halting mechanism;1901883
voter flow rate;1901883
electoral integrity;1901883
sökvägsplanering;1901883
kollisionsundvikning;1901883
omröstning;1901883
agentnavigering;1901883
köer;1901883
a-stjärna;1901883
folksimulering;1901883
valmyndigheten;1901883
stoppmekanism;1901883
valhemlighet;1901883
väljarflöde;1901883
valintegritet;1901883
bof;1164171
slopping;1164171
sensorfusion;1164171,1108645
smart cards;1154805
single sign on;1154805
legacy systems;1154805
query systems;1783240
incremental computation;1783240
compiler architecture;1783240
dependency tracking;1783240
query system;1783240
inkrementella beräkningar;1783240
beroende spårning;1783240
map projection;953533
reprojection;953533
lpi;1613536
radar;1613536,1278712,1278712
faltningsnätverk;1613536
parameterestimering;1805112
location privacy attack and evaluation;1638177
mobile network simulation;1638177
parasitic attacker;1638177
heuristic lstm;1638177
approximation hardness;748473
approximation resistance;748473
parity;748473
usefulness;748473
negations;748473
monotone;748473
constraint satisfaction problems;1897029
smoothness;748473
multilayer;748473
pomdp;1057748
policy gradient;1057748
information rewards;1057748
fixation policy;1057748
observation model;1057748
wi-fi;1913447
rssi;1784229
gesture recognition;1150765
in-vehicle infotainment system;1708534
android automotive;1708534
iso/sae 21434;1708534
infotainmentsystem i fordon;1708534
smart door lock;1750933
state consistency;1750933
mitm attack;1750933
replay attack;1750933
gps spoofing;1750933
dos attack;1750933
smart dörrlås;1750933
tillståndskonsistens;1750933
mitm-attack;1750933
replay-attack;1750933
gps-spoofing;1750933
wireless keyboards;1701492
radio frequency analysis;1701492
crazyradio;1701492
mousejack;1701492
enhanced shockburst;1701492
trådlösa tangentbord;1701492
radiofrekvensanalys;1701492
firmware;1748061
drivers;1748061
penetration testing.;1748061
drivrutiner;1748061
procedural;1215836
generation;1215836
buildings;1215836
grammar;1215836
procedurell;1215836
byggnader;1215836
virtuell;1215836
grammatik;1215836
facial expression;1155289
auditory models;552336
mfccs;552336
distortion measures;552336
perturbation analysis;552336
psychoacoustics;1834208
sensitivity matrix;552336
pronunciation error detection;552336
phoneme;552336
second language;552336
perceptual assessment;552336
swiftui;1789094
uikit;1789094
performance analysis;1653815
prestationsanalys;1789094
mobile application development;1653815
cross-platform tools;1653815
progressive web applications;1653815
qr code scanning;1653815
mobilappsutveckling;1653815
plattformsoberoende verktyg;1653815
progressiva webbapplikationer;1653815
prestandaanalys;1653815
qr-skanning;1653815
xdp;1897043
af_xdp;1897043
dpdk;1897043
user space;1897043
kernel space;1897043
zero-copy;1897043
socket;1897043
multi-buffer;1897043
användarutrymme;1897043
kärnutrymme;1897043
noll-kopiering;1897043
fler-buffert;1897043
sve;1912183
sort;1912183
merge sort;1912183
bitonic sort;1912183
vektorisering;1912183
merge sortering;1912183
bitonic sortering;1912183
clbg;1231573
computer language benchmarks game;1231573
runtime;1231573,954999
memory consumption;1231573
garbage collection;1793389
boxing of primitives;1231573
körtid;1231573
boxing av primitiver;1231573
kotlin multiplatform mobile;1793389
swift;1793389
plattformsoberoende;1793389
mobil;1793389
containerisation;1783247
google kubernetes engine;1783247
autoscaling;1783247
horizontal pod autoscaling;1783247
vertical pod autoscaling;1783247
hybrid pod autoscaling;1783247
containerisering;1783247
autoskalning;1783247
horisontell pod-autoskalning;1783247
vertikal pod-autoskalning;1783247
hybrid pod-autoskalning;1783247
stereo vision;955111
stereo reconstruction algorithms;955111
near-infrared images;955111
algorithm performance evaluation;955111
cutting process;1904964
cython;1904964
algoritm;1904964
beskärningsprocess;1904964
event-based architecture;1801007
latency testing;1801007
data streaming;1801007
backend;1801007,1801007
amazon simple queue service;1801007
amazon simple notification service;1801007
händelsedriven arkitektur;1801007
meddelandebuss;1801007
latenstestning;1801007
lasttestning;1801007
data strömning;1801007
game loop;1212575
game object;1212575
coroutine;1212575
update calls;1212575
gameplay;1212575
prioritizing;1212575
cache hierarchy;954999
caches;954999
communication overhead;954999
discrete-event simulation;954999
heap memory;954999
linear speedup;954999
logistic support;954999
low-overhead profiler;954999
memory allocator;954999
microarchitecture;1821827
microarchitecture analysis;954999
multi-core;954999
parallel execution;954999
profiler;954999
scalability bottlenecks;954999
scalable memory allocator;954999
translation lookaside buffer;954999
translation lookaside buffer thrashing;954999
tlb;954999
news videos;1244710
content-based filtering;1244710
hybrid filtering;1244710
reward shaping;1709471
personalization;1709471
ret optimization;1709471
individuell anpassning;1709471
ret optimering;1709471
ethnographic fieldwork;319155
multi-sited fieldwork;319155
participant observation;319155
user research;319155
personas;319155
scenarios;319155
bayesian methods;1476655
graphical models;1476655
inference;1936627
statistics;473366
physics-informed neural networks;1803600
data-driven methods;1803600
circular economy;1803600
power systems components;1803600
cellulose nanofibrils;1803600
fysikinformerade neurala nätverk;1803600
datadrivna metoder;1803600
cirkulär ekonomi;1803600
kraftsystemets komponenter;1803600
cellulosananofibriller;1803600
ar;1604016
technology-enhanced learning;1604016
pointing in augmented reality;1604016
gestures in augmented reality;1604016
ocr post-processing;1668626
ocr post-correction;1668626
nmt;1668626
lexical model;1668626
efterbehandling för ocr;1668626
post-korrigering för ocr;1668626
lexikal modell;1668626
post-quantum algorithms;1121030
digital signature algorithms;1121030
public key infrastructures;1121030
distributed ledger;1834163
consensus protocol;1834163
giskard;1834163
hyperledger sawtooth;1834163
distribuerade huvudbok;1834163
konsensus;1834163
ieee1588;1106630
accuracy;1106630
precision;1106630
clocks;1106630
stability;1106630
system load;1106630
real time system;1106630
twitter data mining;1110776
primary care;1230985
linear discriminant analysis;1230985
consultation duration;1230985
digital primary care;1230985
churn;1901072,1119205
kundbortfall;1901072
förutsägning;1901072
customer lifetime value;1119205
clv;1119205
pbpk;1779001
pk;1779001
qsar;1779001
molecular descriptors;1779001
upptäckt av droger;1779001
molekylära deskriptorer;1779001
othello;1121059
board games;1121059
move prediction;1121059
fashion prediction;1118354
quality of service;1804923
network analytics;750694,849585
video streaming;750694
distributed object store;587561
key-value store;587561
performance measurements;587561
performance modeling;587561
response times;587561
streaming media services;587561
system dimensioning;587561
climate science prediction;1149096
solar radiation;1149096
tensorflow.;1149096
klimatprediktion;1149096
solstrålning;1149096
student performance prediction;1851220
programming education;1851220
unit test snapshot;1851220
educational data mining;1851220
förutsägelse av studentprestationer;1851220
programmeringsutbildning;1851220
snapshot av enhetstest;1851220
taxi;1082065
predicting;1118598
extrapolating;1118598
trajectories;1118598
golf;1118598,1267392,1267392
golf balls;1118598
nerual networks;1118598
thunderstorms;1814839
nowcasting;1229533,1229533
åskstormar;1229533
website exits;1278667
eigenfrequencies;1707141
room acoustics;1707141
peptide;864254
retention time;864254,1193002
shotgun proteomics;1193002
retention time prediction;1193002
high frequency;1121353
fintech;1121353
yield;1121353
deep neural network;1121353
algo trading;1121353
financial instruments;1121353
correlation;1121353
weather;1217917
train delay;1217917
väder;1217917
förseningar;1217917
condition monitoring;1885514
heat pump and refrigeration system;1885514
tillståndsövervakning;1885514
värmepump och kylsystem;1885514
turn-taking;1812269
spoken dialog system;1812269
turtagning;1812269
talad dialog;1812269
människa-data interaktion;1812269
sensitive data;1865596
large language model (llm);1865596
llama 3;1865596
membership inference attack (mia);1865596
känsliga data;1865596
stor språkmodell (llm);1865596
kodanalys;1865596
datasekretess;1865596
medlemskapsinfiltrationsattack (mia);1865596
decentralization;808202,749552
decentralized online social networks;1046856
audit;1119313
bloom filter;1119313
biometrics (access control);1579745
noise measurement;1579745
indexes;1579745
identification systems;1579745
noisy enrollment;1579745
secrecy;1579745
homomorphic cryptography;1936627
slutledning;1936627
homomorfisk kryptografi;1936627
secure channel protocol 80 (scp80);1774224
proactive commands;1774224
säkert kanalprotokoll 80 (scp80);1774224
proaktiva anrop;1774224
animation;871461
motion synthesis;1888246
normalizing flow;1888246
probabilistic models;1499133
rörelsesyntes;1888246
normaliserande flöden;1634260
probabilistiska modeller;1888246
phylogenetics;814537
phylogenomics;814537
gene tree;814537,1871793
species tree;814537,1871793
expectation maximization;1613852
dynamic programming;814537
markov chain monte carlo;814537
prime;814537
jprime;814537
europa;1749925
jupiter;1749925
hubble space telescope;1749925
hubbleteleskopet;1749925
plymer;1749925
integration testing;1868135
hardware-in-the-loop testing;1868135
hil;1868135
industrial control system;1868135
probing-based testing;1868135
testingmethodology;1868135
integrationstestning;1868135
idustriella kontrollsystem;1868135
sonderingsbaserad testning;1868135
testningsmetodik;1868135
procedural modeling;1757218
building facades;1757218
wear and tear;1757218
procedurell modellering;1757218
byggnadsfasader;1757218
slitage;1757218
modular verification;524550
temporal properties;524550
tactile programming;1853006
image recognition;1853006
shape classification;1853006
taktil programmering;1853006
bildigenkänning;1853006
stödvektormaskin;1853006
formklassificering;1853006
native application;1702137
progressiv webbapplikation;1702137
nativ applikation;1702137
mobilapplikation;1702137
neural net;911794
generative ai;1857391
llm;1857391
gpt;1857391
generativ ai;1857391
interactive theorem proving;1606484
indirect jump resolution;1606484
binär analys;1606484
interaktiv teorembevisning;1606484
indirekt hopp bestämning;1606484
prosodic control;1761460
neuralhmm;1761460
spontaneous speech;1761460
creaky voice;1761460
protein contact prediction;1228846
contact prediction;1228846
protein structure;1228846
hol;1265405
higher-order logic;1265405
sml;1265405
poly/ml;1265405
axiomatic semantics;1265405
static verification;1265405
floyd-hoare logic;1265405
itp;1265405
interactive theorem prover;1821827
theorem prover;1265405
proof assistant;1265405
bir;1265405
automated theorem proving;1265405
atp;1265405
automated deduction;1265405
computer-assisted proof;1265405
automated reasoning;1265405
openflow;756406
binary code;1755837
intermediate language;1755837
observational models;1755837
symbolic execution;844010
weakest-precondition;1755837
execution time analysis;1755837
binärkod;1755837
binärkodsanalys;1755837
satsbevisning;1755837
mellankod;1755837
instruktionsuppsättningar;1755837
observationsmodeller;1755837
symbolisk exekvering;1755837
minst restriktiva villkoret;1755837
analys av övre tidsgräns;1755837
radar pulses;1278712
radar signals;1278712
pulseradar;1278712
pulse repetition interval;1278712
modulation;1278712,1172550
long short term memory;1278712,1278712
saab;1278712,1278712
artifical intelligence;1278712
rwr;1278712,1278712
radarpulser;1278712
radar signaler;1278712
pulsradar;1278712
pulsrepetitionsintervall;1278712
modulationstyp;1278712
modulering;1278712
särdrag;1278712
radarvarnare;1278712
programmable networks;1374999
network robustness;1374999
fast reroute;1374999
fast failover;1374999
shortest common supersequence;1374999
object representation;465689
shape analysis;465689
applications;465689
ridges;338468
adversarial testing;1199249
conversational agents;1199249
natural language understanding;1199249
bug finding;1151605
test case generation;1151605
vehicle platoon;1349608
co-cps;1349608
safety boundaries;1349608
quantitative analysis;1349608
coordinated braking;1349608
random indexing;1853302,12198
synonyms;1853302
vector space model;1853302
synonymer;1853302
vektorrumsmodell;1853302
random projections;1617523
privacy metrics;1617523
obfuscation.;1617523
slumpmässiga projektioner;1617523
generativa kontroversiella nätverk;1617523
privatiserings-mått;1617523
obfuskering.;1617523
localization;882796,859759
narrowband;1784229
sub-ghz;1784229
radio frequency;1784229
time-of-flight;1784229
error mitigation;1784229
leastsquares support vector machine regression;1784229
loalisering;1784229
radiofrekvens;1784229
felkorrigering;1784229
aesthetics;1635520
experiment;1270062
array antenna;1795315
dielectric dome;1795315
ray-tracing;1795315
grating lobe;1795315
gruppantenn;1795315
dielektrisk kupol;1795315
gallerlob;1795315
particle swarm optimering;1795315
immersive virtual reality;946219
interaction techniques;946219
reactive;956107
asynchronous;956107
readability;1593563
ordinbäddningar;1593563,1237438
läsbarhet;1593563
configuration;850158
development time;850158
arbetsflöde;850158
konfiguration;850158
utvecklingstid;850158
transparency;1279122
realtime;1279122
3d;1229126
transparens;1279122
event based camera;1594779
image reconstruction;1594779,1594779
simulated data;1594779,1594779
real data;1594779,1594779
firenet;1594779
e2vid;1594779
procedural generation;1661985
lichen;1661985
perceived realism;1661985
phonation;945805
voice analysis;945805
business intelligence system (bi);974456
health ict;974456
mfs;974456
head pose estimation;300808
football;300808
coarse head pose estimation;300808
randomized ferns;300808
multiple object tracking;1146388
tracking-by-detection;1782875
normalising flow;1634260
environment interaction;1634260
animation synthesis;1634260
maskinginlärning;1634260
probabilistiska metoder;1634260
interaktion med omgivning;1634260
animations-syntes;1634260
super-resolution;1887988
upsampling;1601859
motion compensation;1601859
temporal coherence;1601859
superupplösning;1887988
uppsampling;1601859
rörelsekompensation;1601859
temporalt sammanhängande;1601859
timed model checking;1691368
moving target defense;1691368
tidsinställd modellkontroll;1691368
tree-of-thought;1897029
symbolic solvers;1897029
avsiktsträd;1909318
symboliska lösare;1897029
villkorsatisfieringsproblem;1897029
multi-layer perceptron;1751202
neural network-based collaborative filtering;1751202
implicit feedback;1751202
term frequency-inverse document frequency;1751202
kollaborativ filtrering;1751202
matrisfaktorisering;1751202
flerlagersperceptron;1751202
neurala nätverksbaserad kollaborativ filtrering;1751202
termfrekvens med omvänd dokumentfrekvens;1751202
hashtag;1106314
geographic data;1106314
association rule mining;839780
records;1123270
types;1123270
information and communication technology;1892786
human resources;1892786
e-recruitment;1892786
user experience design;1892786
information architecture;1892786
feedback;1892786
mänskliga resurser;1892786
e-rektrytering;1892786
användarupplevelsedesign;1892786
informationsarkitektur;1892786
recurrent neural networks electricity load forecasting lstm renewable energy;1238889
delta lake;1931137
delta-rs library;1931137
read/write latency;1931137
spark-specifik begränsning;1931137
delta-rs-bibliotek;1931137
läs- och skrivlatens;1931137
autoencoder dimensionality reduction attribute elimination;1120685
refinement;1821827
serial interface;1821827
device driver;1606994
icp;787315
key-value;1085916
distributed;1085916
storage;1085916
multiget;1085916
relation classification;1093977
battery energy storage system;1783642
cost-benefit analysis;1783642
prediction methods;1783642
reliability analysis;1783642
batterienergilagringssystem;1783642
förutsägelsemetoder;1783642
kostnads-nyttoanalys;1783642
tillförlitlighetsanalys;1783642
water detection;1749935
faster region-based convolutional neural networks;1749935
multiple images;1749935
vattendetektering;1749935
snabbare regionbaserade konvolutionella neurala nätverk;1749935
flera bilder;1749935
design by contract;1649497
generative testing;1649497
clojure;806620
webbapplikationer;1649497
kontrakt;1649497
automatisk testning;1649497
pålitlighet;1870945
remote heart rate;1118216
heart rate;1118216
hr;1118216
pulse;1118216
pulse detection;1118216
remote pulse;1118216
photoplethysmography;1118216
plethysmography;1118216
ppg;1118216
rppg;1118216
multiple signals;1118216
fft;1118216
ica;1118216
pca;1118216
user testing;1589480
dictation;1589480
human-computer interaction.;1589480
användartestning;1589480
diktering;1589480
människa-dator interaktion.;1589480
cassandra;827372
replica selection;827372
tail latency;827372
single-cell transcriptomics;1894752
enkelcells-transkriptomik;1894752
naturligt språk;1894752
kb-bert;1697653
search evaluation;1697653
sökutvärdering;1697653
voice anonymization;1678546
voice deanonymization;1678546
röstanonymisering;1678546
röstdeanonymisering;1678546
visselblåsning;1678546
location-based service;909470
pseudonymous authentication;909470
security and privacy;909470
encoding (symbols);909470
knowledge based systems;909470
location;909470
telecommunication services;909470
basic protocols;909470
decentralized system;909470
location privacy protection;909470
privacy leakages;909470
security enhancements;909470
security threats;909470
sensitive informations;909470
location based services;909470
qos-aware resource allocation;1605838
elasticity controller;1605838
multi-socket systems;1605838
non-uniform memory access;1605838
page placement;1605838
memory-intensive applications;1605838
transportation mode recognition;1158218
smartphone sensors;1158218,1108645
holsum;12198
language independent;12198
holistic;12198
summarization;12198
lexical semantics;12198
co-occurrence statistics;12198
word space model;12198
bag-of-words;12198
bag-of-concepts;12198
swesum;12198
news corpus;12198
extract corpus;12198
rest restful services hateoas swagger raml api blueprint wadl;849934
real-time embedded systems;861527
behavioural regulation;861527
computational reflection;861527
inbyggda realtidssystem;861527
beteendereglering;861527
rnn recommender system;1151407
eye gaze;1622356
gaze behaviour;1622356
human-like;1622356
model;1622356
human-robot interaction (hri);1622356
social robots;1622356
confrontational scenarios;1622356
blick;1622356
blickbeteende;1622356
människolik;1622356
modell;1622356
människa-robot interaktion (mri);1622356
sociala robotar;1622356
konfrontationsscenario;1622356
robot manipulation planning;1387713
sampling-based planning;1387713
fingertip grasp planning;1387713
placement planning;1387713
rearrangement planning;1387713
programming by demonstration;11592
grasp mappping;11592
grasp recognition;11592
robot grasping;11592
planning;11592
autonomous robots;11592
robotic process automation;1609800
gui testing;1609800
software robot;1609800
gui-testning;1609800
testautomatisering;1609800
mjukvarurobot;1609800
robustness;1905784,1857944
uncertainty;1905784
medicinsk avbildning;1905784
generalisering;1905784
robusthet;1905784
osäkerhet;1905784
label noise;1857944
noisy labels;1857944
gaussian noise;1857944
log-ratio transform;1857944
compositional data analysis;1857944
statistical robustness;1563826
student's t-distribution;1563826
outliers;1563826
resistant statistics;1563826
generalisation;1563826
wasp_publications;1499133
keyframes;955678
robust;955678
gas turbines;1870945
software sensor;1870945
cross industry standard process fordata mining (crisp dm);1870945
ensemble methods;1870945
gasturbiner;1870945
mjukvarusensor;1870945
datakvalitet;1870945
cross industry standard process for datamining (crisp dm);1870945
ensemble metoder;1870945
turbinas de gas;1870945
aprendizaje profundo;1870945
mantenimiento predictivo;1870945
sensor basado en software;1870945
calidad de datos;1870945
crisp dm;1870945
fiabilidad;1870945
métodos de conjunto;1870945
rocksdb;1737848
data streams;1737848
micro-batching;1737848
data stream processing;1737848
read operation benchmark;1737848
data stream workload simulation;1737848
dataströmmar;1737848
mikro-batching;1737848
dataströmsprocessering;1737848
läsoperationsmätresultat;1737848
dataströmsarbetsbelastningssimulation;1737848
induction motors;1805112
power converters;1805112
induktionsmotorer;1805112
övervakad maskininlärning;1805112
strömkonverterare;1805112
rsa;1112039
packet scheduling;1371780
high-speed networking;1371780
intra-server load-balancing;1371780
receive side scaling;1371780
network function virtualization;1371780
rss++;1371780
parametric monitoring;1062024
process algebra;1062024
run-time specialization;1849619
partial evaluation;1849619
online partial evaluation;1849619
körtidsspecialisering;1849619
partiell evaluering;1849619
online partiell evaluering;1849619
safe autonomy;1499869
shared autonomy;1499869
probabilistic controlled invariant set;1499869
invariant cover;1499869
temporal logic tree;1499869
safe teleoperation;1499869
automated car overtaking;1499869
kernel;1238890
safe navigation;1176285
tele-operated;1176285
indoor;1176285,1108625
human-uav interface;1176285
interface;1176285
human-robot interface;1176285
human-robot collaboration;1624928
safe reinforcement learning;1713407
shielding;1713407
autonomous warehouse;1713407
människa-robot samarbete;1713407
säker förstärkningsinlärning;1713407
avskärmning;1713407
riskhantering;1713407,949971
autonomt lager;1713407
multi-access edge computing;1624928
task offloading;1624928
människa-robotkollaboration;1624928
uppgiftsavlastning;1624928
virtual screening;1359662
life sciences;1359662
distributed computing;1307122
graph similarity;1307122
gradient boosting;1307122
information-centric networking;464025
metadata search;464025
distributed management;464025
interest point;1144192
scale calibration;546842
scale linking;546842
feature trajectory;546842
deep structure;546842
singularity;474298,441212
critical point;441212
bifurcation;441212
extremum region;441212
blob event;441212
gaussian smoothing;474296
wavelets;474296
chemistry;461904
image color analysis;461904
libraries;461904
measurement;461904
quantum mechanics;461904
wave functions;461904
scatterplot;1618097
punktdiagram;1618097
animering;1618097
scenario generation;1712821
mixture density network;1712821
semantic graph network;1712821
scenariogenerering;1712821
dgm;1799731
4d imaging radar;1799731
djupa generativa modeller;1799731
generativa antagonistiska nätverk;1799731
4d-bildradar;1799731
robot planning and scheduling;1468946
participant sensing;1799795
street view;1799795
deltagaravkänning;1799795
vy över gatan;1799795
scion;1268555
secure;1268555
säker;1268555
kommunikation;1268555,1789914
data analytics;1591638
data handling;1591638
mobile security;1591638
mobile telecommunication systems;1591638
network architecture;1511175
wireless networks;1512016
communication overheads;1591638
end users;1591638
network data;1591638
network functions;1591638
5g mobile communication systems;1591638
electronic health records;1229377
cache attack;1136624
security monitor;1136624
keycloak;1762882
gpg keys;1762882
version control;1762882
neo4j;1762882
data security;839128
software mobile agents;421697
survivable systems;421697
agent platforms;421697
agent certifier;421697
accountability;421697,1789914
trigger-action;1713834
untrusted code execution;1713834
javascript sandbox;1713834
webassembly isolation;1713834
trigger-aktion;1713834
exekveringavopålitligkod;1713834
javascript-sandlåda;1713834
webassemblyisolering;1713834
the common misuse scoring system;1606003
national institute of standards and technology;1606003
return of security investment;1606003
säkerhetsinvestering;1606003
evaluering av säkerhet;1606003
internet of things (iot);1595274
iot-devices;1595274
vulnerability assessment;1595274
grouping iot-devices;1595274
self-organising maps;1595274
vulnerability likelihood.;1595274
sakernas internet (iot);1595274
iot-enheter;1595274
bedömning av sårbarhet;1595274
gruppering av iot-inheter;1595274
self-organising maps (soms);1595274
sårbarhetsrisk.;1595274
electronic control unit;1613886
update;1613886
vehiclelang;1613886
securicad;1613886
styrenhet;1613886
uppdatera;1613886
fordonsteknik;1613886
securi- cad;1613886
matrix;1845152
penetrationstesting;1845152
security management;949971
information security;949971
governance;949971
compliance;949971
user management;949971
säkerhetshantering;949971
styrning;949971
följsamhet;949971
användaradministration;949971
inter-process communication (ipc);1149047
d-bus;1149047
monitoring;1149047
inbyggd programvara;1149047
riktlinje;1149047
interprocesskommunikation (ipc);1149047
övervakning;1149047
ultra-wideband;1894797
flooding-based networks;1894797
glossy networks;1894797
wireless sensor networks;1894797
iot security;1894797
flooding-based nätverk;1894797
glossy nätverk;1894797
trådlösa sensornätverk;1894797
segment routing with ipv6;1804923
congestion;1804923
extended berkeley packet filter;1804923
segmentering av vägval med ipv6;1804923
tjänstekvalitet;1804923
överbelastning;1804923
utökad berkeley packet filter;1804923
xr;1702702
online virtual environments;1702702
urval;1702702
virtuella online-miljöer;1702702
medical images;1837718
segmentering;1837718
medicinska bilder;1837718
semantic integration;1200633
data integration;1200633
agglomerative hierarchical clustering;1200633
heterogeneous databases;1200633
relational data;1200633
rgb-d perception;1606032
motion and path planning;1606032
robots.;1606032
kartläggning;1606032
färg- och djupperception;1606032
rörelse- och vägplannering;1606032
semantik;1606032
robotar.;1606032
adverse drug reaction;1613852
halvväglett lärande;1613852
text klassificering;1613852
läkemedelsrelaterade biverkningar;1613852
semi supervised learning;1052229
sentence representations;1158153
bot detection;971649,971649
information operations;971649
synthetically constructed training data;971649
social media analysis;971649
social networking (online);971649
classification performance;971649
classification results;971649
machine learning approaches;971649
military conflicts;971649
semi-automatic;971649
sequences;1659470
prefixspan;1216267
cspan;1216267
sequential pattern mining;1216267
emr;1216267
electronic medical record;1216267
clinical pathway;1216267
food recipe;1184890
markov chain;1184890
shape depiction;1783248
non-photorealistic rendering;1783248
shading;1783248
multiple scales;1783248
formskildring;1783248
ickerealistisk rendering;1783248
skuggning;1783248
skalrymdsmetoder;1783248
geometry;473366
laboratories;473366
noise shaping;473366
surface texture;473366
shape optimization;1870946
parametrization;1870946
torque;1870946
nvh;1870946
mean radial tooth force;1870946
rotor surface optimization;1870946
stator tooth-tip optimization;1870946
radial force vectors;1870946
radial force vector manipulation;1870946
formoptimering;1870946
parametrisering;1870946
vridmoment;1870946
medel radiell tandkraft;1870946
rotorytoptimering;1870946
statortandspetsoptimering;1870946
radialkraftvektorer;1870946
radiellkraftvektorkontroll;1870946
shape from texture;472972
affine deformation;472972
lower bound;13522
pebble game;13522
pebbling formula;13522
beviskomplexitet;13522
minne;13522
undre gräns;13522
pebblingspel;13522
pebblingformel;13522
technical analysis;1114719
rsi;1114719
candlestick patterns;1114719
detection rates;651164
false alarms;651164
rule set;651164
signature-based network intrusion detection systems;651164
zero day attack;651164
systems science;651164
similarity metric;1804786
virtual agents;1804786
crowd perception;1804786
folkmassasimulering;1804786
färdväg;1804786
likhetsmetrik;1804786
virtuella agenter;1804786
folkmassaperception;1804786
structuring time-series;1225265
balance responsible parties;1225265
planning and forecasting;1225265
service dependency graph;1784176
tjänsteberoendegraf;1784176
surface chemical reaction networks;1778263
molecular computing;1778263
dna computing;1778263
circuit simulation;1778263
adders;1778263
ytbundna kemiska reaktionsnätverk;1778263
molekylär beräkning;1778263
dna-beräkning;1778263
kretssimulering;1778263
additionskretsar;1778263
steering behaviour;1708157
autonomous agents;1708157
vector field;1708157
deviation;1708157
gradient;1708157
user survey;1708157
styrbeteenden;1708157
autonoma agenter;1708157
folkmassesimuleringar;1708157
vektorfält;1708157
avvikelser;1708157
användarenkät;1708157
opengl;970839
gpu computation;970839
data driven;970839
brush;970839
fastbrush;970839
market microstructure;1274759
market maker;1274759
financial agent;1274759
agent based modelling;1274759
financial artificial markets;1274759
complex systems;1274759
tensorforce;1274759
keras-rl;1274759
ppo;1274759
dqn;1274759
dealer market;1274759
limit order book;1274759
agent-based model;1464540
abm;1464540
mason;1464540
measles;1464540
airborne transmission;1464540
droplet infection;1464540
epidemic;1464540
epidemiological model;1464540
agentbaserad modell;1464540
mässling;1464540
luftburen smitta;1464540
droppinfektion;1464540
epidemi;1464540
epidemiologisk modell;1464540
vowel-vowel utterances;1471890
voice production;1471890
parallelisation;359543
runge-kutta;359543
quasi-geostrophic;359543
two-dimensional;359543
turbulence;359543
trees;233570
biology and genetics;233570
combinatorial algorithms;233570
graph algorithms;233570
heuristics;1749284,1129639
railway scheduling;1749284
maintenance planning;1749284
linjärprogrammering;1749284
heuristik;1749284
järnvägsplanering;1749284
underhållsplanering;1749284
depth camera;1568187
human pose estimation;1568187
kinematics;1568187
skeletal tracking;1568187
djupkamera;1568187
uppskattning av mänsklig pose;1568187
kinematik;1568187
rörelseregistreringssystem;1568187
skelettspårning;1568187
immune system;421684
systemic-holistic;421684
negative selection algorithm;421684
clonal selection algorithm;421684
deterrence;421684
smart homes;650328
pervasive computing;650328
ubiquitous computing;650328
multi-objective optimization;1782875
spårning genom detektion;1782875
djup förstärkningsinlärning;1782875
multiobjektiv optimering;1782875
sensor readings;1108645
sensorläsning;1108645
smartphonesensorer;1108645
particles;1692949
b-spline;1692949
mesh shaders;1692949
crdts;938613
or-set;938613
snapple;938613
cscw;350387
social awareness;350387
spatial model;350387
aether model;350387
communities;350387
knowledge;350387
encryption-based access control;812449
social;920840
software based memory correction;1106644
dram;1106644
reed-solomon;1106644
hamming;1106644
cubesat;1106644
low-earth orbit;1106644
mist;1106644
sbom;1823042
code representation;1812919
program repair;1812919
polynomial calculus;1094244
cutting planes;1094244
space complexity;1094244
computational complexity;1094244,447563
pebble games;1094244
communication complexity;1094244
cdcl;1094244
event detection;442088
image motion analysis;442088
indexing;442088
layout;442088
optical computing;442088
spatiotemporal phenomena;442088
videoconference;442088
rss prediction;907403
mobile robots;907403
rss gradient;907403
wireless prediction;907403
spatial audio;1834208
minimally invasive surgery;1834208
spatial ljud;1834208
sonifikation;1834208
kirurgiska simulationer;1834208
minimalinvasiv kirurgi;1834208
psykoakustik;1834208
scale space;1144192
scale covariance;1144192
application layer;811568
speak-up;811568
cyber attack;811568
ai coprocessor;1892789
instruktionsuppsättningsarkitektur;1892789
menstrual surveillance;1800319
the neoliberal workplace;1800319
quantified self;1800319
critical design;1800319
mensövervakning;1800319
den nyliberala arbetsplatsen;1800319
kvantifiering av jaget;1800319
kritisk design;1800319
music search;1214183
query suggestion;1214183
radiance fields;1886721
optical effects;1886721
skärpedjup;1886721
strålningsfält;1886721
optiska effekter;1886721
in-car leisure experience;1894756
wellness;1894756
multisensory;1894756
bilbaserad fritidsupplevelse;1894756
välbefinnande;1894756
multisensorisk;1894756
business logic vulnerabilities;1800316
client-side;1800316
black-box;1800316
statisk analys;1800316
sårbarheter i affärslogiken;1800316
klientsidan;1800316
dynamic hierarchies;1710199
static visualization;1710199
pixel-based visualization;1707137
scalar data;1710199
layout stability;1710199
dynamiska hierarkier;1710199
statisk visualisering;1710199
pixelbaserad visualisering;1710199
skalärdata;1710199
topologi;1710199
layout-stabilitet;1710199
conductor;931547
musical expression;931547
interference;1885507
seamcat;1885507
monte carlo simulation;1885507
radio communication;1885507
interferens;1885507
monte carlo simulering;1885507
radiokommunikation;1885507,1636796
plan recognition;11213
knowledge representation;11213
predictive situation awareness;11213
anova;817395
backpropagation;817395,787315
configurations;817395
artficial neural networks;817395
stock forecasting.;811087
manipulation;464067
server side rendering;1903931
client side rendering;1903931
page load performance;1903931
isomorphism;1903931
singel page application;1903931
multi pageapplication;1903931
rehydration;1903931
strömning;1903931
serversidig rendering;1903931
klientsidig rendering;1903931
sidladdningsprestanda;1903931
isomorfism;1903931
enkelsidig applikation;1903931
flersidig applikation;1903931
rehydrering;1903931
responsive web design;798493
experimental design;1110147
dread;1710734
attack simulation;1710734
cyber defence;1710734
attack grafer;1710734
attack simulering;1710734
cyberförsvar;1710734
affine trifocal tensor;465018
trilinear tensor;465018
perspective;465018
projection;465018
structure;465018
factorization;465018
point;465018
line;465018
ridge;465018
computer vision.;465018
adoption;1649695
students’ expectations.;1649695
gamma;1172550
bursts;1172550
mice;1172550
lfp;1172550
gamma bursts;1172550
local field potential;1172550
phase randomization;1172550
cognition;1172550
cognitive process;1172550
spike;1172550
neuron;1172550
prefrontal cortex;1172550
pfc;1172550
pre-frontal;1172550
tetrode;1172550
filtering;1172550
hilbert transform;1172550
recordings;1172550
oscillation;1172550
gamma band;1172550
human activity recognization;1280586
deepconvlstm;1280586
seq2seq model;1280586
ccs concepts;1499133
computing methodologies;1499133
data-driven animation;1499133
character control;1499133
stylometry;1601084
authorship attribution;1601084
book recommendations;1601084
stilometri;1601084
författarbestämning;1601084
vektorrum;1601084
bokrekommendationer;1601084
adaptive control;1802149
model predictive control;1802149
underwater simultaneous localization and mapping;1749931
multibeam echosounder;1749931
point cloud registration;1749931
undervattens simultan lokalisering och kartläggning;1749931
multibeam ekolod;1749931
punktmolnsregistrering;1749931
medical image processing;1887988
4d flow mri;1887988
flow field enhancement;1887988
medicinsk bildbehandling;1887988
generativa adversariala nätverk;1887988
convolutional neurala nätverk;1887988
flödesförbättring;1887988
industrial robot;846825
error recovery;846825
somaesthetic design;1782874
touch;1782874
care;1782874
design methods;1782874
somaestheticdesign;1782874
beröring;1782874
omsorgsfullhet;1782874
designmetoder;1782874
forskning genom design;1782874
photovoltaics;1875521
vibration;1875521,1875521
i2c;1875521
power saving;1875521
wireless sensor;1875521
nordics;1875521
energiskördning;1875521
energiutvinning;1875521
solpaneler;1875521
energibesparing;1875521
trådlösa sensorer;1875521
strömsnålhet;1875521
låg effekt;1875521
mänskligt beteende;1595839
sign language;1110147
sign language recognition;1110147
sign language assessment;1110147
statistical testing;1110147
statistical evaluation;1110147
teckenspråk;1110147
igenkänning av svenskt teckenspråk;1110147
teckenspråks tv spel;1110147
teckenspråklig bedömning;1110147
experimentell design;1110147
statistisk testning;1110147
statistisk utvärdering;1110147
spatio-temporal machine learning;1149133
spatio-temporal maskininlärning;1149133
gsm repeater;1868493
echo-detection;1868493
gsm channel estimation;1868493
gsm-repeatrar;1868493
eko-detektion;1868493
gsm-kanaluppskattning;1868493
text generation;1640134
tabular data;1640134
syntetisk data;1640134
tabelldata;1640134
pedestrian wayfinding;927120
salience;927120
route instructions;927120
multilingual models;1698451
cross-lingual transfer;1698451
naturlig bearbetning av språk;1698451
kunskapsdestillation;1698451
flerspråkiga modeller;1698451
tvärspråklig inlärningsöverföring;1698451
time series regression;1853540
recurrent neural networks (rnn);1853540
long short-term memory (lstm);1853540
graph convolutional networks (gcn);1853540
intelligent transportation systems (itp);1853540
short term traffic prediction (sttp);1853540
crowd insights;1853540
regression av tidsserier;1853540
smarta transportsystem;1853540
folkströmsdata;1853540
image retrieval;895467
tbir;895467
cbir;895467
wordnet;895467
text-based image search;895467
content-based image search;895467
technical term extraction;915512
keyphrase extraction;915512
terminology;915512
facktermsdetektering;915512
nyckelordsextraktion;915512
terminologi;915512
constraint propagation;114287
openqa;1711521
multilingual transformers;1711521
document retrieval;1711521
data augmentation.;1711521
flerspråkiga transformatorer;1711521
dokumenthämtning;1711521
dataförstärkning.;1711521
personalized marketing;839128
privacy concern;839128
sales paradigm;839128
personlig marknadsföring;839128
privatliv;839128
mjukvara;839128
dataspel;839128
säljparadigm;839128
internet;275298
robotic face;871461
kinect;858059
microsoft kinect;871461
telepresence;843594
robotiskt ansikte;871461
electric boat;1712828
cooling system;1712828
temperature predictive model;1712828
elektrisk båt;1712828
kylsystem;1712828
digital tvilling;1712828
temperaturförutsägande model;1712828
scalar field visualization;1707137
augmented merge tree;1707137
treemaps;1273957
temporal trees;1273957
costmap;858059
ros;858059
orb;858059
registration;858059
obstacles;858059
visual;858059
odometry;858059
iterative;858059
rcv;858059
aick;872111
gridmap;858059
pose;858059
point-cloud;858059
tdd;806620
test-driven development;806620
onboard orbit determination system;1750939
gnss;1750939
nanosatellite;1750939
verification and validation;1750939
ombord banbestämning;1750939
nanosatellit;1750939
verifikation och validering;1750939
word embedding;1589461
resume ranking;1589461
semantic meaning;1589461
ordinbäddning;1589461
cv rankning;1589461
semantisk betydelse;1589461
#csp;447563
dichotomy theorem;447563
counting problems;447563
gitops;1887989
docker containers;1887989
continuous integration and continuousdelivery/deployment;1887989
pulumi;1887989
argo cd;1887989
docker-containrar;1887989
kontinuerlig integration och kontinuerligleverans/deployment;1887989
garment fit;1180843
online garment shopping;1180843
crowd simulations;1609857
evacuation simulations;1609857
exits;1609857
exit layout;1609857
diminishing returns;1609857
simulering av folkmassor;1609857
simulering av evakueringar;1609857
utgångar;1609857
utgångslayout;1609857
avtagande avkastning;1609857
batch normalization;955562
website fingerprinting;1046673
correlation attacks;1046673
dns;1046673
dynamic vision sensor;1597427
noise reduction;1597427
filter performance evaluation;1597427
histogram of averaged time surfaces;1597427
neuromorphic vision;1597427
event-based vision;1597427
dynamisk synsensor;1597427
brusreducering;1597427
utvärdering av filter prestanda;1597427
histogram av genomsnittliga tidsytor;1597427
neuromorfisk synsensor;1597427
händelsebaserad syn;1597427
shor’s algorithm;1797607
kvantdatorer;1797607
shors algorithm;1797607
brus;1797607
pbd;1136574
pia;1136574
pul;1136574
privacy impact assessment;1136574
privacy by design;1136574
directive 95/46/ec;1136574
general data protection regulations;1136574
silago;1792964
global interconnection;1792964
synchronous dataflow;1792964
network on chip;1792964
global sammankoppling;1792964
synkront dataflöde;1792964
nätverk på chip;1792964
c2tla+;1847464
tla+;1847464
modellprövning;1847464
industry 4.0;1913447
user ownership;1653009
expert users;1653009
knowledge-sharing;1653009
long-short term memory;1188541
slice;1188541
parsing method;1188541
slice parsing;1188541
event parsing;1188541
time-slice;1188541
event-based;1188541
slice-based;1188541
signal data;1188541
temporal data;1188541
temporal sequence;1188541
multivariate;1188541
unequally spaced;1188541
unevenly spaced;1188541
irregularly spaced;1188541
sics;1188541
saga;1188541
evacuation;1597397
social distance;1597397
covid19;1597397
folkmassa;1597397
evakuering;1597397
social distansering;1597397
graph decomposition;811055
strongly connected component;811055
pursuit-evasion;811055
search number;811055
el-system;811055
formal grammar;811055
greedy heuristic;811055
geo-distributed systems;844010
replica selection algorithms;844010
somaesthetics;1635520
rocking;1635520
human machine interaction;1153080
microcontroller.;1635520
online signature verification;874820
signature verification;874820
dynamic time warp;874820
pressure sensitivity;874820
susig;874820,874820
sabanci university signature database;874820
signaturverifiering;874820
tryckkänslighet;874820
acoustic analysis;774961
adult;774961
anger;774961
article;774961
controlled study;774961
fear;774961
female;774961
happiness;774961
human;774961
human experiment;774961
male;774961
middle aged;774961
motor activity;774961
normal human;774961
sadness;774961
sound detection;774961
sound intensity;774961
walking;774961
wind power prediction;1068236
card sort;134361
information structure;134361
cultural difference;134361
cultural usability;134361
software  design;1253472
run-time;1253472
communication establishment;1253472
solo first pair second programming;1584585
sfpsp;1584585
modern software development;1584585
pair programming;1584585
solo programming;1584585
agila metoder;1584585
modern mjukvaruutveckling;1584585
parprogrammering;1584585
soloprogrammering;1584585
volumetric clouds;1782871
ray marching;1782871
bilinear interpolation;1782871
adaptive sampling;1782871
volymetriska moln;1782871
bilinjär interpolering;1782871
adaptiv sampling;1782871
manufacturing processes;1778301
workflow optimization;1778301
tillverkningsprocesser;1778301
datavisualisering;1642320
arbetsflödesoptimering;1778301
otc derivatives;1118387
logistics;1801204
3d bin packing;1801204
logistik;1801204
3d-lådpackning;1801204
threat assessment;1882693
vulnerabilities;1636796
rf communication;1636796
smart office;1636796
”internet av saker”;1636796
hotbedömning;1636796
hotmodelering;1636796
sårbarheter;1636796
smarta kontorn;1636796
it attacks;838530
it-angrepp;838530
air-traffic management;1814839
weather data;1814839
numerical weather prediction;1814839
satellite images;1814839
treemap;1129639
tiling;1129639
metrics;1129639
aspect ratio;1129639
orientation agnostic;1129639
oaar;1129639
foaar;1129639
orientation;1129639
offset factor;1129639
offset quotient;1129639
infoviz;1129639
macro-economic metaphor;1129639
eat the poor;1129639
eat the rich;1129639
subsidy;1129639
welfare;1129639
speech processing;1885510
finbert;1885510
financial analysis;1885510
speech sentiment;1885510
speech emotion recognition;1885510
text sentiment;1885510
talbehandling;1885510
finansiell analys;1885510
ljudsentiment;1885510
textsentiment;1885510
"""inverse scattering"" ""fdtd"" ""minimization"" ""adjoint""";7734
building aerodynamics;1614202
wind engineering;1614202
fenics;1614202
adaptive mesh refinement;1614202
atmospheric boundary layer;1614202
direct finite element simulation;1614202
byggnadsaerodynamik;1614202
vindteknik;1614202
adaptiv nätförfining;1614202
atmosfäriskt gränsskikt;1614202
direkt finita elementsimulering;1614202
linguistic;927314
spell checker;927314
lingvistik;927314
grammatikgranskare;927314
topic moderation;1853319
group discussion;1853319
non-verbal features;1853319
sequential data modeling;1853319
människa-robotinteraktion;1853319
ämnesmodellering;1853319
gruppdiskussion;1853319
icke-verbala egenskaper;1853319
sekventiell datamodellering;1853319
offset;311490
printing;311490
gamut;311490
profile;311490
calibration;311490
gcr;311490
ucr;311490
characterization;311490
gray balance;311490
decentralised information systems;1093416
decentraliserade informationssystem;1093416
sociala nätverk;1093416
sistemas de información descentralizados;1093416
sistemas distribuidos;1093416
privacidad;1093416
redes sociales;1093416
weblogs (blogs);391634
social network sites (osns);391634
facebook;391634
pipelined processor;1821827
out-of-order execution;1821827
informationsflöde;1821827
förfining;1821827
interaktiva bevisprogrammet;1821827
seriellt gränssnitt;1821827
mikroarkitektur;1821827
omordnad exekvering;1821827
multi-party interactions;1585967
non-verbal behaviors;1585967
eye-gaze patterns;1585967
head gestures;1585967
artificial listener;1585967
social signal processing;1585967
motion generation;1664509
referring actions;1664509
pointing gestures;1664509
distributed objects;749552
implementation correctness;749552
network protocols;749552
object mobility;749552
intelligent systems;1755956
differential privacy;1808715,1701846
hyperparameter selection;1808715
adaptive optimization;1808715
privacy amplification;1808715
importance sampling;1808715
dataskydd;1808715
differentiell integritet;1808715
dimensionsreducering;1808715
hyperparameterurval;1808715
adaptiv optimering;1808715
integritetsförstärkning;1808715
nonlinear dimensionality reduction;1642320
inverse projection;1642320
algorithmic topology;1642320
data visualisation;1642320
unsupervised representation learning;1642320
topological machine learning;1642320
betti number;1642320
simplicial complex;1511175
witness complex;1642320
simplicial map;1642320
simplicial regularization.;1642320
variations autokodare;1642320
ickelinjär dimensionalitetsreducering;1642320
invers projektion;1642320
beräkningstopologi;1642320
algoritmisk topologi;1642320
topologisk data analys;1642320
oövervakat representationsinlärning;1642320
topologisk maskininlärning;1642320
betti-nummer;1642320
simplicielt komplex;1642320
vittneskomplex;1642320
simpliciel avbildning;1642320
simpliciel regularisering.;1642320
bounce;1267392
följning;1267392
studs;1267392
syntetiskt data;1267392
geo-awareness;1118834
trend analysis;1118834
streaming media;1118834
geo-aware topic model lda latent dirichlet geographic location;953540
joint-embedding predictive architectures;1856441
multi-object tracking;1856441
prediktiva arkitekturer med gemensam inbäddning;1856441
spårning av flera objekt;1856441
wireless sensor node design;398986
receiver;398986
simulator;398986
transceiver circuits;398986
system-level design and performance verification;398986
dense retrieval;1713362
binary retrieval;1713362
semantic search;1713362
colbert;1713362
msmarco;1713362
tät informationssökning;1713362
binär informationssökning;1713362
semantisk sökning;1713362
ms marco;1713362
traﬀic state estimation;1810970
macroscopic traﬀic model;1810970
extended kalman filter;1810970,1155019
particle filter;1810970
trafiklägesuppskattning;1810970
makroskopisk trafikmodell;1810970
utökad kalman-filter;1810970
partikelfilter;1810970
datafusion;1810970
media access control;1512016
real-time communication;1512016
traffic distribution;1512016
wireless network on chip;1512016
servers;1512016
wireless interconnects;1512016
arbitration mechanisms;1512016
average case performance;1512016
communication platforms;1512016
multi-core embedded systems;1512016
network-on-chip(noc);1512016
optimization modeling;1512016
optimization techniques;1512016
performance optimizations;1512016
network-on-chip;1512016
predictive model;787315
price;787315
condominium;787315
stockholm;787315
inductive conformal prediction;787315
backprop;787315
öppen data;787315
estimera priset;787315
bostadsrättslägenhet;787315
synthetic data set;1464537
generating synthetic data set;1464537
machine learning model;1464537
character recognition in natural images;1464537
char74k;1464537
icdar2003.;1464537
syntetiskt dataset;1464537
generera syntetiskt data;1464537
maskininlärningsmodell;1464537
djuplärning;1464537
konvolutionära neurala nätverk;1464537
teckenigenkänning i bilder;1464537
icdar2003;1464537
multi-agent collaboration;1271052
adaptation models;1882693
heuristic algorithms;1882693
stability analysis;1882693
fleet;820956
interactive;820956
services;820956
c200;820956
communicator;820956
interactor;820956
telematics;820956
truck;820956
office;820956
hauler;820956
messaging;820956
platform;820956
forest monitoring;1885502
tree identification;1885502
tree crown detection;1885502
tree of thought;1909318
analogous thinking;1909318
problem-solving;1909318
zero-shot problems;1909318
analogt tänkande;1909318
problemlösning;1909318
initialförsöksproblem;1909318
verifiable computation;1111933,1111933
software defined networking (sdn);1713727
path recovery;1713727
end-hosts connectivity;1713727
connectivity prioritization;1713727
programming protocol-independent packet processors (p4);1713727
phasor measurement unit (pmu)s;1713727
application programming interfaces (api);798214
computer software reusability;798214
distributed memory architecture;798214
parallel application;798214
peak performance;798214
programming models;798214
scheduler implementation;798214
task granularity;798214
task parallelism;798214
task performance;798214
convex hull;1105811
iterative orthant scan;1105811
minimal polygon;1105811
credit scoring;790367
two-stage logistic regressions;790367
absolute localization;1588971
cross-view;1588971
neural network interpretation;1588971
obemannad luftburet fordon;1588971
absolut lokalisering;1588971
kors-perspektiv;1588971
neural nätverkstolkning;1588971
lpi radar;1592816
uncertainty quantification;1592816
bayesian neural networks;1592816
deep ensembles;1592816
osäkerhetsskattning;1592816
bayesianska neurala nätverk;1592816
djupa ensembler;1592816
continuous integration practices;1897046
financial technology;1897046
large-scale software development;1897046
gitlab ci;1897046
kontinuerlig integrationsmetoder;1897046
finansiell teknologi;1897046
storskalig programvaruutveckling;1897046
autonomous underwater vehicles;1794943
hotmodelling;1794943
autonoma undervattensrobotar;1794943
social robotics;1887991
multi-modal human-robot interaction;1887991
intent communication;1887991
interaction design.;1887991
mänsklig-robot-interaktion;1887991
social robotik;1887991
multimodal mänsklig-robot-interaktion;1887991
kommunikation av avsikt;1887991
interaktionsdesign.;1887991
border gateway protocol;1660342
stealthy hijacking;1660342
bgp hijacking;1660342
route collector;1660342
junit;1909325
xunit.net;1909325
automatic test generation;1909325
productivity gain;1909325
generative pre-trained transformer;1895917
github copilot;1909325
enhetstestning;1909325
generativ artificciell intelligens;1909325
stora språk modeller;1909325
automatiserad testsvitsgenerering;1909325
kodtäckning;1909325
another tool for language recognition;1909325
instruction selection;1185339
museum experience;1793353
experience economy;1793353
extended museum visit;1793353
experimental marketing;1793353
museiupplevelse;1793353
upplevelseekonomi;1793353
det förlängda museibesöket;1793353
experimentell marknadsföring;1793353
query generation;1895801
in-context learning;1895801
generering av frågor;1895801
inkontextinlärning;1895801
receipt;1146710
mixed type data;1219916
usability study;1894307
assistive communication tools;1894307
morse code;1894307
användbarhetsstudie;1894307
hjälpmedel för kommunikation;1894307
haptisk feedback;1894307
morsekod;1894307
hardware security modules;1913442
kmip;1913442
pkcs#11;1913442
hardware security module;1913442
user satisfaction;1634133
moderation;1789914,1789914
self-moderation;1789914
safety;1789914
självmoderering;1789914
ansvarighet;1789914
verifikation;1789914
biomechanical articulatory model;971288
vocal tract geometry;971288
vocal tract acoustics;971288
telenärvaro;843594
kneeling;1201480
postural transitions;1201480
query expansion;1243318
elasticsearch;1243318
clickstream;1243318
electronic health record;1632685,1632685
dropout prediction;1632685
tidsserieförutsägelser;1632685
deltagandebortfall;1632685
log anomaly detection;1895917
telecommunication logs;1895917
logg anomali detektion;1895917
telekommunikation loggar;1895917
scm;851524
spectral element method;1710487
graphical processing units;1710487
message passing interface;1710487
högprestandaberäkningar;1710487
spektralelementmetoden;1710487
grafikprocessorer;1710487
meddelandeförmedlingsgränssnitt;1710487
layer-wise relevance propagation;1320166
sensitivity analysis;1320166
time estimation;1713358
forms;1713358
tidsestimering;1713358
formulär;1713358
résumé;947155
morphology;947155
mint project;1710481
video annotating;1710481
hyperpose;1710481
3d-distance approximation;1710481
mint-projektet;1710481
videoannotering;1710481
uppskattning av 3d-sträcka;1710481
online communication;1913448
secure communication;1913448
kommunikation på nätet;1913448
säker kommunikation;1913448
hemlighetsdelning;1913448
automatic summarization;1116765
textrank;1116765
semantic folding;1116765
extractive document summarization;1116765
lateral gene tranfer;220830
horizontal gene transfer;220830
cancer progression;220830
utility library;1778279
ecma;1778279
verktygsbibliotek;1778279
webb;1778279
paraphrase generation;1887428
prompt engineering;1887428
conversational ai;1887428
parafrasgenerering;1887428
promptkonstruktion;1887428
konversations-ai;1887428
ablation studies;1941572
feature ablation;1941572
model ablation;1941572
electric propulsion;1805003
field emission electric propulsion testing;1805003
feep testing;1805003
thruster testing;1805003
heaterless hollow cathode testing;1805003
hhctesting;1805003
cathode testing;1805003
anode design;1805003
anode configuration;1805003
electrical interface;1805003
elektrisk framdrivning;1805003
fältjonisationsframdrivningstestning;1805003
framdrivningstestning;1805003
värmelös hålkatodstestning;1805003
katodtestning;1805003
anoddesign;1805003
anodkonfiguration;1805003
elektriskt gränssnitt;1805003
attack simulations;1596039
enterprise systems;1596039
attacksimuleringar;1596039
företagssystem;1596039
observational model · side-channel analysis and countermeasures · embedded systems security · model-based testing;1615024
observationsmodell · sidokanal analys och motåtgärder · inbyggda system säkerhet · model-baserad testning;1615024
hedonic pricing method;1701846
privacy regulation;1701846
valuation;1701846
valuing emerging technologies;1701846
valuing non-market goods and services;1701846
mobility;1701846
phylogenetic inference;1871793
subsplit bayesian networks;1871793
gene duplication and loss;1871793
reconciliation;1871793
fylogenetisk inferens;1871793
variationsinferens;1730521
subsplit bayesianska nätverk;1871793
genträd;1871793
artträd;1871793
genduplikation och förlust;1871793
försoning;1871793
single-cell dna sequencing;1730521
cell lineage tree;1730521
bayesian phylogenetic tree inference;1730521
encellig dna-sekvensering;1730521
cellhärkomstträd;1730521
bayesiansk fylogenetisk trädinferens;1730521
varyasyonel çıkarım;1730521
tek hücre dna dizilimi;1730521
hücre soy ağacı;1730521
bayesçi filogenetik ağaç çıkarımı;1730521
functional requirements;957404
embedded;957404
c;957404
gateway;1884875
vulnerability testing;1884875
network mapper;1884875
sårbarhetstestning;1884875
formal verification proverif state counter applied pi calculus freshness security protocols;846632
probabilistic contracts;1751015
automata;1751015
view planning object modeling uav;1168512
viewpoint topic model;951119
cluster validation;898710
number of clusters;898710
autonomous vehicles (avs);1153080
self-driving car;1153080
virtual reality (vr);1153080
pedestrian-vehicle interaction;1153080
implicit interaction;1153080
interaction design (ixd);1153080
human-computer interaction (hci);1153080
drone;1108625
r-fcn;1108625
vision transformer;1887987
photomask;1887987
fotomask;1887987
video encoding;1788172
adaptive quantization;1788172
visuellt fokus;1788172
adaptiv kvantisering;1788172
saliency map;470155
compter vision;470155
line detection;859759
autonomous vehicle;859759,1155019
adas;859759
openstreetmap;859759
video tracking;1269787
discriminative correlation filter;1269787
compressed video;1269787
bandwidth balancing;1269787
network traffic;1269787
dator vision;1269787
video spårning;1269787
diskriminerande korrelationsfilter;1269787
komprimerad video;1269787
bandbredd balansering;1269787
nätverkstrafik;1269787
haar-like features;847992
alpr;847992
google glass;847992
cascade classifier;847992
visual inertial odometry;1155019
control flow graphs;796984
sugiyama framework;796984
graph layout generation;796984
accumulated;812135
experimental;812135
processmining;1708140
agilematurity;1708140
issuetrackingsystem;1708140
software process improvement;1708140
the scaled agile framework;1708140
inductive visual miner;1708140
agil mognad;1708140
ärendehanteringssystem;1708140
mjukvaruprocessförbättring;1708140
pediatric obesity treatment;1804071
clinical decision support system;1804071
health data;1804071
barnobesitas behandling;1804071
system för kliniskt beslutsstöd;1804071
hälsodata;1804071
marching cubes;846354
directx;846354
volumetric rendering;846354
delaunay complex;1511175
linear interpolation;1511175
voronoi diagram;1511175
clustering algorithms;1511175
complex networks;1511175
filtration;1511175
graphic methods;1511175
interpolation;1511175
learning algorithms;1511175
piecewise linear techniques;1511175
delau-nay triangulations;1511175
exact computations;1511175
high dimensional data;1511175
machine learning applications;1511175
piecewise linear interpolations;1511175
randomized approximation;1511175
falsification attacks;1779730
maneuver coordination protocols;1779730
maneuver coordination service;1779730
smart vehicles;1779730
vehicular systems;1779730
vulnerability analysis;1779730
webtaint;1230123
taint tracking;1230123
dynamic taint tracking;1230123
weight perception;1885306
velocity limiting;1885306
control/display ratio modification;1885306
viktuppfattning;1885306
hastighetsbegränsning;1885306
ändring av kontroll/visningsförhållande;1885306
spelling correction;1116701
edit distance;1116701
spotify;1116701
trie;1116701
damerau;1116701
levenshtein;1116701
smart garage;1464458,1464458
penerationstestning;1464458
ieee 802.11;1913447
industrial wi-fi;1913447
wireless local area networks;1913447
industrial applications;1913447
industriell wi-fi;1913447
trådlösa lokala nätverk;1913447
industri 4.0;1913447
industriella tillämpningar;1913447
domain-specific information retrieval;1237438
cross-language information retrieval;1237438
bilingual embeddings;1237438
domänspecifik informationssökning;1237438
tvärspråklig informationssökning;1237438
tvåspråkiga inbäddningar;1237438
scientific workflows;1149093,1149093
scalable execution;1149093,1149093
provenance;1149093,1149093
system sssciences;7325
machine learning music;1061742
attention guidance;1886755
diegetic;1886755
uppmärksamhetsguiding;1886755
diegetisk;1886755
närvaro;1886755
explainable artficial intelligence;1712831
model reduction;1712831
förklarlig ai;1712831
modellreduktion;1712831
cockpit display system;1634246
compiler correctness;1634246
transpiler;1634246
cockpitpresentationssystem;1634246
kompilatorkorrekthet;1634246
kompilator;1634246
transpilator;1634246
transpilator;1634246
