query_id,author_id,query,PID,score
0,1,clang,1608961,3
1,1,code generation,1608961,3
1,1,code generation,1185339,0
2,1,cuda,1105924,3
3,1,debugging,947287,0
4,1,parallel computing,1608961,3
4,1,parallel computing,947130,0
5,1,clang,1608961,3
6,1,kodgenerering,1608961,3
7,1,cuda,1105924,3
8,1,felsökning,1608961,3
9,1,parallella beräkningar,1608961,3
10,3,deep learning,1712831,0
11,3,convolutional neural network,1588971,0
12,3,homography,1238488,3
13,8,simulated annealing,1797611,3
14,8,genetic algorithm,787315,0
15,8,university timetabling problem,929059,3
16,8,cross-platform application,1246007,3
17,8,react native,1246007,3
18,8,progressive web application,1702137,0
19,8,pwa,1246007,3
20,8,ueq,1246007,3
21,8,android,970839,0
22,9,simulated annealing,1797611,3
23,9,genetic algorithm,787315,0
24,9,university timetabling problem,929059,3
25,9,sentiment analysis,1885510,0
26,9,machine learning,1511175,3
27,9,sentiments,1241148,3
28,9,ml,1267392,3
29,9,ai,1216455,3
29,9,ai,1241148,3
29,9,ai,1241148,3
29,9,ai,908072,0
29,9,ai,908072,0
29,9,ai,1278712,3
29,9,ai,1278712,3
30,9,neural networks,1194112,0
30,9,neural networks,1320166,3
31,9,ann,1188541,0
32,9,artificial neural networks,1231223,0
32,9,artificial neural networks,846386,0
32,9,artificial neural networks,1200633,3
32,9,artificial neural networks,1632685,0
33,9,convolutional neural network,1588971,0
34,9,cnn,1613536,0
35,9,language technology,1241148,3
36,9,natural language,1894752,0
37,9,news,1241148,3
38,9,titles,1241148,3
38,9,titles,1710603,0
39,9,swedish,947155,0
40,9,sentimentanalys,1885510,0
41,9,maskininlärning,1269787,0
42,9,sentiment,1241148,3
43,9,neuronnät,927359,3
43,9,neuronnät,1241148,3
43,9,neuronnät,1241848,1
44,9,artificiella neuronnät,1241148,3
44,9,artificiella neuronnät,1108645,3
45,9,nyheter,1241148,3
46,9,nyhetsrubriker,1241148,3
47,9,språkteknologi,1589461,3
48,14,d3 comparative server rendering client real-time visualization node,1106836,3
49,15,d3 comparative server rendering client real-time visualization node,1106836,3
50,18,artificial neural network,927335,3
50,18,artificial neural network,893039,0
50,18,artificial neural network,1108645,3
50,18,artificial neural network,1188541,0
51,18,hybrid,1737684,3
52,18,comparative study,811673,3
52,18,comparative study,1239046,3
53,19,artificial neural network,927335,3
53,19,artificial neural network,893039,0
53,19,artificial neural network,1108645,3
53,19,artificial neural network,1188541,0
54,19,hybrid,1737684,3
55,19,comparative study,811673,3
55,19,comparative study,1239046,3
56,19,churn prediction,1711505,0
56,19,churn prediction,1119205,3
56,19,churn prediction,1153731,0
57,19,churn,1901072,0
57,19,churn,1119205,3
58,19,prediction,1702702,0
58,19,prediction,275298,0
59,19,recurrent neural network,1805224,0
59,19,recurrent neural network,1119205,3
59,19,recurrent neural network,1188541,0
60,19,rnn,1267392,3
61,19,customer lifetime value,1119205,3
62,19,clv,1119205,3
63,24,augmented reality,1793353,0
64,24,geographic information systems,1231251,3
65,24,global positioning system,1231251,3
66,24,user experience,1634133,3
67,24,mobile augmented reality,1231251,3
68,26,web app,1231519,3
69,26,native app,1231519,3
70,26,multi-criteria decision-making,1231519,3
71,27,java,1230123,0
72,27,kotlin,1793389,3
73,27,android,970839,0
74,27,android runtime,1231573,3
75,27,art,1231573,3
76,27,clbg,1231573,3
77,27,computer language benchmarks game,1231573,3
78,27,runtime,1231573,3
78,27,runtime,954999,0
79,27,performance,1778279,3
80,27,runtime,1231573,3
80,27,runtime,954999,0
81,27,memory consumption,1231573,3
82,27,garbage collection,1793389,3
83,27,boxing of primitives,1231573,3
84,27,java,1230123,0
85,27,kotlin,1793389,3
86,27,android,970839,0
87,27,android runtime,1231573,3
88,27,art,1231573,3
89,27,clbg,1231573,3
90,27,computer language benchmarks game,1231573,3
91,27,prestanda,1778279,3
92,27,körtid,1231573,3
93,27,minnesanvändning,1231573,3
94,27,garbage collection,1793389,3
95,27,boxing av primitiver,1231573,3
96,30,automatic parallelization,1256056,3
97,30,benchmark,1778306,0
97,30,benchmark,837145,0
97,30,benchmark,1256056,3
97,30,benchmark,1904964,0
97,30,benchmark,1904964,0
98,30,polybench,1256056,3
99,30,npb,1256056,3
100,30,icc,311490,0
101,30,cetus,1256056,3
102,30,autopar,1256056,3
103,30,tc optimizing compiler,1256056,3
104,30,pluto,1256056,3
105,32,web search,1233300,3
106,32,click modeling,1233300,3
107,32,machine learning,1511175,3
108,32,recurrent neural networks,1215272,3
108,32,recurrent neural networks,1118598,3
108,32,recurrent neural networks,1267392,3
108,32,recurrent neural networks,1267392,3
108,32,recurrent neural networks,1257845,0
109,32,artificial neural networks,1231223,0
109,32,artificial neural networks,846386,0
109,32,artificial neural networks,1200633,3
109,32,artificial neural networks,1632685,0
110,33,ml,1267392,3
111,33,machine learning,1511175,2
112,33,neural networks,1194112,0
112,33,neural networks,1320166,3
113,33,recurrent neural networks,1215272,3
113,33,recurrent neural networks,1118598,3
113,33,recurrent neural networks,1267392,3
113,33,recurrent neural networks,1267392,3
113,33,recurrent neural networks,1257845,0
114,33,nn,1246205,3
115,33,rnn,1267392,3
116,33,lstm,1188541,0
117,33,long short-term memory networks,1246205,3
118,33,anomaly detection,1887987,3
119,33,public transport,1246205,3
120,33,big data,1359662,0
121,33,data analysis,1068236,0
122,36,artificial neural network,927335,3
122,36,artificial neural network,893039,0
122,36,artificial neural network,1108645,3
122,36,artificial neural network,1188541,0
123,36,random forest,1749935,0
124,36,machine learning,1511175,2
125,36,stock prediction,817395,3
126,36,forecasting,1231223,0
127,36,regression,1713358,3
128,36,decision tree,1562606,3
128,36,decision tree,1217917,3
128,36,decision tree,1217917,3
129,36,feed foward neural network,927335,3
130,36,stock,1884879,0
131,37,artificial neural network,927335,3
131,37,artificial neural network,893039,0
131,37,artificial neural network,1108645,3
131,37,artificial neural network,1188541,0
132,37,random forest,1749935,0
133,37,machine learning,1511175,3
134,37,stock prediction,817395,3
135,37,forecasting,1231223,0
136,37,regression,1713358,3
137,37,decision tree,1562606,3
137,37,decision tree,1217917,3
137,37,decision tree,1217917,3
138,37,feed foward neural network,927335,3
139,37,stock,1884879,0
140,41,clustering,898710,2
141,41,cluster analysis,1702325,0
141,41,cluster analysis,1219916,0
142,41,machine learning,1511175,1
143,41,degoo,1239046,3
143,41,degoo,1239046,3
144,41,image clustering,1239046,3
144,41,image clustering,1220095,3
145,41,comparative study,811673,3
145,41,comparative study,1239046,3
146,41,klustring,1788170,3
147,41,klusteranalys,1702325,0
148,41,maskininlärning,1269787,0
149,41,bildklustring,1239046,3
150,41,jämförande studie,1239046,3
151,42,query systems,1783240,3
152,42,parallelism,1912183,3
153,42,incremental computation,1783240,3
154,42,compiler architecture,1783240,3
155,42,dependency tracking,1783240,3
156,42,query system,1783240,3
157,42,parallelism,1912183,3
158,42,inkrementella beräkningar,1783240,3
159,42,kompilatorer,1741049,3
159,42,kompilatorer,1783240,3
160,42,beroende spårning,1783240,3
161,50,traffic lights,1214166,3
162,50,reinforcement learning,1882693,0
163,50,traffic control system,1214166,3
164,50,comparison,1774212,3
164,50,comparison,812042,3
165,50,intersection,1214166,3
166,50,waiting time,1214166,3
167,50,longest queue first,1214166,3
168,50,trafikljus,1214166,3
169,50,förstärkande inlärning,1851716,0
170,50,trafikkontrollsystem,1214166,3
171,50,jämförelse,1778306,0
172,50,korsning,1214166,3
173,50,längst kö först,1214166,3
174,51,traffic lights,1214166,3
175,51,reinforcement learning,1882693,0
176,51,traffic control system,1214166,3
177,51,comparison,1774212,3
177,51,comparison,812042,3
178,51,intersection,1214166,3
179,51,waiting time,1214166,3
180,51,longest queue first,1214166,3
181,51,trafikljus,1214166,3
182,51,förstärkande inlärning,1851716,0
183,51,trafikkontrollsystem,1214166,3
184,51,jämförelse,1778306,0
185,51,korsning,1214166,3
186,51,längst kö först,1214166,3
187,52,serverless,1692921,0
188,52,cloud computing,1359662,0
189,52,load testing,1692921,0
189,52,load testing,1801007,3
190,52,azure,1774209,3
191,52,rest,1253472,0
192,52,serverlös,1692921,0
193,52,datormoln,1900413,0
194,52,belastningstestning,1592510,0
195,52,azure,1774209,3
196,52,rest,1253472,0
197,53,serverless,1692921,0
198,53,cloud computing,1359662,0
199,53,load testing,1692921,0
199,53,load testing,1801007,3
200,53,azure,1774209,3
201,53,rest,1253472,0
202,53,serverlös,1692921,0
203,53,datormoln,1900413,0
204,53,belastningstestning,1592510,0
205,53,azure,1774209,3
206,53,rest,1253472,0
207,58,code analysis,1865596,3
208,58,code transformation,1608667,3
209,58,metamodel,1608667,3
210,58,abstract representation,1608667,3
211,58,kotlin,1793389,3
212,58,spoon,1608667,3
213,58,källkodsanalys,1608667,3
214,58,kodtransformation,1608667,3
215,58,metamodell,1608667,3
216,58,abstrakt representation,1608667,3
217,58,kotlin,1793389,3
218,58,spoon,1608667,3
219,64,blockchain,1230535,3
219,64,blockchain,1111933,0
219,64,blockchain,1111933,0
220,64,attacks,1815072,3
221,64,ethereum,1908608,0
222,64,solana,1815072,3
223,64,corda,1815072,3
224,64,oracle,1815072,3
225,64,blockkedja,1815072,3
225,64,blockkedja,1268555,3
226,64,attacker,1815072,3
227,64,ethereum,1908608,0
228,64,solana,1815072,3
229,64,corda,1815072,3
230,64,orakel,1815072,3
231,75,datalog,1708139,3
232,75,decompiler,1708139,3
233,75,webassembly,1668630,0
234,75,logic programming,1708139,3
235,75,bytecode,1708139,3
235,75,bytecode,860991,0
236,75,datalog,1708139,3
237,75,dekompilator,1708139,3
238,75,webassembly,1668630,0
239,75,logic programming,1708139,3
240,75,bytecode,1708139,3
240,75,bytecode,860991,0
241,81,machine learning,1511175,2
242,81,lstm,1188541,0
243,81,music search,1214183,3
244,81,query suggestion,1214183,3
245,82,autoencoder dimensionality reduction attribute elimination,1120685,3
246,83,chatbots,1199249,0
247,83,machine learning,1511175,3
248,83,deep learning,1712831,0
249,83,sequence to sequence learning,1139496,3
250,83,conversation systems,1139496,3
251,83,end-to-end trainable,1139496,3
252,83,task-oriented chatbot,1139496,3
253,84,application programming interfaces (api),798214,3
254,84,computer software reusability,798214,3
255,84,distributed memory architecture,798214,3
256,84,parallel application,798214,3
257,84,peak performance,798214,3
258,84,programming models,798214,3
259,84,scheduler implementation,798214,3
260,84,task granularity,798214,3
261,84,task parallelism,798214,3
262,84,task performance,798214,3
263,85,application programming interfaces (api),798214,3
264,85,computer software reusability,798214,3
265,85,distributed memory architecture,798214,3
266,85,parallel application,798214,3
267,85,peak performance,798214,3
268,85,programming models,798214,3
269,85,scheduler implementation,798214,3
270,85,task granularity,798214,3
271,85,task parallelism,798214,3
272,85,task performance,798214,3
273,92,mobile app development,1887938,3
274,92,progressive web app,1887938,3
275,92,cross-platform development,1887938,3
276,92,user experience,1634133,3
277,92,react,1903931,0
278,92,react native,1246007,3
279,92,android,970839,0
280,92,ios,1793389,3
281,92,mobilapputveckling,1887938,3
282,92,progressiv webbapp,1887938,3
283,92,multiplattformsramverk,1887938,3
284,92,användarupplevelse,1903931,0
285,92,react,1903931,0
286,92,react native,1246007,3
287,92,android,970839,0
288,92,ios,1793389,3
289,93,mobile app development,1887938,3
290,93,progressive web app,1887938,3
291,93,cross-platform development,1887938,3
292,93,user experience,1634133,3
293,93,react,1903931,0
294,93,react native,1246007,3
295,93,android,970839,0
296,93,ios,1793389,3
297,93,mobilapputveckling,1887938,3
298,93,progressiv webbapp,1887938,3
299,93,multiplattformsramverk,1887938,3
300,93,användarupplevelse,1903931,0
301,93,react,1903931,0
302,93,react native,1246007,3
303,93,android,970839,0
304,93,ios,1793389,3
305,95,scion,1268555,3
306,95,blockchain,1230535,3
306,95,blockchain,1111933,0
306,95,blockchain,1111933,0
307,95,secure,1268555,3
308,95,network,1268555,3
309,95,communication,820956,0
309,95,communication,1789914,0
310,95,scion,1268555,3
311,95,blockkedja,1815072,3
311,95,blockkedja,1268555,3
312,95,säker,1268555,3
313,95,nätverk,1897043,0
313,95,nätverk,1268555,3
314,95,kommunikation,1268555,3
314,95,kommunikation,1789914,0
315,96,cyber-physical systems,1566176,3
316,96,behavior trees,1837748,0
317,96,simulation,1702211,0
317,96,simulation,954999,0
317,96,simulation,1661985,3
317,96,simulation,1597397,0
318,96,mission planning,1471564,3
319,96,field testing,1471564,3
320,96,system integration.,1471564,3
321,97,cyber-physical systems,1566176,3
322,97,behavior trees,1837748,0
323,97,simulation,1702211,0
323,97,simulation,954999,0
323,97,simulation,1661985,3
323,97,simulation,1597397,0
324,97,mission planning,1471564,3
325,97,field testing,1471564,3
326,97,system integration.,1471564,3
327,98,cyber-physical systems,1566176,3
328,98,behavior trees,1837748,0
329,98,simulation,1702211,0
329,98,simulation,954999,0
329,98,simulation,1661985,3
329,98,simulation,1597397,0
330,98,mission planning,1471564,3
331,98,field testing,1471564,3
332,98,system integration.,1471564,3
333,98,multi-agent asv gaussian process mapping exploration depth shallow autonomous,1115505,3
334,99,cyber-physical systems,1566176,3
335,99,behavior trees,1837748,0
336,99,simulation,1702211,0
336,99,simulation,954999,0
336,99,simulation,1661985,3
336,99,simulation,1597397,0
337,99,mission planning,1471564,3
338,99,field testing,1471564,3
339,99,system integration.,1471564,3
340,100,cyber-physical systems,1566176,2
341,100,behavior trees,1837748,0
342,100,simulation,1702211,0
342,100,simulation,954999,0
342,100,simulation,1661985,3
342,100,simulation,1597397,0
343,100,mission planning,1471564,3
344,100,field testing,1471564,3
345,100,system integration.,1471564,3
346,100,autonomous systems,1707655,3
346,100,autonomous systems,1500879,0
347,100,stability of hybrid systems,1707655,3
348,100,switched systems,1707655,3
349,100,behaviour trees,1709018,3
350,100,hybrid dynamical systems,1709018,3
351,100,formal guarantees,1709018,3
352,100,optimal control,1590898,0
352,100,optimal control,1709018,3
352,100,optimal control,1057748,0
353,100,machine learning,1511175,3
354,100,autonomy,1709018,3
355,101,cyber-physical systems,1566176,3
356,101,behavior trees,1837748,0
357,101,simulation,1702211,0
357,101,simulation,954999,0
357,101,simulation,1661985,3
357,101,simulation,1597397,0
358,101,mission planning,1471564,3
359,101,field testing,1471564,3
360,101,system integration.,1471564,3
361,102,cyber-physical systems,1566176,3
362,102,behavior trees,1837748,0
363,102,simulation,1702211,0
363,102,simulation,954999,0
363,102,simulation,1661985,3
363,102,simulation,1597397,0
364,102,mission planning,1471564,3
365,102,field testing,1471564,3
366,102,system integration.,1471564,3
367,103,cyber-physical systems,1566176,3
368,103,behavior trees,1837748,0
369,103,simulation,1702211,0
369,103,simulation,954999,0
369,103,simulation,1661985,3
369,103,simulation,1597397,0
370,103,mission planning,1471564,3
371,103,field testing,1471564,3
372,103,system integration.,1471564,3
373,104,cyber-physical systems,1566176,3
374,104,behavior trees,1837748,0
375,104,simulation,1702211,0
375,104,simulation,954999,0
375,104,simulation,1661985,3
375,104,simulation,1597397,0
376,104,mission planning,1471564,3
377,104,field testing,1471564,3
378,104,system integration.,1471564,3
379,105,cyber-physical systems,1566176,3
380,105,behavior trees,1837748,0
381,105,simulation,1702211,0
381,105,simulation,954999,0
381,105,simulation,1661985,3
381,105,simulation,1597397,0
382,105,mission planning,1471564,3
383,105,field testing,1471564,3
384,105,system integration.,1471564,3
385,105,neural net,911794,3
386,105,computer science,1194112,0
387,106,cyber-physical systems,1566176,3
388,106,behavior trees,1837748,0
389,106,simulation,1702211,0
389,106,simulation,954999,0
389,106,simulation,1661985,3
389,106,simulation,1597397,0
390,106,mission planning,1471564,3
391,106,field testing,1471564,3
392,106,system integration.,1471564,3
393,106,autonomous systems,1707655,3
393,106,autonomous systems,1500879,0
394,106,stability of hybrid systems,1707655,3
395,106,switched systems,1707655,3
396,109,chi(2)-privacy criterion,1542074,3
397,109,privacy mechanism design,1542074,3
398,109,euclidean information geometry,1542074,3
399,110,chi(2)-privacy criterion,1542074,3
400,110,privacy mechanism design,1542074,3
401,110,euclidean information geometry,1542074,3
402,110,biometrics (access control),1579745,3
403,110,noise measurement,1579745,3
404,110,privacy,1808715,0
405,110,authentication,1112039,3
405,110,authentication,949971,0
406,110,databases,1579745,3
407,110,indexes,1579745,3
408,110,data privacy,909470,3
409,110,biometrics,1579745,3
410,110,identification systems,1579745,3
411,110,noisy enrollment,1579745,3
412,110,secrecy,1579745,3
413,111,chi(2)-privacy criterion,1542074,3
414,111,privacy mechanism design,1542074,3
415,111,euclidean information geometry,1542074,3
416,111,communication costs,400051,3
417,111,design trade-offs,400051,3
418,111,estimation performance,400051,3
419,111,estimation qualities,400051,3
420,111,heterogeneous sensor networks,400051,3
421,111,high qualities,400051,3
422,111,localization systems,400051,3
423,111,low qualities,400051,3
424,111,optimal schedules,400051,3
425,111,processing delays,400051,3
426,111,sensor communications,400051,3
427,111,sensor scheduling,400051,3
428,111,stable time,400051,3
429,111,switching rules,400051,3
430,111,ultrasound sensors,400051,3
431,111,communication,820956,0
431,111,communication,1789914,0
432,111,control theory,400051,3
432,111,control theory,1499285,0
433,111,estimation,400051,3
433,111,estimation,858059,0
434,111,heterogeneous networks,400051,3
435,111,kalman filters,400051,3
436,111,riccati equations,400051,3
437,111,sensor networks,400051,3
438,111,machine learning,1511175,3
439,111,optimization,1749284,0
439,111,optimization,114287,0
440,111,non-convex,1355470,3
441,111,data compression,1355470,3
442,111,biometrics (access control),1579745,3
443,111,noise measurement,1579745,3
444,111,privacy,1808715,0
445,111,authentication,1112039,3
445,111,authentication,949971,0
446,111,databases,1579745,3
447,111,indexes,1579745,3
448,111,data privacy,909470,3
449,111,biometrics,1579745,3
450,111,identification systems,1579745,3
451,111,noisy enrollment,1579745,3
452,111,secrecy,1579745,3
453,111,wireless sensor node design,398986,3
454,111,receiver,398986,3
455,111,simulator,398986,3
456,111,transceiver circuits,398986,3
457,111,system-level design and performance verification,398986,3
458,112,matching,443263,3
458,112,matching,335153,3
458,112,matching,465689,3
459,112,scale-space,440633,3
459,112,scale-space,473389,3
459,112,scale-space,472978,3
459,112,scale-space,465689,3
459,112,scale-space,546842,3
459,112,scale-space,474298,3
459,112,scale-space,441212,3
459,112,scale-space,474296,3
460,112,image features,443263,3
461,112,tracking,443263,3
461,112,tracking,1150643,0
461,112,tracking,1887674,0
461,112,tracking,473627,3
461,112,tracking,466293,3
461,112,tracking,465689,3
461,112,tracking,465018,3
461,112,tracking,1267392,3
462,112,recognition,464071,1
462,112,recognition,774961,3
463,112,multi-scale representations,443263,3
464,112,automatic road extraction,338656,3
465,112,aerial imagery,1885502,0
466,112,snakes,338656,3
467,112,multi-scale,338656,3
468,112,evaluation,824355,0
469,112,ridge detection,338656,3
469,112,ridge detection,338874,3
470,112,edge-detection,338656,3
470,112,edge-detection,338874,3
471,112,selection,1702702,0
472,112,motion,473428,3
472,112,motion,473627,3
472,112,motion,466293,3
472,112,motion,335153,3
472,112,motion,465689,3
472,112,motion,465018,3
473,112,local features,335153,3
474,112,motion descriptors,335153,3
475,112,velocity adaptation,335153,3
476,112,action recognition,862363,0
476,112,action recognition,335153,3
477,112,learning,1599676,3
477,112,learning,1476655,0
477,112,learning,1659470,0
478,112,svm,846825,0
479,112,human movement,335153,3
480,112,representation,335153,3
480,112,representation,338468,3
481,112,scale,1144192,3
482,112,acceleration,442088,3
483,112,computer vision,1269787,0
483,112,computer vision,847992,0
484,112,event detection,442088,3
485,112,image motion analysis,442088,3
486,112,indexing,442088,3
487,112,layout,442088,3
488,112,motion analysis,442088,3
489,112,optical computing,442088,3
490,112,spatiotemporal phenomena,442088,3
491,112,videoconference,442088,3
492,113,matching,443263,3
492,113,matching,335153,3
492,113,matching,465689,3
493,113,scale-space,440633,3
493,113,scale-space,473389,3
493,113,scale-space,472978,3
493,113,scale-space,465689,3
493,113,scale-space,546842,3
493,113,scale-space,474298,3
493,113,scale-space,441212,3
493,113,scale-space,474296,3
494,113,image features,443263,3
495,113,tracking,443263,3
495,113,tracking,1150643,0
495,113,tracking,1887674,0
495,113,tracking,473627,3
495,113,tracking,466293,3
495,113,tracking,465689,3
495,113,tracking,465018,3
495,113,tracking,1267392,3
496,113,recognition,464071,2
496,113,recognition,774961,3
497,113,multi-scale representations,443263,3
498,113,multi-scale analysis,338803,3
499,113,automatic scale selection,338803,3
499,113,automatic scale selection,338874,3
499,113,automatic scale selection,473389,3
500,113,multi-channel texture analysis,338803,3
501,113,active inspection system,338803,3
502,113,carbide classification,338803,3
503,113,texture segmentation,338803,3
504,113,filters,338803,3
505,113,images,311490,0
506,113,scale,1144192,3
507,113,brain activation,441151,3
507,113,brain activation,339453,3
508,113,human brain mapping,441151,3
509,113,functional region,441151,3
509,113,functional region,339453,3
510,113,primal sketch,441151,3
510,113,primal sketch,473362,3
510,113,primal sketch,339453,3
510,113,primal sketch,474298,3
511,113,scale selection,1144192,3
511,113,scale selection,465018,3
512,113,blob detection,441151,3
512,113,blob detection,473362,3
512,113,blob detection,453064,3
512,113,blob detection,472978,3
512,113,blob detection,546842,3
513,113,multi-scale representation,440633,3
513,113,multi-scale representation,465689,3
513,113,multi-scale representation,546842,3
513,113,multi-scale representation,474296,3
514,113,computer vision,1269787,0
514,113,computer vision,847992,0
515,113,automatic road extraction,338656,3
516,113,aerial imagery,1885502,0
517,113,snakes,338656,3
518,113,multi-scale,338656,3
519,113,evaluation,824355,0
520,113,ridge detection,338656,3
520,113,ridge detection,338874,3
521,113,edge-detection,338656,3
521,113,edge-detection,338874,3
522,113,selection,1702702,0
523,113,curve segmentation,474413,3
523,113,curve segmentation,473385,3
524,113,minimum description length,474413,3
524,113,minimum description length,473385,3
525,113,junction detection,474413,3
525,113,junction detection,473389,3
525,113,junction detection,472978,3
525,113,junction detection,473385,3
526,113,edge detection,474413,3
526,113,edge detection,473362,3
526,113,edge detection,473385,3
527,113,curvature,1241492,0
527,113,curvature,473385,3
528,113,classification,1118354,0
528,113,classification,1278712,3
528,113,classification,1857944,1
528,113,classification,473385,3
528,113,classification,971649,0
528,113,classification,1118387,3
529,113,object recognition,1171308,0
530,113,image descriptor,465703,3
531,113,histogram,465703,3
532,113,object categorization,465703,3
533,113,gaussian derivative,546842,3
534,113,spatio-chromatic derivative,465703,3
535,113,differential invariant,1144192,3
536,113,spatio-chromatic differential invariant,465703,3
537,113,image feature,465703,3
538,113,colour feature,465703,3
539,113,cue combination,465703,3
540,113,multiple cues,465703,3
541,113,affine transformation,473428,3
541,113,affine transformation,546842,3
542,113,image correspondence,473428,3
543,113,optic flow,472972,3
544,113,shape estimation,472972,3
545,113,stereo,473428,3
546,113,motion,473428,3
546,113,motion,473627,3
546,113,motion,466293,3
546,113,motion,335153,3
546,113,motion,465689,3
546,113,motion,465018,3
547,113,texture,14329,0
548,113,disparity,472972,3
549,113,vergence,473428,3
550,113,invariance,473428,3
550,113,invariance,474298,3
551,113,deformation,473428,3
552,113,decomposition,1253472,0
553,113,singular value,473428,3
554,113,second moment matrix,473428,3
555,113,surface model,473428,3
556,113,enforced consistency,473428,3
557,113,visual front-end,473428,3
557,113,visual front-end,474284,3
558,113,scale-space - visual front end - smoothing - gaussian filtering - gaussian derivative - discrete approximation - edge detection - junction detection - multiscale representation - computer vision - digital signal processing,473368,3
559,113,computer vision,1269787,0
559,113,computer vision,847992,0
560,113,low-level processing,473362,3
561,113,diffusion,440633,3
561,113,diffusion,474296,3
562,113,gaussian filtering,473362,3
563,113,discrete smoothing,473362,3
564,113,segmentation,1837718,0
565,113,descriptive elements,473362,3
566,113,scale detection,473362,3
567,113,image structure,473362,3
567,113,image structure,474296,3
568,113,focus-of-attention,473362,3
569,113,tuning low-level processing,473362,3
570,113,edge focusing,473362,3
571,113,histogram analysis,473362,3
572,113,junction classification,473362,3
573,113,perceptual grouping,473362,3
574,113,texture analysis,473362,3
575,113,critical points,473362,3
576,113,classification of blob events,473362,3
577,113,bifurcations,473362,3
578,113,drift velocity,473362,3
578,113,drift velocity,474298,3
579,113,density of local extrema,473362,3
579,113,density of local extrema,473381,3
580,113,digital signal processing,1109257,0
580,113,digital signal processing,473362,3
580,113,digital signal processing,473381,3
581,113,effective scale,473381,3
582,113,scale-space lifetime,473381,3
583,113,discrete smoothing transformations,473381,3
584,113,brain mapping,339453,3
585,113,cerebral activation,339453,3
586,113,clusters,882369,0
586,113,clusters,339453,3
587,113,tactile,339453,3
588,113,normalized derivative,453064,3
588,113,normalized derivative,473389,3
588,113,normalized derivative,472978,3
589,113,feature detection,1144192,3
590,113,corner detection,453064,3
590,113,corner detection,546842,3
591,113,frequency estimation,453064,3
592,113,gaussian derivative,546842,3
593,113,feature,820704,0
593,113,feature,1073549,0
593,113,feature,473627,3
593,113,feature,466293,3
594,113,blob,473627,3
594,113,blob,466293,3
594,113,blob,441212,3
594,113,blob,465018,3
595,113,corner,473627,3
595,113,corner,466293,3
596,113,similarity,473627,3
596,113,similarity,466293,3
597,113,affine,440633,3
597,113,affine,465018,3
598,113,enhancement,338874,3
599,113,fingerprint,338874,3
600,113,image processing,1164171,0
601,113,surface orientation,338874,3
602,113,algorithm,1751015,3
603,113,system,820956,0
604,113,cues,338874,3
605,113,fovea,474284,3
606,113,retina,474284,3
607,113,receptive field,440633,3
608,113,log-polar mapping,474284,3
609,113,resolution,1292782,0
609,113,resolution,13522,0
609,113,resolution,13522,0
609,113,resolution,1094244,0
610,113,scale-space,440633,3
610,113,scale-space,473389,3
610,113,scale-space,472978,3
610,113,scale-space,465689,3
610,113,scale-space,546842,3
610,113,scale-space,474298,3
610,113,scale-space,441212,3
610,113,scale-space,474296,3
611,113,multi-scale representation,440633,3
611,113,multi-scale representation,465689,3
611,113,multi-scale representation,546842,3
611,113,multi-scale representation,474296,3
612,113,scale-space axioms,440633,3
613,113,non-enhancement of local extrema,440633,3
614,113,causality,440633,3
614,113,causality,474296,3
615,113,scale invariance,1144192,3
616,113,gaussian kernel,440633,3
617,113,gaussian derivative,546842,3
618,113,spatio-temporal,1144192,3
619,113,affine,440633,3
619,113,affine,465018,3
620,113,spatial,1144192,3
621,113,temporal,1144192,3
622,113,time-recursive,440633,3
623,113,receptive field,440633,3
624,113,diffusion,440633,3
624,113,diffusion,474296,3
625,113,computer vision,1269787,0
625,113,computer vision,847992,0
626,113,image processing,1164171,0
627,113,junction localization,473389,3
628,113,gaussian derivative,546842,3
629,113,local features,335153,3
630,113,motion descriptors,335153,3
631,113,velocity adaptation,335153,3
632,113,action recognition,862363,0
632,113,action recognition,335153,3
633,113,learning,1599676,3
633,113,learning,1476655,0
633,113,learning,1659470,0
634,113,svm,846825,0
635,113,human movement,335153,3
636,113,representation,335153,3
636,113,representation,338468,3
637,113,differentiald invariant,472978,3
638,113,feature localization,472978,3
639,113,edge detection multi-scale representation,472978,3
640,113,object representation,465689,3
641,113,shape analysis,465689,3
642,113,applications,465689,3
643,113,image segmentation,1808715,0
644,113,shape,473366,3
645,113,ridges,338468,3
646,113,interest point,1144192,3
647,113,scale calibration,546842,3
648,113,scale linking,546842,3
649,113,feature trajectory,546842,3
650,113,deep structure,546842,3
651,113,gaussian derivative,546842,3
652,113,singularity,474298,3
652,113,singularity,441212,3
653,113,critical point,441212,3
654,113,bifurcation,441212,3
655,113,extremum region,441212,3
656,113,blob event,441212,3
657,113,gaussian smoothing,474296,3
658,113,wavelets,474296,3
659,113,computer vision,1269787,0
659,113,computer vision,847992,0
660,113,data mining,1511175,3
661,113,geometry,473366,3
662,113,image analysis,473366,3
663,113,laboratories,473366,3
664,113,noise shaping,473366,3
665,113,shape,473366,3
666,113,smoothing methods,473366,3
667,113,statistics,473366,3
668,113,surface texture,473366,3
669,113,shape estimation,472972,3
670,113,shape from texture,472972,3
671,113,disparity,472972,3
672,113,adaptation,472972,3
673,113,affine deformation,472972,3
674,113,optic flow,472972,3
675,113,acceleration,442088,3
676,113,computer vision,1269787,0
676,113,computer vision,847992,0
677,113,event detection,442088,3
678,113,image motion analysis,442088,3
679,113,indexing,442088,3
680,113,layout,442088,3
681,113,motion analysis,442088,3
682,113,optical computing,442088,3
683,113,spatiotemporal phenomena,442088,3
684,113,videoconference,442088,3
685,113,scale selection,1144192,3
685,113,scale selection,465018,3
686,113,scale,1144192,3
687,113,scale space,1144192,3
688,113,spatial,1144192,3
689,113,temporal,1144192,3
690,113,spatio-temporal,1144192,3
691,113,scale invariance,1144192,3
692,113,scale covariance,1144192,3
693,113,feature detection,1144192,3
694,113,differential invariant,1144192,3
695,113,interest point,1144192,3
696,113,video analysis,1144192,3
697,113,computer vision,1269787,0
697,113,computer vision,847992,0
698,113,affine trifocal tensor,465018,3
699,113,trilinear tensor,465018,3
700,113,perspective,465018,3
701,113,projection,465018,3
702,113,structure,465018,3
703,113,factorization,465018,3
704,113,point,465018,3
705,113,line,465018,3
706,113,ridge,465018,3
707,113,human-computer interaction,946219,3
707,113,human-computer interaction,465018,3
708,113,computer vision.,465018,3
709,114,artificial intelligence,1853540,3
710,114,multi-agent programming,1711349,3
711,114,digital twin,1712828,0
712,114,process simulation,1711349,3
713,115,artificial intelligence,1853540,3
714,115,multi-agent programming,1711349,3
715,115,digital twin,1712828,0
716,115,process simulation,1711349,3
717,116,artificial intelligence,1853540,3
718,116,multi-agent programming,1711349,3
719,116,digital twin,1712828,0
720,116,process simulation,1711349,3
721,117,artificial intelligence,1853540,3
722,117,multi-agent programming,1711349,3
723,117,digital twin,1712828,0
724,117,process simulation,1711349,3
725,118,artificial intelligence,1853540,3
726,118,multi-agent programming,1711349,3
727,118,digital twin,1712828,0
728,118,process simulation,1711349,3
729,119,artificial intelligence,1853540,3
730,119,multi-agent programming,1711349,3
731,119,digital twin,1712828,0
732,119,process simulation,1711349,3
733,120,artificial intelligence,1853540,3
734,120,multi-agent programming,1711349,3
735,120,digital twin,1712828,0
736,120,process simulation,1711349,3
737,121,pqbl,1912285,3
738,121,qbl,1857391,3
739,121,technology enhanced learning,13577,0
740,121,primary school,1912285,3
741,121,ai generation,1912285,3
742,122,pqbl,1912285,3
743,122,qbl,1857391,3
744,122,technology enhanced learning,13577,0
745,122,primary school,1912285,3
746,122,ai generation,1912285,3
747,123,simulation-based optimization,1205218,3
748,123,archived genetic algorithm,1205218,3
749,123,road traffic controls,1205218,3
750,123,traffic light control,1205218,3
751,123,object-oriented software framework,1205218,3
752,124,simulation-based optimization,1205218,3
753,124,archived genetic algorithm,1205218,3
754,124,road traffic controls,1205218,3
755,124,traffic light control,1205218,3
756,124,object-oriented software framework,1205218,3
757,125,hypervisor,1136624,2
758,125,isolation,971284,3
758,125,isolation,762165,3
759,125,assurance,971284,3
760,125,formal verification,1821827,2
760,125,formal verification,957404,3
761,125,common criteria,971284,3
762,125,armv8,1368718,3
763,125,decomposition,1253472,0
764,125,soc,1368718,3
765,125,information flow security,675835,3
765,125,information flow security,1368718,3
766,125,armv8,1368718,3
767,126,hypervisor,1136624,2
768,126,isolation,971284,3
768,126,isolation,762165,3
769,126,assurance,971284,3
770,126,formal verification,1821827,1
770,126,formal verification,957404,3
771,126,common criteria,971284,3
772,126,armv8,1368718,3
773,127,hypervisor,1136624,2
774,127,isolation,971284,3
774,127,isolation,762165,3
775,127,assurance,971284,3
776,127,formal verification,1821827,1
776,127,formal verification,957404,3
777,127,common criteria,971284,3
778,127,armv8,1368718,3
779,128,hypervisor,1136624,3
780,128,isolation,971284,3
780,128,isolation,762165,2
781,128,assurance,971284,3
782,128,formal verification,1821827,2
782,128,formal verification,957404,3
783,128,common criteria,971284,3
784,128,armv8,1368718,3
785,128,instruction set architectures,1755837,2
786,128,arm,762165,2
787,128,mips,968447,2
788,128,noninterference,968447,2
788,128,noninterference,675843,2
789,128,information flow,1821827,2
790,128,theorem proving,1136624,3
791,128,hol4,1821827,2
792,128,formal verication,675835,2
793,128,information flow security,675835,2
793,128,information flow security,1368718,3
794,128,separation kernel,675835,2
795,128,hypervisor,1136624,3
796,128,peripheral devices,968761,2
797,128,dma,968761,2
798,128,separation,762165,2
798,128,separation,13522,0
798,128,separation,13522,0
798,128,separation,311490,0
799,128,user mode execu- tion,762165,2
800,128,arm,762165,2
801,128,formal hardware/software co-verification,762165,2
802,128,hol4,1821827,2
803,128,arm instruction set,675843,2
804,128,user mode execution,675843,2
805,128,kernel security,675843,2
806,128,platform security,1136624,3
807,128,hypervisor,1136624,3
808,128,formal verification,1821827,2
808,128,formal verification,957404,3
809,128,theorem proving,1136624,3
810,128,hol4,1821827,2
811,128,dma,968761,2
812,128,peripheral devices,968761,2
813,128,instruction set architectures,1755837,2
814,128,isa,1755837,2
815,128,information flow,1821827,2
816,128,boot,968761,2
817,128,decomposition,1253472,0
818,128,soc,1368718,3
819,128,armv8,1368718,3
820,129,hypervisor,1136624,2
821,129,isolation,971284,3
821,129,isolation,762165,3
822,129,assurance,971284,3
823,129,formal verification,1821827,1
823,129,formal verification,957404,3
824,129,common criteria,971284,3
825,129,armv8,1368718,3
826,130,load-balancer,1410769,2
827,130,cheetah,1410769,2
828,130,high-speed,1410769,2
829,130,connection consistency,1410769,2
830,130,pcc,1410769,2
831,130,p4,1410769,2
832,130,fastclick,1410769,2
833,130,elasticity,1333336,3
834,130,service chains,1579775,2
834,130,service chains,1184756,2
835,130,hardware offloading,1579775,2
836,130,accurate dispatching,1579775,2
837,130,100 gbe,1579775,2
838,130,load balancing,1512016,3
839,130,tagging,1579775,2
840,130,blackboxes,1579775,2
841,130,nfv,1184756,2
842,130,nfv,1184756,2
843,130,offloading,1184756,2
844,130,hardware dispatching,1184756,2
845,130,high performance,1184756,2
846,130,networking,1897043,0
846,130,networking,1371780,2
847,130,load-balancing,1639274,0
847,130,load-balancing,1371780,2
848,130,packet scheduling,1371780,2
849,130,high-speed networking,1371780,2
850,130,intra-server load-balancing,1371780,2
851,130,receive side scaling,1371780,2
852,130,network function virtualization,1371780,2
853,130,rss++,1371780,2
854,131,load-balancer,1410769,3
855,131,cheetah,1410769,3
856,131,high-speed,1410769,3
857,131,connection consistency,1410769,3
858,131,pcc,1410769,3
859,131,p4,1410769,3
860,131,fastclick,1410769,3
861,132,load-balancer,1410769,3
862,132,cheetah,1410769,3
863,132,high-speed,1410769,3
864,132,connection consistency,1410769,3
865,132,pcc,1410769,3
866,132,p4,1410769,3
867,132,fastclick,1410769,3
868,133,load-balancer,1410769,3
869,133,cheetah,1410769,3
870,133,high-speed,1410769,3
871,133,connection consistency,1410769,3
872,133,pcc,1410769,3
873,133,p4,1410769,3
874,133,fastclick,1410769,3
875,133,non-volatile memory,1499219,3
876,133,distributed storage,1656395,3
876,133,distributed storage,1499219,3
877,133,file systems,1656395,3
877,133,file systems,1499219,3
878,133,data centers,1499219,3
878,133,data centers,1608645,3
879,133,reliability,1870945,0
880,133,fault tolerance,1813713,0
880,133,fault tolerance,1499219,3
881,133,scalability,1587978,3
881,133,scalability,954999,0
882,133,software-dened networking,756406,3
883,133,performance,1778279,3
884,133,update scheduling,724935,3
885,133,cloud computing,1359662,0
886,133,distributed file systems,1608645,3
887,133,storage systems,1608645,3
888,133,operating systems,1608645,3
888,133,operating systems,1164148,0
889,133,networking,1897043,0
889,133,networking,1371780,3
890,133,elasticity,1333336,3
891,133,service chains,1579775,3
891,133,service chains,1184756,3
892,133,hardware offloading,1579775,3
893,133,accurate dispatching,1579775,3
894,133,100 gbe,1579775,3
895,133,load balancing,1512016,3
896,133,tagging,1579775,3
897,133,blackboxes,1579775,3
898,133,nfv,1184756,3
899,133,nfv,1184756,3
900,133,offloading,1184756,3
901,133,hardware dispatching,1184756,3
902,133,high performance,1184756,3
903,133,software-dened networking,756406,3
904,133,reliability,1870945,0
905,133,openflow,756406,3
906,133,key-value,1085916,3
907,133,distributed,1085916,3
908,133,storage,1085916,3
909,133,multiget,1085916,3
910,133,scheduling,1704349,0
910,133,scheduling,1212575,3
910,133,scheduling,1085916,3
911,133,load-balancing,1639274,0
911,133,load-balancing,1371780,3
912,133,packet scheduling,1371780,3
913,133,high-speed networking,1371780,3
914,133,intra-server load-balancing,1371780,3
915,133,receive side scaling,1371780,3
916,133,network function virtualization,1371780,3
917,133,rss++,1371780,3
918,133,geo-distributed systems,844010,3
919,133,replica selection algorithms,844010,3
920,133,symbolic execution,844010,3
921,134,load-balancer,1410769,3
922,134,cheetah,1410769,3
923,134,high-speed,1410769,3
924,134,connection consistency,1410769,3
925,134,pcc,1410769,3
926,134,p4,1410769,3
927,134,fastclick,1410769,3
928,134,elasticity,1333336,3
929,134,service chains,1579775,3
929,134,service chains,1184756,3
930,134,hardware offloading,1579775,3
931,134,accurate dispatching,1579775,3
932,134,100 gbe,1579775,3
933,134,load balancing,1512016,3
934,134,tagging,1579775,3
935,134,blackboxes,1579775,3
936,134,nfv,1184756,3
937,134,nfv,1184756,3
938,134,offloading,1184756,3
939,134,hardware dispatching,1184756,3
940,134,high performance,1184756,3
941,134,networking,1897043,0
941,134,networking,1371780,3
942,134,load-balancing,1639274,0
942,134,load-balancing,1371780,3
943,134,packet scheduling,1371780,3
944,134,high-speed networking,1371780,3
945,134,intra-server load-balancing,1371780,3
946,134,receive side scaling,1371780,3
947,134,network function virtualization,1371780,3
948,134,rss++,1371780,3
949,134,geo-distributed systems,844010,3
950,134,replica selection algorithms,844010,3
951,134,symbolic execution,844010,3
952,135,load-balancer,1410769,3
953,135,cheetah,1410769,3
954,135,high-speed,1410769,3
955,135,connection consistency,1410769,3
956,135,pcc,1410769,3
957,135,p4,1410769,3
958,135,fastclick,1410769,3
959,135,location-based service,909470,3
960,135,pseudonymous authentication,909470,3
961,135,security and privacy,909470,3
962,135,authentication,1112039,3
962,135,authentication,949971,0
963,135,data privacy,909470,3
964,135,encoding (symbols),909470,3
965,135,error analysis,909470,3
966,135,knowledge based systems,909470,3
967,135,location,909470,3
968,135,mobile devices,909470,3
969,135,telecommunication services,909470,3
970,135,basic protocols,909470,3
971,135,decentralized system,909470,3
972,135,location privacy protection,909470,3
973,135,privacy leakages,909470,3
974,135,security enhancements,909470,3
975,135,security threats,909470,3
976,135,sensitive informations,909470,3
977,135,location based services,909470,3
978,135,vehicular communications,1210501,3
979,135,security,1794943,3
979,135,security,1464458,0
980,135,privacy,1808715,0
981,135,identity and credential management,1589979,0
981,135,identity and credential management,1210501,3
982,135,vehicular pki,1210501,3
983,136,load-balancer,1410769,3
984,136,cheetah,1410769,3
985,136,high-speed,1410769,3
986,136,connection consistency,1410769,3
987,136,pcc,1410769,3
988,136,p4,1410769,3
989,136,fastclick,1410769,3
990,136,programmable networks,1374999,3
991,136,network robustness,1374999,3
992,136,fast reroute,1374999,3
993,136,fast failover,1374999,3
994,136,shortest common supersequence,1374999,3
995,137,functional programming,1333336,3
996,137,reactive programming,1228211,3
997,137,software architecture,1228211,3
998,137,programming patterns,1228211,3
999,137,programming paradigms,1228211,3
1000,143,machine learning,1511175,3
1001,143,software testing,1784176,0
1002,143,model checking,524550,3
1002,143,model checking,1847464,0
1003,143,software testing,1784176,0
1004,143,model checking,524550,3
1004,143,model checking,1847464,0
1005,143,term rewriting,442577,3
1006,143,symbolic computation,442577,3
1007,143,machine learning,1511175,3
1008,143,vehicle platoon,1349608,3
1009,143,learning-based testing,610371,0
1009,143,learning-based testing,1229962,0
1009,143,learning-based testing,1349608,3
1010,143,co-cps,1349608,3
1011,143,safety boundaries,1349608,3
1012,143,quantitative analysis,1349608,3
1013,143,coordinated braking,1349608,3
1014,144,machine learning,1511175,3
1015,144,software testing,1784176,0
1016,144,model checking,524550,3
1016,144,model checking,1847464,0
1017,144,testing,445529,3
1017,144,testing,1229962,0
1017,144,testing,1750939,0
1018,144,machine learning,1511175,3
1019,144,symbolic constraint solving,445529,3
1020,144,model checking,524550,3
1020,144,model checking,1847464,0
1021,144,software testing,1784176,0
1022,144,model checking,524550,3
1022,144,model checking,1847464,0
1023,144,term rewriting,442577,3
1024,144,symbolic computation,442577,3
1025,144,machine learning,1511175,3
1026,145,dialogue act,861979,3
1027,145,dialogue act classification,861979,3
1028,145,furhat,861979,3
1028,145,furhat,861979,3
1029,145,furhat robotics,861979,3
1029,145,furhat robotics,861979,3
1030,145,classification,1118354,0
1030,145,classification,1278712,3
1030,145,classification,1857944,3
1030,145,classification,473385,3
1030,145,classification,971649,0
1030,145,classification,1118387,3
1031,145,j48,861979,3
1031,145,j48,861979,3
1032,145,machine learning,1511175,3
1033,145,weka,861979,3
1033,145,weka,861979,3
1034,145,robotics,464067,3
1034,145,robotics,470155,0
1035,145,education robots,861979,3
1036,145,swot,861979,3
1036,145,swot,861979,3
1037,145,market segmentation,861979,3
1038,145,talhandlingar,861979,3
1039,145,klassificering,1894305,0
1039,145,klassificering,1278712,3
1040,145,maskininlärning,1269787,0
1041,145,robotik,1837748,0
1042,145,utbildningsrobotar,861979,3
1043,145,marknadssegmentering,861979,3
1044,145,machine learning,1511175,3
1045,145,ensemble,1118767,3
1046,145,random forest,1749935,0
1047,145,churn prediction,1711505,0
1047,145,churn prediction,1119205,3
1047,145,churn prediction,1153731,0
1048,145,lime,1118767,3
1049,145,interpretability,1118767,3
1050,145,crm,1118767,3
1051,145,local explanations,1118767,3
1052,146,dialogue act,861979,3
1053,146,dialogue act classification,861979,3
1054,146,furhat,861979,3
1054,146,furhat,861979,3
1055,146,furhat robotics,861979,3
1055,146,furhat robotics,861979,3
1056,146,classification,1118354,0
1056,146,classification,1278712,3
1056,146,classification,1857944,3
1056,146,classification,473385,3
1056,146,classification,971649,0
1056,146,classification,1118387,3
1057,146,j48,861979,3
1057,146,j48,861979,3
1058,146,machine learning,1511175,3
1059,146,weka,861979,3
1059,146,weka,861979,3
1060,146,robotics,464067,3
1060,146,robotics,470155,0
1061,146,education robots,861979,3
1062,146,swot,861979,3
1062,146,swot,861979,3
1063,146,market segmentation,861979,3
1064,146,talhandlingar,861979,3
1065,146,klassificering,1894305,0
1065,146,klassificering,1278712,3
1066,146,maskininlärning,1269787,0
1067,146,robotik,1837748,0
1068,146,utbildningsrobotar,861979,3
1069,146,marknadssegmentering,861979,3
1070,147,fetal acidosis,1911800,3
1071,147,magnetic induction,1911800,3
1072,147,spectroscopy,1894304,0
1073,147,gradiometer coil,1911800,3
1074,147,fetal acidos,1911800,3
1075,147,magnetisk induktion,1911800,3
1076,147,spektroskopi,1894304,0
1077,147,gradiometer spole,1911800,3
1078,148,fetal acidosis,1911800,3
1079,148,magnetic induction,1911800,3
1080,148,spectroscopy,1894304,0
1081,148,gradiometer coil,1911800,3
1082,148,fetal acidos,1911800,3
1083,148,magnetisk induktion,1911800,3
1084,148,spektroskopi,1894304,0
1085,148,gradiometer spole,1911800,3
1086,151,scheduling,1704349,0
1086,151,scheduling,1212575,3
1086,151,scheduling,1085916,3
1087,152,scheduling,1704349,0
1087,152,scheduling,1212575,3
1087,152,scheduling,1085916,3
1088,152,recurrent neural networks,1215272,3
1088,152,recurrent neural networks,1118598,3
1088,152,recurrent neural networks,1267392,3
1088,152,recurrent neural networks,1267392,3
1088,152,recurrent neural networks,1257845,0
1089,152,lstm,1188541,0
1090,152,patient volume prediction,1215272,3
1091,152,digital healthcare,1215272,3
1092,153,decision trees,1307122,0
1093,153,streaming,1903931,0
1094,153,gpu,970839,0
1095,153,hpc,11914,0
1096,153,spdt,1220512,3
1097,153,streaming parallel decision trees,1220512,3
1098,153,machine learning,1511175,3
1099,154,feature extraction multilabel classification glove tfidf,1228278,3
1100,155,allscale environment,931822,3
1101,155,particle-in-cell method,931822,3
1102,155,task-based nested recursive parallelism,931822,3
1103,155,prec,931822,3
1104,156,allscale environment,931822,3
1105,156,particle-in-cell method,931822,3
1106,156,task-based nested recursive parallelism,931822,3
1107,156,prec,931822,3
1108,157,allscale environment,931822,3
1109,157,particle-in-cell method,931822,3
1110,157,task-based nested recursive parallelism,931822,3
1111,157,prec,931822,3
1112,157,tensorflow,1212698,3
1113,157,hpc,11914,0
1114,157,gpu,970839,0
1115,158,allscale environment,931822,3
1116,158,particle-in-cell method,931822,3
1117,158,task-based nested recursive parallelism,931822,3
1118,158,prec,931822,3
1119,158,tensorflow,1212698,3
1120,158,hpc,11914,0
1121,158,gpu,970839,0
1122,159,allscale environment,931822,3
1123,159,particle-in-cell method,931822,3
1124,159,task-based nested recursive parallelism,931822,3
1125,159,prec,931822,3
1126,159,tensorflow,1212698,3
1127,159,hpc,11914,0
1128,159,gpu,970839,0
1129,159,chemistry,461904,3
1130,159,image color analysis,461904,3
1131,159,libraries,461904,3
1132,159,measurement,461904,3
1133,159,optimization,1749284,0
1133,159,optimization,114287,0
1134,159,quantum mechanics,461904,3
1135,159,wave functions,461904,3
1136,160,stock,1884879,0
1137,160,forecasting,1231223,0
1138,160,evolutionary,1105919,3
1139,160,algorithm,1751015,3
1140,161,stock,1884879,0
1141,161,forecasting,1231223,0
1142,161,evolutionary,1105919,3
1143,161,algorithm,1751015,3
1144,163,compilers,1741049,3
1144,163,compilers,1185339,0
1145,163,composition,1430148,3
1145,163,composition,1109071,0
1146,163,domain-specific languages,1800861,3
1147,163,machine learning,1511175,3
1148,163,modeling languages,1566176,3
1149,163,semantics,1606032,0
1150,163,chemical analysis,1430148,3
1151,163,computer aided software engineering,1430148,3
1152,163,embedded systems,1512016,3
1153,163,learning systems,1430148,3
1153,163,learning systems,971649,0
1154,163,problem oriented languages,1430148,3
1155,163,program compilers,1430148,3
1156,163,specification languages,1430148,3
1157,163,concrete research,1430148,3
1158,163,domain specific languages,1430148,3
1158,163,domain specific languages,1605134,0
1159,163,domain specific modeling languages,1430148,3
1160,163,execution platforms,1430148,3
1161,163,language compositions,1430148,3
1162,163,language environment,1430148,3
1163,163,modeling environments,1430148,3
1164,163,probabilistic programming,1566176,3
1165,163,probabilistic programming,1566176,3
1166,163,operational semantics,1539632,3
1167,163,static analysis,1800316,0
1168,163,machine learning,1511175,3
1169,163,fault detection,1885514,0
1170,163,fault location,1053090,3
1171,163,software maintenance,1053090,3
1172,163,software debugging,1053090,3
1173,163,software engineering,1685851,3
1174,163,probabilistic programming languages,1741049,3
1175,163,sequential monte carlo,1539632,3
1176,163,gpu compilation,1653044,3
1177,163,probabilistic programming,1566176,3
1178,163,sequential monte carlo,1539632,3
1179,163,operational semantics,1539632,3
1180,163,functional programming,1333336,2
1181,163,measure theory,1539632,3
1182,163,modeling languages,1566176,3
1183,163,cyber-physical systems,1566176,3
1184,163,probabilistic programming,1566176,3
1185,163,modeling,1215836,3
1186,163,simulations,956287,0
1186,163,simulations,552449,0
1186,163,simulations,1214365,3
1186,163,simulations,925056,3
1187,163,equations,925056,3
1188,163,robotic arm,925056,3
1189,163,syntax,1556115,3
1190,163,ambiguity,1556115,3
1191,174,interactive dance visualization,916474,3
1192,174,real-time interpolated animations,916474,3
1193,174,accelerometer,465549,3
1193,174,accelerometer,1108645,3
1194,174,gyroscope,916474,3
1194,174,gyroscope,1108645,3
1195,174,smartphones as wearables,916474,3
1196,175,information visualization,1804071,0
1197,175,pedagogy,916505,3
1197,175,pedagogy,945222,0
1198,175,augmented project based learning,916505,3
1199,175,large public demos,916505,3
1200,175,interactive dance visualization,916474,3
1201,175,real-time interpolated animations,916474,3
1202,175,accelerometer,465549,3
1202,175,accelerometer,1108645,3
1203,175,gyroscope,916474,3
1203,175,gyroscope,1108645,3
1204,175,smartphones as wearables,916474,3
1205,175,activity shapes,916472,3
1206,175,human behavior,1595839,3
1207,175,spatial analysis,916472,3
1208,175,spatiotemporal analysis,916472,3
1209,175,information visualization,1804071,0
1210,175,embodied sculpting,916500,3
1211,175,user experience evaluation,916500,3
1212,175,haptic feedback,1887669,0
1212,175,haptic feedback,1894307,0
1213,175,multimodal feedback,916500,3
1214,175,depth-sensor-based interaction,916500,3
1215,175,volume rendering,916500,3
1215,175,volume rendering,1230526,0
1216,175,digital crafting,916500,3
1217,175,accessibility,916470,3
1218,175,text entry,916470,3
1219,175,blindness,916470,3
1220,175,mobile devices,909470,3
1221,175,touchscreens,916470,3
1222,175,multi-touch interaction,916470,3
1223,175,chording,916470,3
1224,175,gestures,1499133,3
1225,175,touch evaluation.,916470,3
1226,178,sentiment analysis,1885510,0
1227,178,slope one,811049,3
1228,178,collaborative filtering,839780,0
1229,178,new item problem,1107769,3
1230,178,cold start,839780,0
1231,178,cloud native,1587978,3
1232,178,cloud computing,1359662,0
1233,178,scalability,1587978,3
1233,178,scalability,954999,0
1234,178,execution time,1587978,3
1235,178,trading,1587978,3
1235,178,trading,1114719,3
1236,178,cloud native,1587978,3
1237,178,cloud computing,1359662,0
1238,178,skalbarhet,1587978,3
1239,178,exekveringstid,1587978,3
1240,178,börshandel,1587978,3
1241,179,sentiment analysis,1885510,0
1242,179,slope one,811049,3
1243,179,collaborative filtering,839780,0
1244,179,new item problem,1107769,3
1245,179,cold start,839780,0
1246,181,cassandra,827372,3
1247,181,replica selection,827372,3
1248,181,distributed database,1044630,3
1248,181,distributed database,827372,3
1249,181,tail latency,827372,3
1250,184,information extraction,1010104,0
1251,184,named entity recognition,1010104,0
1252,184,machine learning,1511175,3
1253,184,binary logistic regression,1264630,3
1254,184,gdpr,1701846,3
1255,184,code of conduct,1264630,3
1256,185,information extraction,1010104,0
1257,185,named entity recognition,1010104,0
1258,185,machine learning,1511175,3
1259,185,binary logistic regression,1264630,3
1260,185,gdpr,1701846,3
1261,185,code of conduct,1264630,3
1262,186,simulation-based optimization,1205218,3
1263,186,archived genetic algorithm,1205218,3
1264,186,road traffic controls,1205218,3
1265,186,traffic light control,1205218,3
1266,186,object-oriented software framework,1205218,3
1267,190,prophet,1886718,3
1268,190,neuralprophet,1886718,3
1269,190,convolutional neural network,1588971,0
1270,190,long short-term memory,1886718,3
1270,190,long short-term memory,1118598,3
1271,190,random forest,1749935,0
1272,190,workload prediction,1886718,3
1273,190,time seriesforecasting,1886718,3
1274,190,prophet,1886718,3
1275,190,neuralprophet,1886718,3
1276,190,konvolutionellt neuralt nätverk,1886718,3
1277,190,långt korttidsminne,1886718,3
1278,190,slumpmässig skog,1886718,3
1279,190,förutsägelse av arbetsbelastningtidsserieförutsägelse,1886718,3
1280,195,prometheus,1684338,3
1281,195,wildfire progression,1684338,3
1282,195,real-time,1601859,0
1283,195,python,1904964,0
1284,195,django,946779,3
1285,195,google earth engine,1684338,3
1285,195,google earth engine,1684338,3
1286,195,mapbox gl js,1684338,3
1287,195,web-application,1684338,3
1288,195,prometheus,1684338,3
1289,195,skogsbrands simulering,1684338,3
1290,195,realtid,1601859,0
1291,195,django,946779,3
1292,195,mapbox gl js,1684338,3
1293,195,webbapplikation,1609800,3
1294,196,prometheus,1684338,3
1295,196,wildfire progression,1684338,3
1296,196,real-time,1601859,0
1297,196,python,1904964,0
1298,196,django,946779,3
1299,196,google earth engine,1684338,3
1299,196,google earth engine,1684338,3
1300,196,mapbox gl js,1684338,3
1301,196,web-application,1684338,3
1302,196,prometheus,1684338,3
1303,196,skogsbrands simulering,1684338,3
1304,196,realtid,1601859,0
1305,196,django,946779,3
1306,196,mapbox gl js,1684338,3
1307,196,webbapplikation,1609800,3
1308,197,policy making,418234,3
1309,197,computatinal epidemiology,418234,3
1310,197,workflow,418234,3
1310,197,workflow,850158,0
1311,197,individual-based simulation,418234,3
1312,198,policy making,418234,3
1313,198,computatinal epidemiology,418234,3
1314,198,workflow,418234,3
1314,198,workflow,850158,0
1315,198,individual-based simulation,418234,3
1316,206,computer vision,1269787,0
1316,206,computer vision,847992,0
1317,206,active vision,464067,3
1317,206,active vision,470155,0
1318,206,segmentation,1837718,0
1319,206,cpmputer vision,464053,3
1320,206,active vision,464067,3
1320,206,active vision,470155,0
1321,206,segmentation,1837718,0
1322,206,computer vision,1269787,0
1322,206,computer vision,847992,0
1323,206,active vision,464067,3
1323,206,active vision,470155,0
1324,206,robot vision,464072,3
1325,206,computer vision,1269787,0
1325,206,computer vision,847992,0
1326,206,segmentation,1837718,0
1327,206,recognition,464071,3
1327,206,recognition,774961,3
1328,206,cognitive human-robot interaction,448466,3
1329,206,computer vision,1269787,0
1329,206,computer vision,847992,0
1330,206,holder-of-key,1887983,3
1331,206,proof-of-possession,1887983,3
1332,206,security assertion markup language,1887983,3
1333,206,saml 2.0,1887983,3
1334,206,identity providers,1887983,3
1335,206,single sign-on (sso),1887983,3
1336,206,digitalidentity,1887983,3
1337,206,holder-of-key,1887983,3
1338,206,bevis på innehav,1887983,3
1339,206,security assertion markup language,1887983,3
1340,206,saml 2.0,1887983,3
1341,206,identitetsleverantörer,1887983,3
1342,206,single sign-on (sso),1887983,3
1343,206,digitalidentitet,1887983,3
1344,206,computer vision,1269787,0
1344,206,computer vision,847992,0
1345,206,active vision,464067,3
1345,206,active vision,470155,0
1346,206,robot vision,464072,3
1347,206,computer vision,1269787,0
1347,206,computer vision,847992,0
1348,206,computer vision,1269787,0
1348,206,computer vision,847992,0
1349,206,active vision,464067,3
1349,206,active vision,470155,0
1350,206,manipulation,464067,3
1351,206,robotics,464067,3
1351,206,robotics,470155,0
1352,207,computer vision,1269787,0
1352,207,computer vision,847992,0
1353,207,active vision,464067,3
1353,207,active vision,470155,0
1354,207,segmentation,1837718,0
1355,207,cpmputer vision,464053,3
1356,207,active vision,464067,3
1356,207,active vision,470155,0
1357,207,segmentation,1837718,0
1358,207,representation learning,1856441,3
1359,207,machine learning,1511175,3
1360,207,cognitive human-robot interaction,448466,3
1361,207,computer vision,1269787,0
1361,207,computer vision,847992,0
1362,207,embedding and representation learning,1636088,3
1363,207,algorithms evaluation,1636088,3
1364,207,generative models,1194112,0
1365,207,geomca,1636088,3
1366,207,representation learning,1856441,3
1367,207,machine learning,1511175,3
1368,207,multimodal,1787725,0
1369,207,contrastive learning,1856441,3
1370,207,computer vision,1269787,0
1370,207,computer vision,847992,0
1371,207,computer vision,1269787,0
1371,207,computer vision,847992,0
1372,207,active vision,464067,3
1372,207,active vision,470155,0
1373,207,manipulation,464067,3
1374,207,robotics,464067,3
1374,207,robotics,470155,0
1375,209,computer vision,1269787,0
1375,209,computer vision,847992,0
1376,209,active vision,464067,3
1376,209,active vision,470155,0
1377,209,robot vision,464072,3
1378,209,computer vision,1269787,0
1378,209,computer vision,847992,0
1379,209,segmentation,1837718,0
1380,209,recognition,464071,3
1380,209,recognition,774961,3
1381,209,computer vision,1269787,0
1381,209,computer vision,847992,0
1382,209,active vision,464067,3
1382,209,active vision,470155,0
1383,209,robot vision,464072,3
1384,211,machine learning,1511175,3
1385,211,computational geometry,1511175,3
1386,211,voronoi,1842047,3
1387,211,delaunay,1842047,3
1388,211,symmetry,1842047,3
1389,211,equivariance,1842047,3
1390,212,machine learning,1511175,3
1391,212,deep learning,1712831,0
1392,212,autoencoders,1171308,0
1393,212,tda,1261771,3
1394,212,computational topology,1642320,0
1395,212,topological data analysis,1642320,0
1395,212,topological data analysis,1511175,3
1396,212,geometric methods,1703214,3
1397,212,machine learning methods,1703214,3
1398,212,voronoi,1842047,3
1399,212,delaunay,1842047,3
1400,212,high dimensional geometry,1703214,3
1401,212,curse of dimensionality,1703214,3
1402,212,monte carlo,1703214,3
1402,212,monte carlo,1241557,0
1402,212,monte carlo,1214365,3
1402,212,monte carlo,1214365,3
1403,212,representation learning,1856441,3
1404,212,machine learning,1511175,3
1405,212,delaunay complex,1511175,3
1406,212,linear interpolation,1511175,3
1407,212,voronoi diagram,1511175,3
1408,212,clustering algorithms,1511175,3
1409,212,complex networks,1511175,3
1410,212,computational geometry,1511175,3
1411,212,filtration,1511175,3
1412,212,graphic methods,1511175,3
1413,212,interpolation,1511175,3
1414,212,learning algorithms,1511175,3
1415,212,machine learning,1511175,3
1416,212,network architecture,1511175,3
1417,212,piecewise linear techniques,1511175,3
1418,212,regression analysis,1511175,3
1419,212,topology,1511175,3
1420,212,delau-nay triangulations,1511175,3
1421,212,exact computations,1511175,3
1422,212,high dimensional data,1511175,3
1423,212,machine learning applications,1511175,3
1424,212,piecewise linear interpolations,1511175,3
1425,212,randomized approximation,1511175,3
1426,212,simplicial complex,1511175,3
1427,212,data mining,1511175,3
1428,213,representation learning,1856441,3
1429,213,machine learning,1511175,3
1430,213,embedding and representation learning,1636088,3
1431,213,algorithms evaluation,1636088,3
1432,213,generative models,1194112,0
1433,213,geomca,1636088,3
1434,214,representation learning,1856441,3
1435,214,machine learning,1511175,3
1436,214,delaunay complex,1511175,3
1437,214,linear interpolation,1511175,3
1438,214,topological data analysis,1642320,0
1438,214,topological data analysis,1511175,3
1439,214,voronoi diagram,1511175,3
1440,214,clustering algorithms,1511175,3
1441,214,complex networks,1511175,3
1442,214,computational geometry,1511175,3
1443,214,filtration,1511175,3
1444,214,graphic methods,1511175,3
1445,214,interpolation,1511175,3
1446,214,learning algorithms,1511175,3
1447,214,machine learning,1511175,3
1448,214,network architecture,1511175,3
1449,214,piecewise linear techniques,1511175,3
1450,214,regression analysis,1511175,3
1451,214,topology,1511175,3
1452,214,delau-nay triangulations,1511175,3
1453,214,exact computations,1511175,3
1454,214,high dimensional data,1511175,3
1455,214,machine learning applications,1511175,3
1456,214,piecewise linear interpolations,1511175,3
1457,214,randomized approximation,1511175,3
1458,214,simplicial complex,1511175,3
1459,214,data mining,1511175,3
1460,215,activity shapes,916472,3
1461,215,human behavior,1595839,3
1462,215,spatial analysis,916472,3
1463,215,spatiotemporal analysis,916472,3
1464,215,information visualization,1804071,0
1465,216,activity shapes,916472,3
1466,216,human behavior,1595839,3
1467,216,spatial analysis,916472,3
1468,216,spatiotemporal analysis,916472,3
1469,216,information visualization,1804071,0
1470,217,artificial intelligence,1853540,3
1471,217,human-robot interaction,1887991,0
1472,217,service robots,1699776,3
1473,218,artificial intelligence,1853540,3
1474,218,human-robot interaction,1887991,0
1475,218,service robots,1699776,3
1476,219,codeql,1800437,3
1477,219,computer security,1898666,3
1478,219,javascript,1778279,3
1479,219,joern,1800437,3
1480,219,prototype pollution,1800437,3
1481,219,vulnerability detection,1800437,3
1482,219,codeql,1800437,3
1483,219,datorsäkerhet,1897044,0
1484,219,javascript,1778279,3
1485,219,joern,1800437,3
1486,219,prototypförorening,1800437,3
1487,219,sårbarhetsdetektering,1800437,3
1488,224,soft body simulation,1708156,3
1489,224,position-based dynamics,1708156,3
1490,224,shape matching,1708156,3
1491,224,real-time simulation,1708156,3
1492,224,mjuk kropp simulering,1708156,3
1493,224,position-based dynamics,1708156,3
1494,224,shape matching,1708156,3
1495,224,realtidssimulering,1708156,3
1496,225,sound transcription,1773922,3
1497,225,sound translation,1773922,3
1498,225,ai,1216455,3
1498,225,ai,1241148,3
1498,225,ai,1241148,3
1498,225,ai,908072,0
1498,225,ai,908072,0
1498,225,ai,1278712,3
1498,225,ai,1278712,3
1499,225,deep learning,1712831,0
1500,225,real-time,1601859,0
1501,225,language barrier,1773922,3
1502,225,concurrency,1763111,3
1502,225,concurrency,1268459,0
1502,225,concurrency,606487,0
1502,225,concurrency,1212575,3
1503,225,ljud transkription,1773922,3
1504,225,ljud översättning,1773922,3
1505,225,ai,1216455,3
1505,225,ai,1241148,3
1505,225,ai,1241148,3
1505,225,ai,908072,0
1505,225,ai,908072,0
1505,225,ai,1278712,3
1505,225,ai,1278712,3
1506,225,djupinlärning,1887987,3
1506,225,djupinlärning,1788172,0
1507,225,real-tid,1773922,3
1508,225,språkbarriär,1773922,3
1509,225,samtidighet,1773922,3
1510,226,sound transcription,1773922,3
1511,226,sound translation,1773922,3
1512,226,ai,1216455,3
1512,226,ai,1241148,3
1512,226,ai,1241148,3
1512,226,ai,908072,0
1512,226,ai,908072,0
1512,226,ai,1278712,3
1512,226,ai,1278712,3
1513,226,deep learning,1712831,0
1514,226,real-time,1601859,0
1515,226,language barrier,1773922,3
1516,226,concurrency,1763111,3
1516,226,concurrency,1268459,0
1516,226,concurrency,606487,0
1516,226,concurrency,1212575,3
1517,226,ljud transkription,1773922,3
1518,226,ljud översättning,1773922,3
1519,226,ai,1216455,3
1519,226,ai,1241148,3
1519,226,ai,1241148,3
1519,226,ai,908072,0
1519,226,ai,908072,0
1519,226,ai,1278712,3
1519,226,ai,1278712,3
1520,226,djupinlärning,1887987,3
1520,226,djupinlärning,1788172,0
1521,226,real-tid,1773922,3
1522,226,språkbarriär,1773922,3
1523,226,samtidighet,1773922,3
1524,227,advanced health care at home,838606,3
1525,227,home assistance,838606,3
1526,227,vehicle routing problem,1783648,0
1527,227,time windows,838606,3
1528,227,scheduling,1704349,0
1528,227,scheduling,1212575,3
1528,227,scheduling,1085916,3
1529,227,rescheduling,838606,3
1530,227,routing,838606,3
1531,227,optimization,1749284,0
1531,227,optimization,114287,0
1532,227,avancerad sjukvård i hemmet,838606,3
1533,227,hemtjänst,838606,3
1534,227,schemaläggning,1213984,0
1535,227,omplanering,838606,3
1536,227,ruttoptimering,838606,3
1537,227,optimering,1749284,0
1538,228,advanced health care at home,838606,3
1539,228,home assistance,838606,3
1540,228,vehicle routing problem,1783648,0
1541,228,time windows,838606,3
1542,228,scheduling,1704349,0
1542,228,scheduling,1212575,3
1542,228,scheduling,1085916,3
1543,228,rescheduling,838606,3
1544,228,routing,838606,3
1545,228,optimization,1749284,0
1545,228,optimization,114287,0
1546,228,avancerad sjukvård i hemmet,838606,3
1547,228,hemtjänst,838606,3
1548,228,schemaläggning,1213984,0
1549,228,omplanering,838606,3
1550,228,ruttoptimering,838606,3
1551,228,optimering,1749284,0
1552,229,web information extraction,1818767,3
1553,229,computer vision,1269787,0
1553,229,computer vision,847992,0
1554,229,object detection,1597750,0
1554,229,object detection,1057748,0
1554,229,object detection,1108625,0
1555,229,deep learning,1712831,0
1556,229,informationsextraktion från webben,1818767,3
1557,229,datorseende,1601859,0
1558,229,objektigenkänning,1818767,3
1559,229,djupinlärning,1887987,3
1559,229,djupinlärning,1788172,0
1560,231,algorithms,1118354,0
1561,231,computer software,649033,3
1562,231,semantics,1606032,0
1563,231,algorithmic verification,649033,3
1564,231,generic frameworks,649033,3
1565,231,global properties,649033,3
1566,231,independent components,649033,3
1567,231,new components,649033,3
1568,231,procedural languages,649033,3
1569,231,program structures,649033,3
1570,231,temporal safety properties,649033,3
1571,231,distributed systems,938613,0
1571,231,distributed systems,1093416,3
1572,231,event-b,1229377,3
1573,231,fault injection,459635,3
1573,231,fault injection,1298427,0
1574,231,model checking,524550,3
1574,231,model checking,1847464,0
1575,231,software verification,459635,3
1576,231,state machines,459653,3
1577,231,regular inference,459653,3
1578,231,verification,459653,3
1578,231,verification,114295,0
1578,231,verification,7202,0
1578,231,verification,1789914,0
1578,231,verification,957404,3
1579,231,integration,459653,3
1580,231,components,459653,3
1581,231,temporal logic,650753,3
1582,231,model checking,524550,3
1582,231,model checking,1847464,0
1583,231,maximal models,524550,3
1584,231,modular verification,524550,3
1585,231,compositional verification,524550,3
1586,231,maximal models,524550,3
1587,231,model checking,524550,3
1587,231,model checking,1847464,0
1588,231,temporal properties,524550,3
1589,232,algorithms,1118354,0
1590,232,computer software,649033,3
1591,232,semantics,1606032,0
1592,232,algorithmic verification,649033,3
1593,232,generic frameworks,649033,3
1594,232,global properties,649033,3
1595,232,independent components,649033,3
1596,232,new components,649033,3
1597,232,procedural languages,649033,3
1598,232,program structures,649033,3
1599,232,temporal safety properties,649033,3
1600,232,distributed systems,938613,0
1600,232,distributed systems,1093416,3
1601,232,event-b,1229377,3
1602,232,fault injection,459635,3
1602,232,fault injection,1298427,0
1603,232,model checking,524550,3
1603,232,model checking,1847464,0
1604,232,software verification,459635,3
1605,232,temporal logic,650753,3
1606,232,model checking,524550,3
1606,232,model checking,1847464,0
1607,232,maximal models,524550,3
1608,233,cu-tree,865774,3
1609,233,hevc,865774,3
1609,233,hevc,1189830,3
1609,233,hevc,1189830,3
1610,233,aqp,865774,3
1611,233,video,862363,0
1611,233,video,865774,3
1612,233,codec,865774,3
1613,233,mb-tree,865774,3
1614,234,technical term extraction,915512,3
1615,234,keyphrase extraction,915512,3
1616,234,terminology,915512,3
1617,234,facktermsdetektering,915512,3
1618,234,nyckelordsextraktion,915512,3
1619,234,terminologi,915512,3
1620,243,delaunay,1842047,3
1621,243,height field,1106042,3
1622,243,height map,1106042,3
1623,243,chunks,1106042,3
1624,243,procedural terrain generation,1106042,3
1625,243,topological surface,1106042,3
1626,243,voxels,1793345,3
1627,243,tetrahedron,1793345,3
1628,243,tetrahedral mesh,1793345,3
1629,243,tetrahedralization,1793345,3
1630,243,tessellation,1793345,3
1630,243,tessellation,947325,0
1630,243,tessellation,1692949,3
1630,243,tessellation,1129639,0
1631,243,mutable environment,1793345,3
1632,243,editable terrain,1793345,3
1633,243,deformable environment,1793345,3
1634,243,boolean operations,1793345,3
1635,243,real-time,1601859,0
1636,243,computer games,839128,0
1637,243,computational geometry,1511175,3
1638,243,voxlar,1793345,3
1639,243,tetrahedror,1793345,3
1640,243,tetrahedralisering,1793345,3
1641,243,tessellering,1793345,3
1642,243,formbar terräng,1793345,3
1643,243,booliska operationer,1793345,3
1644,243,realtid,1601859,0
1645,243,datorspel,1793345,3
1646,243,beräkningsgeometri,1847463,3
1647,244,delaunay,1842047,3
1648,244,height field,1106042,3
1649,244,height map,1106042,3
1650,244,chunks,1106042,3
1651,244,procedural terrain generation,1106042,3
1652,244,topological surface,1106042,3
1653,249,multi-scale analysis,338803,3
1654,249,automatic scale selection,338803,3
1654,249,automatic scale selection,338874,3
1654,249,automatic scale selection,473389,3
1655,249,multi-channel texture analysis,338803,3
1656,249,active inspection system,338803,3
1657,249,carbide classification,338803,3
1658,249,texture segmentation,338803,3
1659,249,filters,338803,3
1660,249,images,311490,0
1661,249,scale,1144192,3
1662,250,multi-scale analysis,338803,3
1663,250,automatic scale selection,338803,3
1663,250,automatic scale selection,338874,3
1663,250,automatic scale selection,473389,3
1664,250,multi-channel texture analysis,338803,3
1665,250,active inspection system,338803,3
1666,250,carbide classification,338803,3
1667,250,texture segmentation,338803,3
1668,250,filters,338803,3
1669,250,images,311490,0
1670,250,scale,1144192,3
1671,251,posit,1464064,3
1672,251,softposit library,1464064,3
1673,251,moore’s law,1464064,3
1674,251,posit,1464064,3
1675,251,softposit,1464064,3
1676,251,moores lag,1464064,3
1677,252,posit,1464064,3
1678,252,softposit library,1464064,3
1679,252,moore’s law,1464064,3
1680,252,posit,1464064,3
1681,252,softposit,1464064,3
1682,252,moores lag,1464064,3
1683,255,cryptography,1913448,3
1684,255,online communication,1913448,3
1685,255,secure communication,1913448,3
1686,255,secret sharing,1913448,3
1687,255,kryptografi,1913448,3
1688,255,kommunikation på nätet,1913448,3
1689,255,säker kommunikation,1913448,3
1690,255,hemlighetsdelning,1913448,3
1691,256,surface chemical reaction networks,1778263,3
1692,256,molecular computing,1778263,3
1693,256,dna computing,1778263,3
1694,256,circuit simulation,1778263,3
1695,256,adders,1778263,3
1696,256,ytbundna kemiska reaktionsnätverk,1778263,3
1697,256,molekylär beräkning,1778263,3
1698,256,dna-beräkning,1778263,3
1699,256,kretssimulering,1778263,3
1700,256,additionskretsar,1778263,3
1701,257,indian buffet process,1212705,3
1702,257,ibp,1212705,3
1703,257,gibbs sampling,1212705,3
1704,257,recommendation systems,1106314,3
1705,258,indian buffet process,1212705,3
1706,258,ibp,1212705,3
1707,258,gibbs sampling,1212705,3
1708,258,recommendation systems,1106314,3
1709,259,tensorflow,1212698,3
1710,259,hpc,11914,0
1711,259,gpu,970839,0
1712,260,tensorflow,1212698,3
1713,260,hpc,11914,0
1714,260,gpu,970839,0
1715,261,tensorflow,1212698,3
1716,261,hpc,11914,0
1717,261,gpu,970839,0
1718,266,command and control,14513,0
1719,266,decision-making,1725013,0
1720,266,situation awareness,823781,0
1721,266,data fusion,1810970,0
1722,266,simulation,1702211,0
1722,266,simulation,954999,0
1722,266,simulation,1661985,3
1722,266,simulation,1597397,0
1723,266,gaming,10469,3
1724,266,experimentation,10469,3
1725,266,microworld research,10469,3
1726,266,graphical modeling,10469,3
1727,266,game theory,1616628,0
1728,266,rationality,10469,3
1729,266,intrigue sketch,576098,3
1730,266,narrative,576098,3
1731,266,organized cybercrime,576098,3
1732,266,persona,576098,3
1733,266,social media,1118834,3
1733,266,social media,1789914,0
1734,266,topic modeling,1118834,3
1735,266,geo-awareness,1118834,3
1736,266,trend analysis,1118834,3
1737,266,latent dirichlet allocation,1118834,3
1738,266,streaming media,1118834,3
1739,268,virtual reality,1886755,0
1740,268,trajectory visualization,1835960,3
1741,268,neurosurgical education,1835960,3
1742,268,external ventricular drain placement,1835960,3
1743,268,virtuell verklighet,1886755,0
1744,268,banvisualisering,1835960,3
1745,268,neurokirurgisk utbildning,1835960,3
1746,268,externt ventrikulär dräneringsplacering,1835960,3
1747,272,pagerank,1811242,3
1748,272,credibility,1104337,3
1749,272,credibility analysis,1104337,3
1750,272,twitter,1595839,3
1751,273,pagerank,1811242,3
1752,273,credibility,1104337,3
1753,273,credibility analysis,1104337,3
1754,273,twitter,1595839,3
1755,274,fftw,1217155,3
1756,274,discrete fourier transform,1217155,3
1757,274,fast fourier transform,1109257,0
1758,274,hpc,11914,0
1759,274,perf,1217155,3
1760,274,cache,1217155,3
1761,274,memory analysis,1217155,3
1762,274,robotic process automation,1609800,3
1763,274,gui testing,1609800,3
1764,274,test automation,1609800,3
1765,274,software robot,1609800,3
1766,274,web application,1609800,3
1767,274,robotic process automation,1609800,3
1768,274,gui-testning,1609800,3
1769,274,testautomatisering,1609800,3
1770,274,mjukvarurobot,1609800,3
1771,274,webbapplikation,1609800,3
1772,275,fftw,1217155,3
1773,275,discrete fourier transform,1217155,3
1774,275,fast fourier transform,1109257,0
1775,275,hpc,11914,0
1776,275,perf,1217155,3
1777,275,cache,1217155,3
1778,275,memory analysis,1217155,3
1779,275,load balancing,1512016,3
1780,275,lookaside load balancing,1501535,3
1781,275,external load balancing,1501535,3
1782,275,service mesh,1639274,0
1782,275,service mesh,1501535,3
1782,275,service mesh,1501535,3
1783,275,kubernetes,1887989,0
1784,275,envoy,1501535,3
1784,275,envoy,1501535,3
1785,275,grpc,1253472,0
1786,275,lastbalansering,1639274,0
1786,275,lastbalansering,1501535,3
1787,275,extern lastbalansering,1501535,3
1788,279,procedural,1215836,3
1789,279,generation,1215836,3
1790,279,buildings,1215836,3
1791,279,modeling,1215836,3
1792,279,virtual,1215836,3
1793,279,grammar,1215836,3
1794,279,perception,1618097,3
1795,279,procedurell,1215836,3
1796,279,generation,1215836,3
1797,279,byggnader,1215836,3
1798,279,modellering,1215836,3
1799,279,virtuell,1215836,3
1800,279,grammatik,1215836,3
1801,279,perception,1618097,3
1802,280,brain activation,441151,3
1802,280,brain activation,339453,3
1803,280,human brain mapping,441151,3
1804,280,functional region,441151,3
1804,280,functional region,339453,3
1805,280,scale-space,440633,3
1805,280,scale-space,473389,3
1805,280,scale-space,472978,3
1805,280,scale-space,465689,3
1805,280,scale-space,546842,3
1805,280,scale-space,474298,3
1805,280,scale-space,441212,3
1805,280,scale-space,474296,3
1806,280,primal sketch,441151,3
1806,280,primal sketch,473362,3
1806,280,primal sketch,339453,3
1806,280,primal sketch,474298,3
1807,280,scale selection,1144192,3
1807,280,scale selection,465018,3
1808,280,blob detection,441151,3
1808,280,blob detection,473362,3
1808,280,blob detection,453064,3
1808,280,blob detection,472978,3
1808,280,blob detection,546842,3
1809,280,multi-scale representation,440633,3
1809,280,multi-scale representation,465689,3
1809,280,multi-scale representation,546842,3
1809,280,multi-scale representation,474296,3
1810,280,computer vision,1269787,0
1810,280,computer vision,847992,0
1811,281,brain activation,441151,3
1811,281,brain activation,339453,3
1812,281,human brain mapping,441151,3
1813,281,functional region,441151,3
1813,281,functional region,339453,3
1814,281,scale-space,440633,3
1814,281,scale-space,473389,3
1814,281,scale-space,472978,3
1814,281,scale-space,465689,3
1814,281,scale-space,546842,3
1814,281,scale-space,474298,3
1814,281,scale-space,441212,3
1814,281,scale-space,474296,3
1815,281,primal sketch,441151,3
1815,281,primal sketch,473362,3
1815,281,primal sketch,339453,3
1815,281,primal sketch,474298,3
1816,281,scale selection,1144192,3
1816,281,scale selection,465018,3
1817,281,blob detection,441151,3
1817,281,blob detection,473362,3
1817,281,blob detection,453064,3
1817,281,blob detection,472978,3
1817,281,blob detection,546842,3
1818,281,multi-scale representation,440633,3
1818,281,multi-scale representation,465689,3
1818,281,multi-scale representation,546842,3
1818,281,multi-scale representation,474296,3
1819,281,computer vision,1269787,0
1819,281,computer vision,847992,0
1820,284,remote work,1774214,0
1821,284,work from home,1573407,3
1822,284,social well-being,1573407,3
1823,284,covid-19 pandemic,1573407,3
1824,284,digital social interactions,1573407,3
1825,284,information and communication technologies,1573407,3
1826,284,distansarbete,1573407,3
1827,284,hemarbete,1573407,3
1828,284,socialt välmående,1573407,3
1829,284,covid-19 pandemin,1573407,3
1830,284,digitala sociala interaktioner,1573407,3
1831,284,informations- och kommunikationsteknik,1892786,0
1832,287,smoothing methods,473366,3
1833,287,computational modeling,1617827,3
1833,287,computational modeling,552449,0
1834,287,intrusion detection,1882693,0
1835,287,telecommunication traffic,1617827,3
1836,287,organizations,1617827,3
1837,287,computer networks,1617827,3
1838,287,classification algorithms,1617827,3
1839,288,smoothing methods,473366,3
1840,288,computational modeling,1617827,3
1840,288,computational modeling,552449,0
1841,288,intrusion detection,1882693,0
1842,288,telecommunication traffic,1617827,3
1843,288,organizations,1617827,3
1844,288,computer networks,1617827,3
1845,288,classification algorithms,1617827,3
1846,288,automated modeling,1472900,3
1847,288,conceptual models,1472900,3
1848,288,ontologies,1472900,3
1849,288,ontology framework,1472900,3
1850,288,threat modeling,1596039,3
1850,288,threat modeling,1464458,0
1851,288,ethical principles offensive cyber security training ethical hacking penetration testing privacy security training ethical guideline ethical framework,1548919,3
1852,288,computer security,1898666,3
1853,288,red teaming,1898666,3
1854,288,phishing,1898666,3
1855,288,artificial intelligence,1853540,3
1856,288,large language models,1941572,3
1857,289,smoothing methods,473366,3
1858,289,computational modeling,1617827,3
1858,289,computational modeling,552449,0
1859,289,intrusion detection,1882693,0
1860,289,telecommunication traffic,1617827,3
1861,289,organizations,1617827,3
1862,289,computer networks,1617827,3
1863,289,classification algorithms,1617827,3
1864,289,automated modeling,1472900,3
1865,289,conceptual models,1472900,3
1866,289,ontologies,1472900,3
1867,289,ontology framework,1472900,3
1868,289,threat modeling,1596039,3
1868,289,threat modeling,1464458,0
1869,289,ethical principles offensive cyber security training ethical hacking penetration testing privacy security training ethical guideline ethical framework,1548919,3
1870,292,aco,1111660,3
1871,292,tsp,1105900,3
1872,292,ant colony optimization,1105900,3
1873,293,aco,1111660,3
1874,293,tsp,1105900,3
1875,293,ant colony optimization,1105900,3
1876,295,forecasting,1231223,0
1877,295,machine learning,1511175,3
1878,295,lstm,1188541,0
1879,295,sarima,1263990,3
1880,295,arbetsförmedlingen,1263990,3
1881,295,swedish public employment service,1263990,3
1882,295,sport fishing,851477,3
1883,295,recreational fishing,851477,3
1884,295,fishing,851477,3
1885,295,supervised machine learning,1805112,0
1886,295,random forest,1749935,0
1887,295,linear regression,1784229,0
1887,295,linear regression,1180843,0
1888,295,artificial neural networks,1231223,0
1888,295,artificial neural networks,846386,0
1888,295,artificial neural networks,1200633,3
1888,295,artificial neural networks,1632685,0
1889,295,sportfiske,851477,3
1890,295,fiske,851477,3
1891,306,bitcoin,1051879,0
1891,306,bitcoin,1110776,3
1892,306,cryptocurrency,1119782,3
1892,306,cryptocurrency,1110776,3
1893,306,blockchain,1230535,3
1893,306,blockchain,1111933,0
1893,306,blockchain,1111933,0
1894,307,bitcoin,1051879,0
1894,307,bitcoin,1110776,3
1895,307,cryptocurrency,1119782,3
1895,307,cryptocurrency,1110776,3
1896,307,blockchain,1230535,3
1896,307,blockchain,1111933,0
1896,307,blockchain,1111933,0
1897,310,shor code,1900563,3
1898,310,quantum error correction,1900563,3
1899,310,qiskit,1797607,3
1900,310,simulated quantum noise environment,1900563,3
1901,310,shor-kod,1900563,3
1902,310,kvantfelkorrigering,1900563,3
1903,310,qiskit,1797607,3
1904,310,simulerad kvantbrusmiljö,1900563,3
1905,311,shor code,1900563,3
1906,311,quantum error correction,1900563,3
1907,311,qiskit,1797607,3
1908,311,simulated quantum noise environment,1900563,3
1909,311,shor-kod,1900563,3
1910,311,kvantfelkorrigering,1900563,3
1911,311,qiskit,1797607,3
1912,311,simulerad kvantbrusmiljö,1900563,3
1913,312,non-volatile memory,1499219,3
1914,312,distributed storage,1656395,3
1914,312,distributed storage,1499219,3
1915,312,file systems,1656395,3
1915,312,file systems,1499219,3
1916,312,data centers,1499219,3
1916,312,data centers,1608645,3
1917,312,reliability,1870945,0
1918,312,fault tolerance,1813713,0
1918,312,fault tolerance,1499219,3
1919,312,scalability,1587978,3
1919,312,scalability,954999,0
1920,313,non-volatile memory,1499219,3
1921,313,distributed storage,1656395,3
1921,313,distributed storage,1499219,3
1922,313,file systems,1656395,3
1922,313,file systems,1499219,3
1923,313,data centers,1499219,3
1923,313,data centers,1608645,3
1924,313,reliability,1870945,0
1925,313,fault tolerance,1813713,0
1925,313,fault tolerance,1499219,3
1926,313,scalability,1587978,3
1926,313,scalability,954999,0
1927,313,software-dened networking,756406,3
1928,313,performance,1778279,3
1929,313,update scheduling,724935,3
1930,313,cloud computing,1359662,0
1931,313,distributed file systems,1608645,3
1932,313,storage systems,1608645,3
1933,313,operating systems,1608645,3
1933,313,operating systems,1164148,0
1934,313,networking,1897043,0
1934,313,networking,1371780,2
1935,313,key-value,1085916,3
1936,313,distributed,1085916,3
1937,313,storage,1085916,3
1938,313,multiget,1085916,3
1939,313,scheduling,1704349,0
1939,313,scheduling,1212575,3
1939,313,scheduling,1085916,3
1940,314,non-volatile memory,1499219,3
1941,314,distributed storage,1656395,3
1941,314,distributed storage,1499219,3
1942,314,file systems,1656395,3
1942,314,file systems,1499219,3
1943,314,data centers,1499219,3
1943,314,data centers,1608645,3
1944,314,reliability,1870945,0
1945,314,fault tolerance,1813713,0
1945,314,fault tolerance,1499219,3
1946,314,scalability,1587978,3
1946,314,scalability,954999,0
1947,314,cloud computing,1359662,0
1948,314,distributed file systems,1608645,3
1949,314,storage systems,1608645,3
1950,314,operating systems,1608645,3
1950,314,operating systems,1164148,0
1951,314,networking,1897043,0
1951,314,networking,1371780,2
1952,315,non-volatile memory,1499219,3
1953,315,distributed storage,1656395,3
1953,315,distributed storage,1499219,3
1954,315,file systems,1656395,3
1954,315,file systems,1499219,3
1955,315,data centers,1499219,3
1955,315,data centers,1608645,3
1956,315,reliability,1870945,0
1957,315,fault tolerance,1813713,0
1957,315,fault tolerance,1499219,3
1958,315,scalability,1587978,3
1958,315,scalability,954999,0
1959,315,cloud computing,1359662,0
1960,315,distributed file systems,1608645,3
1961,315,storage systems,1608645,3
1962,315,operating systems,1608645,3
1962,315,operating systems,1164148,0
1963,315,networking,1897043,0
1963,315,networking,1371780,2
1964,316,non-volatile memory,1499219,3
1965,316,distributed storage,1656395,3
1965,316,distributed storage,1499219,3
1966,316,file systems,1656395,3
1966,316,file systems,1499219,3
1967,316,data centers,1499219,3
1967,316,data centers,1608645,3
1968,316,reliability,1870945,0
1969,316,fault tolerance,1813713,0
1969,316,fault tolerance,1499219,3
1970,316,scalability,1587978,3
1970,316,scalability,954999,0
1971,316,cloud computing,1359662,0
1972,316,distributed file systems,1608645,3
1973,316,storage systems,1608645,3
1974,316,operating systems,1608645,3
1974,316,operating systems,1164148,0
1975,316,networking,1897043,0
1975,316,networking,1371780,2
1976,317,distributed storage,1656395,3
1976,317,distributed storage,1499219,3
1977,317,file systems,1656395,3
1977,317,file systems,1499219,3
1978,317,hardware offload,1656395,3
1979,317,persistent memory,1656395,3
1980,317,distribuerad lagring,1656395,3
1981,317,dilsystem,1656395,3
1982,317,maskinvaruavlastning,1656395,3
1983,317,beständigt minne,1656395,3
1984,317,non-volatile memory,1499219,3
1985,317,data centers,1499219,3
1985,317,data centers,1608645,3
1986,317,reliability,1870945,0
1987,317,fault tolerance,1813713,0
1987,317,fault tolerance,1499219,3
1988,317,scalability,1587978,3
1988,317,scalability,954999,0
1989,317,cloud computing,1359662,0
1990,317,distributed file systems,1608645,3
1991,317,storage systems,1608645,3
1992,317,operating systems,1608645,3
1992,317,operating systems,1164148,0
1993,317,networking,1897043,0
1993,317,networking,1371780,2
1994,317,key-value,1085916,3
1995,317,distributed,1085916,3
1996,317,storage,1085916,3
1997,317,multiget,1085916,3
1998,317,scheduling,1704349,0
1998,317,scheduling,1212575,3
1998,317,scheduling,1085916,3
1999,318,non-volatile memory,1499219,3
2000,318,distributed storage,1656395,3
2000,318,distributed storage,1499219,3
2001,318,file systems,1656395,3
2001,318,file systems,1499219,3
2002,318,data centers,1499219,3
2002,318,data centers,1608645,3
2003,318,reliability,1870945,0
2004,318,fault tolerance,1813713,0
2004,318,fault tolerance,1499219,3
2005,318,scalability,1587978,3
2005,318,scalability,954999,0
2006,319,non-volatile memory,1499219,3
2007,319,distributed storage,1656395,3
2007,319,distributed storage,1499219,3
2008,319,file systems,1656395,3
2008,319,file systems,1499219,3
2009,319,data centers,1499219,3
2009,319,data centers,1608645,3
2010,319,reliability,1870945,0
2011,319,fault tolerance,1813713,0
2011,319,fault tolerance,1499219,3
2012,319,scalability,1587978,3
2012,319,scalability,954999,0
2013,319,cloud computing,1359662,0
2014,319,distributed file systems,1608645,3
2015,319,storage systems,1608645,3
2016,319,operating systems,1608645,3
2016,319,operating systems,1164148,0
2017,319,networking,1897043,0
2017,319,networking,1371780,2
2018,320,flood detection,1665641,3
2019,320,bi-temporal,1665641,3
2020,320,change detection,1665635,3
2021,320,sar,1665641,3
2022,320,siamese,1665641,3
2023,320,deep learning,1712831,0
2024,320,encoder-decoder,1665641,3
2025,320,attention,1665641,3
2025,320,attention,1172550,0
2026,320,lidar,1750932,0
2027,320,als,1665635,3
2028,320,u-net,1795168,3
2029,320,segmentation,1837718,0
2030,320,change detection,1665635,3
2031,320,urbanization,1665635,3
2032,320,remote sensing,1848840,0
2033,321,flood detection,1665641,3
2034,321,bi-temporal,1665641,3
2035,321,change detection,1665635,3
2036,321,sar,1665641,3
2037,321,siamese,1665641,3
2038,321,deep learning,1712831,0
2039,321,encoder-decoder,1665641,3
2040,321,attention,1665641,3
2040,321,attention,1172550,0
2041,321,lidar,1750932,0
2042,321,als,1665635,3
2043,321,u-net,1795168,3
2044,321,segmentation,1837718,0
2045,321,change detection,1665635,3
2046,321,urbanization,1665635,3
2047,321,remote sensing,1848840,0
2048,322,flood detection,1665641,3
2049,322,bi-temporal,1665641,3
2050,322,change detection,1665635,3
2051,322,sar,1665641,3
2052,322,siamese,1665641,3
2053,322,deep learning,1712831,0
2054,322,encoder-decoder,1665641,3
2055,322,attention,1665641,3
2055,322,attention,1172550,0
2056,322,lidar,1750932,0
2057,322,als,1665635,3
2058,322,u-net,1795168,3
2059,322,segmentation,1837718,0
2060,322,change detection,1665635,3
2061,322,urbanization,1665635,3
2062,322,remote sensing,1848840,0
2063,331,program logics,1469213,3
2064,331,formal verification,1821827,2
2064,331,formal verification,957404,3
2065,331,theorem proving,1136624,2
2066,331,binary analysis,1755837,3
2067,331,hoare logic,1265405,3
2068,331,hol4,1821827,2
2069,331,hol,1265405,3
2070,331,higher-order logic,1265405,3
2071,331,sml,1265405,3
2072,331,poly/ml,1265405,3
2073,331,formal methods,1265405,3
2073,331,formal methods,1847464,0
2074,331,axiomatic semantics,1265405,3
2075,331,formal verification,1821827,2
2075,331,formal verification,957404,3
2076,331,static verification,1265405,3
2077,331,program verification,1265405,3
2078,331,hoare logic,1265405,3
2079,331,floyd-hoare logic,1265405,3
2080,331,itp,1265405,3
2081,331,interactive theorem prover,1821827,2
2082,331,theorem prover,1265405,3
2083,331,proof assistant,1265405,3
2084,331,bir,1265405,3
2085,331,automated theorem proving,1265405,3
2086,331,atp,1265405,3
2087,331,automated deduction,1265405,3
2088,331,computer-assisted proof,1265405,3
2089,331,automated reasoning,1265405,3
2090,334,probabilistic programming,1566176,3
2091,334,operational semantics,1539632,3
2092,334,static analysis,1800316,0
2093,334,probabilistic programming languages,1741049,3
2094,334,sequential monte carlo,1539632,3
2095,334,gpu compilation,1653044,3
2096,334,probabilistic programming languages,1741049,3
2097,334,compilers,1741049,3
2097,334,compilers,1185339,0
2098,334,static program analysis,1741049,3
2099,334,monte carlo inference,1741049,3
2100,334,operational semantics,1539632,3
2101,334,probabilistiska programmeringsspråk,1741049,3
2102,334,kompilatorer,1741049,3
2102,334,kompilatorer,1783240,3
2103,334,statisk programanalys,1741049,3
2104,334,monte carlo-inferens,1741049,3
2105,334,operationell semantik,1741049,3
2106,334,probabilistic programming,1566176,3
2107,334,sequential monte carlo,1539632,3
2108,334,operational semantics,1539632,3
2109,334,functional programming,1333336,3
2110,334,measure theory,1539632,3
2111,335,probabilistic programming,1566176,3
2112,335,operational semantics,1539632,3
2113,335,static analysis,1800316,0
2114,336,probabilistic programming,1566176,3
2115,336,operational semantics,1539632,3
2116,336,static analysis,1800316,0
2117,336,probabilistic programming languages,1741049,3
2118,336,sequential monte carlo,1539632,3
2119,336,gpu compilation,1653044,3
2120,337,instruction set architectures,1755837,3
2121,337,arm,762165,3
2122,337,mips,968447,3
2123,337,noninterference,968447,3
2123,337,noninterference,675843,3
2124,337,information flow,1821827,3
2125,337,theorem proving,1136624,3
2126,337,hol4,1821827,3
2127,337,formal verication,675835,3
2128,337,information flow security,675835,3
2128,337,information flow security,1368718,3
2129,337,separation kernel,675835,3
2130,337,hypervisor,1136624,3
2131,337,peripheral devices,968761,3
2132,337,dma,968761,3
2133,337,separation,762165,3
2133,337,separation,13522,0
2133,337,separation,13522,0
2133,337,separation,311490,0
2134,337,isolation,971284,3
2134,337,isolation,762165,3
2135,337,user mode execu- tion,762165,3
2136,337,arm,762165,3
2137,337,formal hardware/software co-verification,762165,3
2138,337,hol4,1821827,3
2139,337,program logics,1469213,3
2140,337,formal verification,1821827,3
2140,337,formal verification,957404,3
2141,337,theorem proving,1136624,3
2142,337,binary analysis,1755837,3
2143,337,hoare logic,1265405,3
2144,337,arm instruction set,675843,3
2145,337,user mode execution,675843,3
2146,337,kernel security,675843,3
2147,337,binary verification,675838,3
2148,337,hypervisor,1136624,3
2149,337,decomposition,1253472,0
2150,337,soc,1368718,3
2151,337,armv8,1368718,3
2152,337,formal verification,1821827,3
2152,337,formal verification,957404,3
2153,337,refinement,1821827,3
2154,337,serial interface,1821827,3
2155,337,device driver,1606994,3
2156,337,interactive theorem prover,1821827,3
2157,337,information flow,1821827,3
2158,337,information-centric networking,464025,3
2159,337,metadata search,464025,3
2160,337,distributed management,464025,3
2161,338,automatic road extraction,338656,3
2162,338,aerial imagery,1885502,0
2163,338,snakes,338656,3
2164,338,multi-scale,338656,3
2165,338,evaluation,824355,0
2166,338,ridge detection,338656,3
2166,338,ridge detection,338874,3
2167,338,edge-detection,338656,3
2167,338,edge-detection,338874,3
2168,338,selection,1702702,0
2169,339,automatic road extraction,338656,3
2170,339,aerial imagery,1885502,0
2171,339,snakes,338656,3
2172,339,multi-scale,338656,3
2173,339,evaluation,824355,0
2174,339,ridge detection,338656,3
2174,339,ridge detection,338874,3
2175,339,edge-detection,338656,3
2175,339,edge-detection,338874,3
2176,339,selection,1702702,0
2177,340,automatic road extraction,338656,3
2178,340,aerial imagery,1885502,0
2179,340,snakes,338656,3
2180,340,multi-scale,338656,3
2181,340,evaluation,824355,0
2182,340,ridge detection,338656,3
2182,340,ridge detection,338874,3
2183,340,edge-detection,338656,3
2183,340,edge-detection,338874,3
2184,340,selection,1702702,0
2185,341,automatic road extraction,338656,3
2186,341,aerial imagery,1885502,0
2187,341,snakes,338656,3
2188,341,multi-scale,338656,3
2189,341,evaluation,824355,0
2190,341,ridge detection,338656,3
2190,341,ridge detection,338874,3
2191,341,edge-detection,338656,3
2191,341,edge-detection,338874,3
2192,341,selection,1702702,0
2193,342,curve segmentation,474413,3
2193,342,curve segmentation,473385,3
2194,342,minimum description length,474413,3
2194,342,minimum description length,473385,3
2195,342,junction detection,474413,3
2195,342,junction detection,473389,3
2195,342,junction detection,472978,3
2195,342,junction detection,473385,3
2196,342,edge detection,474413,3
2196,342,edge detection,473362,3
2196,342,edge detection,473385,3
2197,342,curvature,1241492,0
2197,342,curvature,473385,3
2198,342,classification,1118354,0
2198,342,classification,1278712,3
2198,342,classification,1857944,3
2198,342,classification,473385,3
2198,342,classification,971649,0
2198,342,classification,1118387,3
2199,342,object recognition,1171308,0
2200,342,computer vision,1269787,0
2200,342,computer vision,847992,0
2201,343,machine learning,1511175,3
2202,343,fault detection,1885514,0
2203,343,fault location,1053090,3
2204,343,software maintenance,1053090,3
2205,343,software debugging,1053090,3
2206,343,software engineering,1685851,3
2207,344,machine learning,1511175,3
2208,344,fault detection,1885514,0
2209,344,fault location,1053090,3
2210,344,software maintenance,1053090,3
2211,344,software debugging,1053090,3
2212,344,software engineering,1685851,3
2213,345,machine learning,1511175,3
2214,345,fault detection,1885514,0
2215,345,fault location,1053090,3
2216,345,software maintenance,1053090,3
2217,345,software debugging,1053090,3
2218,345,software engineering,1685851,3
2219,346,machine learning,1511175,3
2220,346,fault detection,1885514,0
2221,346,fault location,1053090,3
2222,346,software maintenance,1053090,3
2223,346,software debugging,1053090,3
2224,346,software engineering,1685851,3
2225,347,machine learning,1511175,3
2226,347,fault detection,1885514,0
2227,347,fault location,1053090,3
2228,347,software maintenance,1053090,3
2229,347,software debugging,1053090,3
2230,347,software engineering,1685851,3
2231,353,generative ai,1857391,3
2232,353,llm,1857391,3
2233,353,gpt,1857391,3
2234,353,qbl,1857391,3
2235,353,question generation,1857391,3
2236,353,generativ ai,1857391,3
2237,353,llm,1857391,3
2238,353,gpt,1857391,3
2239,353,qbl,1857391,3
2240,353,frågegenerering,1857391,3
2241,354,automated modeling,1472900,3
2242,354,conceptual models,1472900,3
2243,354,ontologies,1472900,3
2244,354,ontology framework,1472900,3
2245,354,threat modeling,1596039,3
2245,354,threat modeling,1464458,0
2246,355,automated modeling,1472900,3
2247,355,conceptual models,1472900,3
2248,355,ontologies,1472900,3
2249,355,ontology framework,1472900,3
2250,355,threat modeling,1596039,3
2250,355,threat modeling,1464458,0
2251,356,wayfinding sign,1904898,3
2252,356,directional sign,1904898,3
2253,356,gis,1230567,3
2254,356,qgis,1904898,3
2255,356,python,1904964,0
2256,356,bicycle sign,1904898,3
2257,356,automatization,1904898,3
2258,356,vägvisningsskylt,1904898,3
2259,356,gis,1230567,3
2260,356,qgis,1904898,3
2261,356,python,1904964,0
2262,356,cykelskylt,1904898,3
2263,356,automatisering,1884875,3
2264,357,wayfinding sign,1904898,3
2265,357,directional sign,1904898,3
2266,357,gis,1230567,3
2267,357,qgis,1904898,3
2268,357,python,1904964,0
2269,357,bicycle sign,1904898,3
2270,357,automatization,1904898,3
2271,357,vägvisningsskylt,1904898,3
2272,357,gis,1230567,3
2273,357,qgis,1904898,3
2274,357,python,1904964,0
2275,357,cykelskylt,1904898,3
2276,357,automatisering,1884875,3
2277,358,wayfinding sign,1904898,3
2278,358,directional sign,1904898,3
2279,358,gis,1230567,3
2280,358,qgis,1904898,3
2281,358,python,1904964,0
2282,358,bicycle sign,1904898,3
2283,358,automatization,1904898,3
2284,358,vägvisningsskylt,1904898,3
2285,358,gis,1230567,3
2286,358,qgis,1904898,3
2287,358,python,1904964,0
2288,358,cykelskylt,1904898,3
2289,358,automatisering,1884875,3
2290,361,image classification,1750932,0
2290,361,image classification,1320166,3
2291,361,densenet,1597711,3
2292,361,elastic weight consolidation,1597711,3
2293,361,catastrophic forgetting,1597711,3
2294,361,cifar100,1597711,3
2295,361,bildklassifiering,1597711,3
2296,361,densenet,1597711,3
2297,361,elastic weight consolidation,1597711,3
2298,361,catastrophic forgetting,1597711,3
2299,361,cifar100,1597711,3
2300,362,image classification,1750932,0
2300,362,image classification,1320166,3
2301,362,densenet,1597711,3
2302,362,elastic weight consolidation,1597711,3
2303,362,catastrophic forgetting,1597711,3
2304,362,cifar100,1597711,3
2305,362,bildklassifiering,1597711,3
2306,362,densenet,1597711,3
2307,362,elastic weight consolidation,1597711,3
2308,362,catastrophic forgetting,1597711,3
2309,362,cifar100,1597711,3
2310,364,representation learning,1856441,3
2311,364,machine learning,1511175,2
2312,364,multimodal,1787725,0
2313,364,contrastive learning,1856441,3
2314,369,time series classification,1913441,0
2315,369,multivariate time series,1699773,3
2316,369,music industry,1699773,3
2317,369,record label business model.,1699773,3
2318,370,time series classification,1913441,0
2319,370,multivariate time series,1699773,3
2320,370,music industry,1699773,3
2321,370,record label business model.,1699773,3
2322,376,clustering,898710,3
2323,376,automatic,1117041,3
2324,376,image annotation,1117041,3
2325,376,sharing labels,1117041,3
2326,376,cnn,1613536,0
2327,376,convolutional,1117041,3
2327,376,convolutional,1230671,3
2327,376,convolutional,1108415,3
2328,376,neural network,811087,3
2328,376,neural network,1188541,0
2329,376,klustering,1600278,0
2330,376,automatisk,1117041,3
2331,376,bildannotering,1117041,3
2332,376,cnn,1613536,0
2333,376,konvolutionellt,1117041,3
2334,376,neuralt nätverk,1707448,0
2334,376,neuralt nätverk,1278712,3
2335,381,rest,1253472,0
2336,381,grpc,1253472,0
2337,381,json,1792957,3
2338,381,protocol buffers,1792957,3
2338,381,protocol buffers,1241936,3
2339,381,api,1845152,0
2340,381,http,1253472,0
2341,381,benchmark,1778306,0
2341,381,benchmark,837145,0
2341,381,benchmark,1256056,3
2341,381,benchmark,1904964,0
2341,381,benchmark,1904964,0
2342,381,performance,1778279,3
2343,381,microservices,1253472,0
2344,381,network communication,1792957,3
2345,381,rest,1253472,0
2346,381,grpc,1253472,0
2347,381,json,1792957,3
2348,381,protocol buffers,1792957,3
2348,381,protocol buffers,1241936,3
2349,381,api,1845152,0
2350,381,http,1253472,0
2351,381,benchmark,1778306,0
2351,381,benchmark,837145,0
2351,381,benchmark,1256056,3
2351,381,benchmark,1904964,0
2351,381,benchmark,1904964,0
2352,381,prestanda,1778279,3
2353,381,mikrotjänster,1606003,0
2354,381,nätverkskommunikation,1792957,3
2355,382,rest,1253472,0
2356,382,grpc,1253472,0
2357,382,json,1792957,3
2358,382,protocol buffers,1792957,3
2358,382,protocol buffers,1241936,3
2359,382,api,1845152,0
2360,382,http,1253472,0
2361,382,benchmark,1778306,0
2361,382,benchmark,837145,0
2361,382,benchmark,1256056,3
2361,382,benchmark,1904964,0
2361,382,benchmark,1904964,0
2362,382,performance,1778279,3
2363,382,microservices,1253472,0
2364,382,network communication,1792957,3
2365,382,rest,1253472,0
2366,382,grpc,1253472,0
2367,382,json,1792957,3
2368,382,protocol buffers,1792957,3
2368,382,protocol buffers,1241936,3
2369,382,api,1845152,0
2370,382,http,1253472,0
2371,382,benchmark,1778306,0
2371,382,benchmark,837145,0
2371,382,benchmark,1256056,3
2371,382,benchmark,1904964,0
2371,382,benchmark,1904964,0
2372,382,prestanda,1778279,3
2373,382,mikrotjänster,1606003,0
2374,382,nätverkskommunikation,1792957,3
2375,384,signed network,1536967,3
2376,384,spectral analysis,1536967,3
2377,384,social network,1536967,3
2378,384,polarization,1536967,3
2379,385,multi-armed bandits,737623,3
2380,385,adaptive control,1802149,3
2381,385,model predictive control,1802149,3
2382,385,clustering,898710,3
2383,385,k-means,898710,3
2384,385,cluster validation,898710,3
2385,385,number of clusters,898710,3
2386,388,biometrics,1579745,3
2387,388,security,1794943,3
2387,388,security,1464458,0
2388,388,machine learning,1511175,3
2389,388,web technologies,877205,3
2390,388,javascript,1778279,3
2391,388,svm,846825,0
2392,389,technical debt,946779,3
2393,389,managing technical debt,946779,3
2394,389,django,946779,3
2395,390,blockchain,1230535,3
2395,390,blockchain,1111933,0
2395,390,blockchain,1111933,0
2396,390,bitcoin,1051879,0
2396,390,bitcoin,1110776,3
2397,390,consensus,1121133,3
2398,390,cryptocuyrrency,1121133,3
2399,390,blockkedja,1815072,3
2399,390,blockkedja,1268555,3
2400,390,kryptovaluta,1121133,3
2401,390,digital valuta,1121133,3
2402,391,blockchain,1230535,3
2402,391,blockchain,1111933,0
2402,391,blockchain,1111933,0
2403,391,bitcoin,1051879,0
2403,391,bitcoin,1110776,3
2404,391,consensus,1121133,3
2405,391,cryptocuyrrency,1121133,3
2406,391,blockkedja,1815072,3
2406,391,blockkedja,1268555,3
2407,391,kryptovaluta,1121133,3
2408,391,digital valuta,1121133,3
2409,392,blockchain financial transactions cryptocurrency implementation banking,1127299,3
2410,392,openid connect,1118878,3
2411,392,oidc,1118878,3
2412,392,electronic identification,1118878,3
2413,392,eid,1118878,3
2414,392,openid connect,1118878,3
2415,392,oidc,1118878,3
2416,392,e-legitimation,1118878,3
2417,392,e-leg,1118878,3
2418,393,blockchain financial transactions cryptocurrency implementation banking,1127299,3
2419,394,blockchain,1230535,3
2419,394,blockchain,1111933,0
2419,394,blockchain,1111933,0
2420,394,mutual funds,1044630,3
2421,394,fund market,1044630,3
2422,394,distributed database,1044630,3
2422,394,distributed database,827372,3
2423,394,fondmarknad,1044630,3
2424,394,blockkedja,1815072,3
2424,394,blockkedja,1268555,3
2425,394,distribuerad databas,1044630,3
2426,394,fonder,1044630,3
2427,395,blockchain,1230535,3
2427,395,blockchain,1111933,0
2427,395,blockchain,1111933,0
2428,395,mutual funds,1044630,3
2429,395,fund market,1044630,3
2430,395,distributed database,1044630,3
2430,395,distributed database,827372,3
2431,395,fondmarknad,1044630,3
2432,395,blockkedja,1815072,3
2432,395,blockkedja,1268555,3
2433,395,distribuerad databas,1044630,3
2434,395,fonder,1044630,3
2435,399,virtual reality,1886755,0
2436,399,immersive virtual reality,946219,3
2437,399,human-computer interaction,946219,3
2437,399,human-computer interaction,465018,3
2438,399,interaction techniques,946219,3
2439,399,usability,134361,0
2440,400,lactate sensor,1613600,3
2441,400,sweat,1613600,3
2442,400,sport,1712819,0
2443,400,physiology,1613600,3
2444,400,wearable platforms,1613600,3
2445,401,lactate sensor,1613600,3
2446,401,sweat,1613600,3
2447,401,sport,1712819,0
2448,401,physiology,1613600,3
2449,401,wearable platforms,1613600,3
2450,402,lactate sensor,1613600,3
2451,402,sweat,1613600,3
2452,402,sport,1712819,0
2453,402,physiology,1613600,3
2454,402,wearable platforms,1613600,3
2455,403,lactate sensor,1613600,3
2456,403,sweat,1613600,3
2457,403,sport,1712819,0
2458,403,physiology,1613600,3
2459,403,wearable platforms,1613600,3
2460,404,lactate sensor,1613600,3
2461,404,sweat,1613600,3
2462,404,sport,1712819,0
2463,404,physiology,1613600,3
2464,404,wearable platforms,1613600,3
2465,405,lactate sensor,1613600,3
2466,405,sweat,1613600,3
2467,405,sport,1712819,0
2468,405,physiology,1613600,3
2469,405,wearable platforms,1613600,3
2470,406,bachelor thesis,1599553,3
2471,406,version control system,1599553,3
2472,406,git,1887989,0
2472,406,git,851524,0
2473,406,github,1599553,3
2474,406,education,1599676,3
2475,406,computer science education,1599553,3
2476,406,commit behaviour,1599553,3
2477,406,kandidatexamensarbete,1797607,3
2478,406,versionshanteringssystem,1599553,3
2479,406,git,1887989,0
2479,406,git,851524,0
2480,406,github,1599553,3
2481,406,lärande,1599553,3
2482,406,datateknik,1599553,3
2482,406,datateknik,1868373,0
2483,406,commitbeteende,1599553,3
2484,406,second-hand,1788170,3
2485,406,machine learning,1511175,3
2486,406,data analysis,1068236,0
2487,406,feature selection,1788170,3
2487,406,feature selection,552336,0
2488,406,clustering,898710,3
2489,406,k-means,898710,3
2490,406,second-hand,1788170,3
2491,406,maskininlärning,1269787,0
2492,406,dataanalys,1164171,0
2493,406,urval av attributer,1788170,3
2494,406,klustring,1788170,3
2495,406,k-means,898710,3
2496,407,bachelor thesis,1599553,3
2497,407,version control system,1599553,3
2498,407,git,1887989,0
2498,407,git,851524,0
2499,407,github,1599553,3
2500,407,education,1599676,3
2501,407,computer science education,1599553,3
2502,407,commit behaviour,1599553,3
2503,407,kandidatexamensarbete,1797607,3
2504,407,versionshanteringssystem,1599553,3
2505,407,git,1887989,0
2505,407,git,851524,0
2506,407,github,1599553,3
2507,407,lärande,1599553,3
2508,407,datateknik,1599553,3
2508,407,datateknik,1868373,0
2509,407,commitbeteende,1599553,3
2510,410,classification,1118354,0
2510,410,classification,1278712,3
2510,410,classification,1857944,3
2510,410,classification,473385,3
2510,410,classification,971649,0
2510,410,classification,1118387,3
2511,410,categorization,1562606,3
2512,410,e-mails,1562606,3
2513,410,preprocessing,1562606,3
2514,410,tf-idf,1562606,3
2514,410,tf-idf,943470,3
2515,410,machine learning,1511175,3
2516,410,supervised learning,1118354,0
2517,410,naïve bayes,1562606,3
2518,410,support vector machine,846825,0
2519,410,decision tree,1562606,3
2519,410,decision tree,1217917,3
2519,410,decision tree,1217917,3
2520,410,klassificering,1894305,0
2520,410,klassificering,1278712,3
2521,410,kategorisering,1562606,3
2522,410,e-postmeddelanden,1562606,3
2523,410,förbehandling av data,1562606,3
2524,410,tf-idf,1562606,3
2524,410,tf-idf,943470,3
2525,410,maskininlärning,1269787,0
2526,410,övervakad inlärning,1562606,3
2526,410,övervakad inlärning,1633154,0
2527,410,naïve bayes,1562606,3
2528,410,support vector machine,846825,0
2529,410,decision tree,1562606,3
2529,410,decision tree,1217917,3
2529,410,decision tree,1217917,3
2530,411,classification,1118354,0
2530,411,classification,1278712,3
2530,411,classification,1857944,3
2530,411,classification,473385,3
2530,411,classification,971649,0
2530,411,classification,1118387,3
2531,411,categorization,1562606,3
2532,411,e-mails,1562606,3
2533,411,preprocessing,1562606,3
2534,411,tf-idf,1562606,3
2534,411,tf-idf,943470,3
2535,411,machine learning,1511175,3
2536,411,supervised learning,1118354,0
2537,411,naïve bayes,1562606,3
2538,411,support vector machine,846825,0
2539,411,decision tree,1562606,3
2539,411,decision tree,1217917,3
2539,411,decision tree,1217917,3
2540,411,klassificering,1894305,0
2540,411,klassificering,1278712,3
2541,411,kategorisering,1562606,3
2542,411,e-postmeddelanden,1562606,3
2543,411,förbehandling av data,1562606,3
2544,411,tf-idf,1562606,3
2544,411,tf-idf,943470,3
2545,411,maskininlärning,1269787,0
2546,411,övervakad inlärning,1562606,3
2546,411,övervakad inlärning,1633154,0
2547,411,naïve bayes,1562606,3
2548,411,support vector machine,846825,0
2549,411,decision tree,1562606,3
2549,411,decision tree,1217917,3
2549,411,decision tree,1217917,3
2550,412,machine learning,1511175,3
2551,412,unsupervised,946538,3
2551,412,unsupervised,1146710,3
2552,412,natural language processing,1589461,3
2552,412,natural language processing,927314,0
2552,412,natural language processing,1257845,0
2552,412,natural language processing,1116765,3
2553,412,nlp,927314,0
2553,412,nlp,1257845,0
2554,412,clustering,898710,3
2555,412,centroid based,943470,3
2556,412,k-means,898710,3
2557,412,text clustering,943470,3
2558,412,limited data,943470,3
2559,412,email clustering,943470,3
2560,412,lsa,943470,3
2561,412,svd,943470,3
2562,412,tf-idf,1562606,3
2562,412,tf-idf,943470,3
2563,412,dimensionality reduction,1808715,0
2564,412,the gap statistic,943470,3
2565,412,lloyd's algorithm,943470,3
2566,412,vectorization,1912183,3
2567,412,feature extraction,1705258,0
2567,412,feature extraction,943470,3
2567,412,feature extraction,552336,0
2567,412,feature extraction,1278712,3
2568,413,computer vision,1269787,0
2568,413,computer vision,847992,0
2569,413,floorball,953092,3
2570,413,bontouch,970839,0
2571,413,ball,953092,3
2572,413,trajectory,1804786,0
2573,413,speed,953092,3
2574,413,motion detection,1918459,0
2575,413,distance estimation,953092,3
2576,413,smartphone,953092,3
2576,413,smartphone,1108645,3
2576,413,smartphone,1108645,3
2576,413,smartphone,798493,0
2577,413,camera,953092,3
2578,413,opencv,953092,3
2579,413,iphone,953092,3
2580,413,ios,1793389,3
2581,414,character recognition,1108415,3
2582,414,natural images,1108415,3
2582,414,natural images,1108666,3
2583,414,tensorflow,1212698,3
2584,414,data augmentation,1697686,0
2585,414,neural networks,1194112,0
2585,414,neural networks,1320166,3
2586,414,chars74k,1108415,3
2587,414,convolutional,1117041,3
2587,414,convolutional,1230671,3
2587,414,convolutional,1108415,3
2588,414,teckenigenkänning,1108415,3
2589,414,naturliga bilder,1108415,3
2589,414,naturliga bilder,1108666,3
2590,414,tensorflow,1212698,3
2591,414,dataaugmentering,1108415,3
2592,414,neurala nätverk,1601084,0
2593,414,neuronnät,927359,3
2593,414,neuronnät,1241148,3
2593,414,neuronnät,1241848,3
2594,414,chars74k,1108415,3
2595,415,character recognition,1108415,3
2596,415,natural images,1108415,3
2596,415,natural images,1108666,3
2597,415,tensorflow,1212698,3
2598,415,data augmentation,1697686,0
2599,415,neural networks,1194112,0
2599,415,neural networks,1320166,3
2600,415,chars74k,1108415,3
2601,415,convolutional,1117041,3
2601,415,convolutional,1230671,3
2601,415,convolutional,1108415,3
2602,415,teckenigenkänning,1108415,3
2603,415,naturliga bilder,1108415,3
2603,415,naturliga bilder,1108666,3
2604,415,tensorflow,1212698,3
2605,415,dataaugmentering,1108415,3
2606,415,neurala nätverk,1601084,0
2607,415,neuronnät,927359,3
2607,415,neuronnät,1241148,3
2607,415,neuronnät,1241848,3
2608,415,chars74k,1108415,3
2609,416,chatbot,1793707,0
2609,416,chatbot,1885513,0
2610,416,artificial intelligence,1853540,3
2611,416,machine learning,1511175,3
2612,417,chatbot,1793707,0
2612,417,chatbot,1885513,0
2613,417,artificial intelligence,1853540,3
2614,417,machine learning,1511175,3
2615,426,eeg,1359662,0
2616,426,alzheimer's,1213692,3
2617,426,machine learning,1511175,3
2618,426,supervised machine learning,1805112,0
2619,426,spectral power,1213692,3
2620,426,feature extraction,1705258,0
2620,426,feature extraction,943470,3
2620,426,feature extraction,552336,0
2620,426,feature extraction,1278712,3
2621,426,support vector machine,846825,0
2622,426,svm,846825,0
2623,426,knn,1230122,3
2624,426,lda,946538,3
2625,427,eeg,1359662,0
2626,427,alzheimer's,1213692,3
2627,427,machine learning,1511175,3
2628,427,supervised machine learning,1805112,0
2629,427,spectral power,1213692,3
2630,427,feature extraction,1705258,0
2630,427,feature extraction,943470,3
2630,427,feature extraction,552336,0
2630,427,feature extraction,1278712,3
2631,427,support vector machine,846825,0
2632,427,svm,846825,0
2633,427,knn,1230122,3
2634,427,lda,946538,3
2635,430,deep learning,1712831,0
2636,430,human activity recognition,1201480,3
2637,430,out-of-distribution detection,1811849,3
2638,430,time-series classification,1811849,3
2639,430,uncertainty estimation,1811849,3
2640,430,electrical and electronic engineering,1602304,3
2641,430,biochemistry,1602304,3
2642,430,instrumentation,1602304,3
2643,430,atomic and molecular physics,1602304,3
2644,430,and optics,1602304,3
2645,430,analytical chemistry,1602304,3
2646,431,deep learning,1712831,0
2647,431,human activity recognition,1201480,3
2648,431,out-of-distribution detection,1811849,3
2649,431,time-series classification,1811849,3
2650,431,uncertainty estimation,1811849,3
2651,432,deep learning,1712831,0
2652,432,human activity recognition,1201480,3
2653,432,out-of-distribution detection,1811849,3
2654,432,time-series classification,1811849,3
2655,432,uncertainty estimation,1811849,3
2656,432,electrical and electronic engineering,1602304,3
2657,432,biochemistry,1602304,3
2658,432,instrumentation,1602304,3
2659,432,atomic and molecular physics,1602304,3
2660,432,and optics,1602304,3
2661,432,analytical chemistry,1602304,3
2662,432,graph convolution,1717398,3
2663,432,software define networks,1717398,3
2664,432,open world learning,1717398,3
2665,434,deep,841518,3
2666,434,convolutional,1117041,3
2666,434,convolutional,1230671,3
2666,434,convolutional,1108415,3
2667,434,networks,1241492,0
2668,434,neural networks,1194112,0
2668,434,neural networks,1320166,3
2669,434,image segmentation,1808715,0
2670,434,brain tumour,841518,3
2671,434,glioma,841518,3
2672,434,mri,841518,3
2672,434,mri,853460,0
2673,434,brats,841518,3
2674,438,aws,1149023,0
2675,438,heroku,1774212,3
2676,438,comparison,1774212,3
2676,438,comparison,812042,3
2677,438,infrastructure as code,1887989,0
2678,438,cost,1774212,3
2679,438,availability,1774212,3
2680,438,aws,1149023,0
2681,438,heroku,1774212,3
2682,438,jämförelse,1778306,0
2683,438,prestanda,1778279,3
2684,438,kostnad,1774212,3
2685,438,tillgänglighet,1774212,3
2685,438,tillgänglighet,1894302,0
2686,439,aws,1149023,0
2687,439,heroku,1774212,3
2688,439,comparison,1774212,3
2688,439,comparison,812042,3
2689,439,infrastructure as code,1887989,0
2690,439,cost,1774212,3
2691,439,availability,1774212,3
2692,439,aws,1149023,0
2693,439,heroku,1774212,3
2694,439,jämförelse,1778306,0
2695,439,prestanda,1778279,3
2696,439,kostnad,1774212,3
2697,439,tillgänglighet,1774212,3
2697,439,tillgänglighet,1894302,0
2698,441,label noise,1857944,3
2699,441,noisy labels,1857944,3
2700,441,robustness,1905784,0
2700,441,robustness,1857944,3
2701,441,gaussian noise,1857944,3
2702,441,classification,1118354,0
2702,441,classification,1278712,3
2702,441,classification,1857944,3
2702,441,classification,473385,1
2702,441,classification,971649,0
2702,441,classification,1118387,3
2703,441,log-ratio transform,1857944,3
2704,441,compositional data analysis,1857944,3
2705,446,cold start,839780,0
2706,446,recommender system,811049,3
2707,446,k-nn,1107752,3
2708,447,cold start,839780,0
2709,447,recommender system,811049,3
2710,447,k-nn,1107752,3
2711,448,fake news,1114109,3
2712,448,machine learning,1511175,3
2713,448,naive bayes,1109910,3
2714,449,fake news,1114109,3
2715,449,machine learning,1511175,3
2716,449,naive bayes,1109910,3
2717,450,sentiment classification,811021,3
2718,450,sentiment analysis,1885510,0
2719,450,opinion mining,811021,3
2720,450,lexicon,811021,3
2721,450,machine learning,1511175,3
2722,450,hybrid,1737684,3
2723,450,movie reviews,811021,3
2724,450,social media,1118834,3
2724,450,social media,1789914,0
2725,451,sentiment classification,811021,3
2726,451,sentiment analysis,1885510,0
2727,451,opinion mining,811021,3
2728,451,lexicon,811021,3
2729,451,machine learning,1511175,3
2730,451,hybrid,1737684,3
2731,451,movie reviews,811021,3
2732,451,social media,1118834,3
2732,451,social media,1789914,0
2733,452,steganography,1886716,3
2734,452,steganalysis,1886716,3
2735,452,convolutional neural network,1588971,0
2736,452,machine learning,1511175,3
2737,452,algorithmic design,1886716,3
2738,452,steganografi,1886716,3
2739,452,steganalys,1886716,3
2740,452,konvolutionellt neuralt nätverk,1886718,3
2741,452,maskininlärning,1269787,0
2742,452,algoritmisk design,1886716,3
2743,453,steganography,1886716,3
2744,453,steganalysis,1886716,3
2745,453,convolutional neural network,1588971,0
2746,453,machine learning,1511175,3
2747,453,algorithmic design,1886716,3
2748,453,steganografi,1886716,3
2749,453,steganalys,1886716,3
2750,453,konvolutionellt neuralt nätverk,1886718,3
2751,453,maskininlärning,1269787,0
2752,453,algoritmisk design,1886716,3
2753,454,software testing,1784176,0
2754,454,software engineering,1685851,3
2755,454,test improvement,1685851,3
2756,454,property-based testing,1685851,3
2757,454,invariant detection,1685851,3
2758,454,mjukvarutestning,1784176,0
2759,454,mjukvarukonstruktion,1685851,3
2760,454,testförbättring,1685851,3
2761,454,egenskapsbaserad testning,1685851,3
2762,454,invariantdetektion,1685851,3
2763,458,transformed-based pre-trained language models,1708538,3
2764,458,natural language processing,1589461,3
2764,458,natural language processing,927314,0
2764,458,natural language processing,1257845,0
2764,458,natural language processing,1116765,3
2765,458,natural language generation,1751205,0
2766,458,conditional text generation,1708538,3
2767,458,text classification,1613852,0
2768,458,fine-tuning,1708538,3
2769,458,english language learning.,1708538,3
2770,458,transformbaserade förtränade språkmodeller,1708538,3
2771,458,naturlig språkbehandling,1613852,0
2772,458,naturlig språkgenerering,1708538,3
2773,458,betingad textgenerering,1708538,3
2774,458,finjustering,1899003,0
2774,458,finjustering,1708538,3
2775,458,instruktionsjustering,1708538,3
2776,458,engelska inlärning.,1708538,3
2777,461,natural language processing,1589461,3
2777,461,natural language processing,927314,0
2777,461,natural language processing,1257845,0
2777,461,natural language processing,1116765,3
2778,461,machine learning,1511175,3
2779,461,word2vec,1773382,0
2780,461,glove,1783084,3
2781,461,bert,1885510,0
2782,461,personal data classification,1783084,3
2783,461,språkteknologi,1589461,3
2784,461,maskininlärning,1269787,0
2785,461,personlig data klassificering,1783084,3
2786,463,speech-to-text,1783239,3
2787,463,deep learning,1712831,0
2788,463,accents,1783239,3
2789,463,wav2vec,1783239,3
2789,463,wav2vec,1783239,3
2790,463,tal-till-text,1783239,3
2791,463,djupinlärning,1887987,3
2791,463,djupinlärning,1788172,0
2792,463,brytningar,1783239,3
2793,466,imposters,1464534,3
2794,466,rendering,1934675,0
2794,466,rendering,1279122,3
2795,466,crowd rendering,1464534,3
2796,466,perception,1618097,3
2797,466,imposters,1464534,3
2798,466,rendering,1934675,0
2798,466,rendering,1279122,3
2799,466,rendering av folkmassor,1464534,3
2800,466,iaktagelseförmåga,1464534,3
2801,466,particles,1692949,3
2802,466,tessellation,1793345,3
2802,466,tessellation,947325,0
2802,466,tessellation,1692949,3
2802,466,tessellation,1129639,0
2803,466,b-spline,1692949,3
2804,466,mesh shaders,1692949,3
2805,467,imposters,1464534,3
2806,467,rendering,1934675,0
2806,467,rendering,1279122,3
2807,467,crowd rendering,1464534,3
2808,467,perception,1618097,3
2809,467,imposters,1464534,3
2810,467,rendering,1934675,0
2810,467,rendering,1279122,3
2811,467,rendering av folkmassor,1464534,3
2812,467,iaktagelseförmåga,1464534,3
2813,467,microservice architectures,1708704,3
2814,467,threat modelling,1845152,0
2814,467,threat modelling,838530,0
2815,467,design patterns,806620,0
2815,467,design patterns,1778301,0
2816,467,mikrotjänstarkitekturer,1708704,3
2817,467,hotmodellering,1596039,3
2817,467,hotmodellering,1464458,0
2818,467,designmönster,1708704,3
2818,467,designmönster,1778301,0
2819,468,quantum computing,1797607,3
2820,468,quantum annealing,1797611,3
2821,468,simulated annealing,1797611,3
2822,468,graph coloring problem,1797611,3
2823,468,kvantberäkningar,1797611,3
2824,468,quantum annealing,1797611,3
2825,468,simulated annealing,1797611,3
2826,468,graffärgningsproblemet,1797611,3
2827,469,quantum computing,1797607,3
2828,469,quantum annealing,1797611,3
2829,469,simulated annealing,1797611,3
2830,469,graph coloring problem,1797611,3
2831,469,kvantberäkningar,1797611,3
2832,469,quantum annealing,1797611,3
2833,469,simulated annealing,1797611,3
2834,469,graffärgningsproblemet,1797611,3
2835,471,iot,1464458,0
2836,471,security,1794943,3
2836,471,security,1464458,0
2837,471,hacking,1778303,3
2838,471,iot,1464458,0
2839,471,säkerhet,1794943,3
2839,471,säkerhet,1789914,0
2839,471,säkerhet,1464458,0
2840,471,dataintrång,1778303,3
2841,472,compilers,1741049,3
2841,472,compilers,1185339,0
2842,472,interpreters,1774216,3
2843,472,regular languages,1774216,3
2844,472,regex,1774216,3
2845,472,performance,1778279,3
2846,472,kompilatorer,1741049,3
2846,472,kompilatorer,1783240,3
2847,472,tolkare,1774216,3
2848,472,regulära språk,1774216,3
2849,472,regex,1774216,3
2850,472,prestanda,1778279,3
2851,473,compilers,1741049,3
2851,473,compilers,1185339,0
2852,473,interpreters,1774216,3
2853,473,regular languages,1774216,3
2854,473,regex,1774216,3
2855,473,performance,1778279,3
2856,473,kompilatorer,1741049,3
2856,473,kompilatorer,1783240,3
2857,473,tolkare,1774216,3
2858,473,regulära språk,1774216,3
2859,473,regex,1774216,3
2860,473,prestanda,1778279,3
2861,474,sycl,1886363,3
2862,474,gromacs,1886363,3
2863,474,heterogeneous acceleration,1886365,3
2864,474,molecular dynamics,1886365,3
2864,474,molecular dynamics,1886363,3
2865,474,performance-portability,1886365,3
2866,474,heterogeneous parallelism,1886363,3
2867,474,gpu,970839,0
2868,474,sycl,1886363,3
2869,474,gromacs,1886363,3
2870,475,sycl,1886363,3
2871,475,gromacs,1886363,3
2872,475,heterogeneous acceleration,1886365,3
2873,475,molecular dynamics,1886365,3
2873,475,molecular dynamics,1886363,3
2874,475,performance-portability,1886365,3
2875,475,heterogeneous parallelism,1886363,3
2876,475,gpu,970839,0
2877,475,sycl,1886363,3
2878,475,gromacs,1886363,3
2879,482,cross-platform,1793389,3
2880,482,native,1793389,3
2881,482,mobile development,1783632,3
2882,482,low-code,1783632,3
2883,482,jetpack compose,1783632,3
2884,482,flutterflow,1783632,3
2885,482,user interface,1783632,3
2886,482,cross-platform,1793389,3
2887,482,native,1793389,3
2888,482,mobilutveckling,1783632,3
2889,482,low-code,1783632,3
2890,482,jetpack compose,1783632,3
2891,482,flutterflow,1783632,3
2892,482,användargränssnitt,1783632,3
2893,483,cross-platform,1793389,3
2894,483,native,1793389,3
2895,483,mobile development,1783632,3
2896,483,low-code,1783632,3
2897,483,jetpack compose,1783632,3
2898,483,flutterflow,1783632,3
2899,483,user interface,1783632,3
2900,483,cross-platform,1793389,3
2901,483,native,1793389,3
2902,483,mobilutveckling,1783632,3
2903,483,low-code,1783632,3
2904,483,jetpack compose,1783632,3
2905,483,flutterflow,1783632,3
2906,483,användargränssnitt,1783632,3
2907,484,virtual threads,1763111,3
2908,484,spring boot,1763111,3
2909,484,reactive webflux,1763111,3
2910,484,java,1230123,0
2911,484,concurrency,1763111,3
2911,484,concurrency,1268459,0
2911,484,concurrency,606487,0
2911,484,concurrency,1212575,3
2912,484,virtual threads,1763111,3
2913,484,spring boot,1763111,3
2914,484,reactive webflux,1763111,3
2915,484,java,1230123,0
2916,484,concurrency,1763111,3
2916,484,concurrency,1268459,0
2916,484,concurrency,606487,0
2916,484,concurrency,1212575,3
2917,485,virtual threads,1763111,3
2918,485,spring boot,1763111,3
2919,485,reactive webflux,1763111,3
2920,485,java,1230123,0
2921,485,concurrency,1763111,3
2921,485,concurrency,1268459,0
2921,485,concurrency,606487,0
2921,485,concurrency,1212575,3
2922,485,virtual threads,1763111,3
2923,485,spring boot,1763111,3
2924,485,reactive webflux,1763111,3
2925,485,java,1230123,0
2926,485,concurrency,1763111,3
2926,485,concurrency,1268459,0
2926,485,concurrency,606487,0
2926,485,concurrency,1212575,3
2927,486,query containment,927368,3
2928,486,xpath,927368,3
2929,486,implementation,927368,3
2930,486,the canonical model,927368,3
2931,486,the homomorphism technique,927368,3
2932,487,query containment,927368,3
2933,487,xpath,927368,3
2934,487,implementation,927368,3
2935,487,the canonical model,927368,3
2936,487,the homomorphism technique,927368,3
2937,490,fluid simulation,1795915,3
2938,490,lagrangian fluid simulation,1795915,3
2939,490,smoothed-particle hydronamics,1795915,3
2940,490,position based dynamics,1795915,3
2941,490,vätskesimulering,1795915,3
2942,490,lagransk vätskesimulering,1795915,3
2943,490,smoothed-particle hydronamics,1795915,3
2944,490,position based dynamics,1795915,3
2945,491,fluid simulation,1795915,3
2946,491,lagrangian fluid simulation,1795915,3
2947,491,smoothed-particle hydronamics,1795915,3
2948,491,position based dynamics,1795915,3
2949,491,vätskesimulering,1795915,3
2950,491,lagransk vätskesimulering,1795915,3
2951,491,smoothed-particle hydronamics,1795915,3
2952,491,position based dynamics,1795915,3
2953,497,mint project,1710481,3
2954,497,pose estimation,1707448,0
2954,497,pose estimation,1710481,3
2955,497,video annotating,1710481,3
2956,497,hyperpose,1710481,3
2957,497,3d-distance approximation,1710481,3
2958,497,mint-projektet,1710481,3
2959,497,poseuppskattning,1707448,0
2959,497,poseuppskattning,1710481,3
2960,497,videoannotering,1710481,3
2961,497,hyperpose,1710481,3
2962,497,uppskattning av 3d-sträcka,1710481,3
2963,498,unmanned aerial vehicle,1588971,0
2964,498,safe navigation,1176285,3
2965,498,tele-operated,1176285,3
2966,498,robotics,464067,3
2966,498,robotics,470155,0
2967,498,drones,1885502,0
2968,498,uav,1176285,3
2968,498,uav,1108625,0
2969,498,indoor,1176285,3
2969,498,indoor,1108625,0
2970,498,collision avoidance,1901883,0
2970,498,collision avoidance,1176285,3
2971,498,human-uav interface,1176285,3
2972,498,interface,1176285,3
2973,498,human-robot interface,1176285,3
2974,498,computer science,1194112,0
2975,500,radius search,1595833,3
2976,500,spatial partitioning,1595833,3
2977,500,agent- based simulation,1595833,3
2978,500,boids,1595833,3
2979,500,grid,1595833,3
2980,500,kd- tree,1595833,3
2981,500,quadtree,1904964,0
2982,500,maximum velocity,1595833,3
2983,500,radius search,1595833,3
2984,500,spatial partitioning,1595833,3
2985,500,agent- based simulation,1595833,3
2986,500,boids,1595833,3
2987,500,grid,1595833,3
2988,500,kd- tree,1595833,3
2989,500,quadtree,1904964,0
2990,500,maximum velocity,1595833,3
2991,500,algorithms,1118354,0
2992,500,computational geometry,1511175,3
2993,500,dynamic pr-tree,1847463,3
2994,500,query performance evaluation,1847463,3
2995,500,algoritmer,1847463,3
2996,500,beräkningsgeometri,1847463,3
2997,500,dynamiskt pr-träd,1847463,3
2998,500,prestandautvärdering,1793389,3
2999,501,radius search,1595833,3
3000,501,spatial partitioning,1595833,3
3001,501,agent- based simulation,1595833,3
3002,501,boids,1595833,3
3003,501,grid,1595833,3
3004,501,kd- tree,1595833,3
3005,501,quadtree,1904964,0
3006,501,maximum velocity,1595833,3
3007,501,radius search,1595833,3
3008,501,spatial partitioning,1595833,3
3009,501,agent- based simulation,1595833,3
3010,501,boids,1595833,3
3011,501,grid,1595833,3
3012,501,kd- tree,1595833,3
3013,501,quadtree,1904964,0
3014,501,maximum velocity,1595833,3
3015,503,javascript,1778279,3
3016,503,utility library,1778279,3
3017,503,ecma,1778279,3
3018,503,performance,1778279,3
3019,503,web,1778279,3
3020,503,benchmarking,1778279,3
3021,503,javascript,1778279,3
3022,503,verktygsbibliotek,1778279,3
3023,503,ecma,1778279,3
3024,503,prestanda,1778279,3
3025,503,webb,1778279,3
3026,503,benchmarking,1778279,3
3027,505,blockchain,1230535,3
3027,505,blockchain,1111933,0
3027,505,blockchain,1111933,0
3028,505,iot,1464458,0
3029,505,public key encryption,1230535,3
3030,505,public key infrastructure,1913442,3
3031,509,data warehouse,1108255,3
3032,509,data quality,1198551,0
3032,509,data quality,1108255,3
3032,509,data quality,1870945,0
3033,509,semiotic theory,1108255,3
3034,509,syntactic quality,1108255,3
3035,509,semantic quality,1108255,3
3036,509,pragmatic quality,1108255,3
3037,509,strategic decision making,1108255,3
3038,509,quality framework,1108255,3
3039,509,guiding principles,1108255,3
3040,512,probabilistic programming languages,1741049,3
3041,512,sequential monte carlo,1539632,3
3042,512,gpu compilation,1653044,3
3043,513,probabilistic programming languages,1741049,3
3044,513,sequential monte carlo,1539632,3
3045,513,gpu compilation,1653044,3
3046,514,probabilistic programming languages,1741049,3
3047,514,sequential monte carlo,1539632,3
3048,514,gpu compilation,1653044,3
3049,515,image descriptor,465703,3
3050,515,histogram,465703,3
3051,515,object recognition,1171308,0
3052,515,object categorization,465703,3
3053,515,gaussian derivative,546842,3
3054,515,spatio-chromatic derivative,465703,3
3055,515,differential invariant,1144192,3
3056,515,spatio-chromatic differential invariant,465703,3
3057,515,image feature,465703,3
3058,515,colour feature,465703,3
3059,515,scale-space,440633,3
3059,515,scale-space,473389,3
3059,515,scale-space,472978,3
3059,515,scale-space,465689,3
3059,515,scale-space,546842,3
3059,515,scale-space,474298,3
3059,515,scale-space,441212,3
3059,515,scale-space,474296,3
3060,515,cue combination,465703,3
3061,515,multiple cues,465703,3
3062,515,multi-scale representation,440633,3
3062,515,multi-scale representation,465689,3
3062,515,multi-scale representation,546842,3
3062,515,multi-scale representation,474296,3
3063,515,computer vision,1269787,0
3063,515,computer vision,847992,0
3064,516,distributed systems,938613,0
3064,516,distributed systems,1093416,2
3065,516,event-b,1229377,3
3066,516,fault injection,459635,3
3066,516,fault injection,1298427,0
3067,516,model checking,524550,3
3067,516,model checking,1847464,0
3068,516,software verification,459635,3
3069,521,spelling correction,1116701,3
3070,521,edit distance,1116701,3
3071,521,search,758220,0
3071,521,search,1116701,3
3072,521,music,1941305,0
3072,521,music,931547,0
3072,521,music,774961,3
3072,521,music,1116701,3
3073,521,spotify,1116701,3
3074,521,trie,1116701,3
3075,521,damerau,1116701,3
3076,521,levenshtein,1116701,3
3077,523,electrical and electronic engineering,1602304,3
3078,523,biochemistry,1602304,3
3079,523,instrumentation,1602304,3
3080,523,atomic and molecular physics,1602304,3
3081,523,and optics,1602304,3
3082,523,analytical chemistry,1602304,3
3083,526,human-robot interaction,1887991,0
3084,526,conformity,1928995,3
3085,526,influential agent,1928995,3
3086,526,multiparty interaction,1928995,3
3087,526,child-robot interaction,1928995,3
3088,526,education,1599676,3
3089,526,trust,1834195,3
3089,526,trust,1111933,0
3089,526,trust,1111933,0
3090,527,articulation analysis,465486,3
3091,527,acoustic-to-articulatory inversion,465486,3
3092,527,embodied conversational agents,1539659,3
3093,527,articulation feedback,465486,3
3094,527,human-robot interaction,1887991,0
3095,527,conformity,1928995,3
3096,527,influential agent,1928995,3
3097,527,multiparty interaction,1928995,3
3098,527,child-robot interaction,1928995,3
3099,527,education,1599676,3
3100,527,trust,1834195,3
3100,527,trust,1111933,0
3100,527,trust,1111933,0
3101,527,speech,1650791,0
3102,527,tongue,1263534,3
3103,527,muscle activation,13466,0
3103,527,muscle activation,1263534,3
3104,527,electromagnetic articulography,1263534,3
3105,527,biomechanics,1263534,3
3106,527,vowel-vowel utterances,1471890,3
3107,527,biomechanical model,1263713,3
3107,527,biomechanical model,1471890,3
3108,527,acoustic model,1263713,3
3108,527,acoustic model,1471890,3
3109,527,voice production,1471890,3
3110,527,finite element method,971288,3
3111,527,speech production,1263713,3
3111,527,speech production,971288,3
3112,527,biomechanical articulatory model,971288,3
3113,527,vocal tract geometry,971288,3
3114,527,vocal tract acoustics,971288,3
3115,527,finite element method,971288,3
3116,528,human-robot interaction,1887991,0
3117,528,conformity,1928995,3
3118,528,influential agent,1928995,3
3119,528,multiparty interaction,1928995,3
3120,528,child-robot interaction,1928995,3
3121,528,education,1599676,3
3122,528,trust,1834195,3
3122,528,trust,1111933,0
3122,528,trust,1111933,0
3123,529,consistency types,1500064,3
3124,529,replicated data types,1524375,3
3125,529,distributed programming,1500064,3
3126,529,information-flow security,1500064,3
3127,529,programming languages,1123270,0
3128,529,distributed systems,938613,0
3128,529,distributed systems,1093416,3
3129,529,type system,1524375,3
3130,529,replicated data types,1524375,3
3131,530,consistency types,1500064,3
3132,530,replicated data types,1524375,3
3133,530,distributed programming,1500064,3
3134,530,information-flow security,1500064,3
3135,530,syntax,1556115,3
3136,530,ambiguity,1556115,3
3137,533,human activity recognition,1201480,3
3138,533,kneeling,1201480,3
3139,533,postural transitions,1201480,3
3140,537,multi-party computation,1229379,3
3141,537,secret sharing,1913448,3
3142,537,certificateless cryptography,1229379,3
3143,537,cryptography,1913448,3
3144,540,citation network,847503,3
3145,540,graph mining,847503,3
3146,540,network,1268555,3
3147,540,seminal,847503,3
3148,540,centrality,847503,3
3148,540,centrality,1152429,0
3149,541,convolutional neural network,1588971,0
3150,541,cnn,1613536,0
3151,541,breast cancer,1695605,3
3151,541,breast cancer,1597512,3
3152,541,computer aided diagnostics,1597512,3
3153,541,data augmentation,1697686,0
3154,542,convolutional neural network,1588971,0
3155,542,cnn,1613536,0
3156,542,breast cancer,1695605,3
3156,542,breast cancer,1597512,3
3157,542,computer aided diagnostics,1597512,3
3158,542,data augmentation,1697686,0
3159,544,autonomous vehicle navigation,1649271,3
3160,544,formal methods in robotics and automation,1649271,3
3161,544,human factors,1649271,3
3162,544,human-in-the-loop,1649271,3
3163,545,adaptive sparsity,1837768,3
3164,545,computational neuroscience,1837768,3
3164,545,computational neuroscience,783740,0
3165,545,rewiring,1837768,3
3166,545,structural plasticity,1837768,3
3167,545,brain-like computing,1837768,3
3168,545,neural networks,1194112,0
3168,545,neural networks,1320166,3
3169,545,hebbian learning,1837768,3
3170,545,adaptiv gleshet,1837768,3
3171,545,beräkningsneurovetenskap,1837768,3
3171,545,beräkningsneurovetenskap,783740,0
3172,545,omkoppling,1837768,3
3173,545,strukturell plasticitet,1837768,3
3174,545,hjärnliknande beräkning,1837768,3
3175,545,neurala nätverk,1601084,0
3176,545,hebbskt lärande,1837768,3
3177,546,computer security,1898666,3
3178,546,webassembly,1668630,0
3179,546,crypto mining,1793001,3
3180,546,code obfuscation,1793001,3
3181,546,browsers,1793001,3
3182,546,datasäkerhet,839128,0
3183,546,webassembly,1668630,0
3184,546,kryptovalutautvinning,1793001,3
3185,546,kodobfuskering,1793001,3
3186,546,webbläsare,1793001,3
3187,547,probabilistic programming,1566176,3
3188,547,sequential monte carlo,1539632,3
3189,547,operational semantics,1539632,3
3190,547,functional programming,1333336,3
3191,547,measure theory,1539632,3
3192,551,interaction design,1804071,0
3193,551,impermanence,974491,3
3194,551,incompleteness,974491,3
3195,551,imperfection,974491,3
3196,551,wabi-sabi,974491,3
3197,551,materiality,974491,3
3198,551,design practice,974491,3
3199,556,banking,1700274,3
3200,556,behavior,1241492,0
3201,556,behaviour,1241492,0
3202,556,credit modelling,1700274,3
3203,556,klarna,1700274,3
3204,556,logistic regression,1700274,3
3204,556,logistic regression,1701846,3
3205,556,machine learning,1511175,3
3206,556,neural networks,1194112,0
3206,556,neural networks,1320166,3
3207,556,random forests,1700081,3
3208,556,xgboost,1597534,3
3209,557,banking,1700274,3
3210,557,behavior,1241492,0
3211,557,behaviour,1241492,0
3212,557,credit modelling,1700274,3
3213,557,klarna,1700274,3
3214,557,logistic regression,1700274,3
3214,557,logistic regression,1701846,3
3215,557,machine learning,1511175,3
3216,557,neural networks,1194112,0
3216,557,neural networks,1320166,3
3217,557,random forests,1700081,3
3218,557,xgboost,1597534,3
3219,558,machine learning,1511175,3
3220,558,supervised learning,1118354,0
3221,558,reinforcement learning,1882693,0
3222,558,power quality,1897036,3
3223,558,statcom,1897036,3
3224,558,maskininlärning,1269787,0
3225,558,väglett lärande,1897036,3
3226,558,förstärkningsinlärning,1713716,0
3227,558,elkvalitet,1897036,3
3228,558,statcom,1897036,3
3229,559,large language model,1909318,3
3230,559,tree of thought,1909318,3
3231,559,analogous thinking,1909318,3
3232,559,problem-solving,1909318,3
3233,559,zero-shot problems,1909318,3
3234,559,stora språkmodeller,1895801,0
3235,559,avsiktsträd,1909318,3
3236,559,analogt tänkande,1909318,3
3237,559,problemlösning,1909318,3
3238,559,initialförsöksproblem,1909318,3
3239,564,assembly manufacturing,1468946,3
3240,564,constraint programming,1468946,3
3240,564,constraint programming,114287,0
3240,564,constraint programming,1185339,0
3241,564,robot planning and scheduling,1468946,3
3242,565,data visualization,1273957,3
3242,565,data visualization,1778301,0
3243,565,information visualization,1804071,0
3244,565,supply chain,1179482,3
3245,565,automated warehouse,1179482,3
3246,565,intelligent agent,1179482,3
3247,565,cyber-physical systems,1566176,3
3248,565,dashboard design,1179482,3
3249,565,soar,1179482,3
3250,566,data visualization,1273957,3
3250,566,data visualization,1778301,0
3251,566,information visualization,1804071,0
3252,566,supply chain,1179482,3
3253,566,automated warehouse,1179482,3
3254,566,intelligent agent,1179482,3
3255,566,cyber-physical systems,1566176,3
3256,566,dashboard design,1179482,3
3257,566,soar,1179482,3
3258,567,data visualization,1273957,3
3258,567,data visualization,1778301,0
3259,567,information visualization,1804071,0
3260,567,supply chain,1179482,3
3261,567,automated warehouse,1179482,3
3262,567,intelligent agent,1179482,3
3263,567,cyber-physical systems,1566176,3
3264,567,dashboard design,1179482,3
3265,567,soar,1179482,3
3266,571,computation offloading,1295997,3
3267,571,fog computing,1295997,3
3268,571,game theory,1616628,0
3269,571,task placement,1295997,3
3270,571,decentralized resource management,1295997,3
3271,572,computation offloading,1295997,3
3272,572,fog computing,1295997,3
3273,572,game theory,1616628,0
3274,572,task placement,1295997,3
3275,572,decentralized resource management,1295997,3
3276,576,privacy,1808715,0
3277,576,inference,1936627,3
3278,576,homomorphic cryptography,1936627,3
3279,576,integritet,839128,0
3279,576,integritet,1093416,3
3280,576,slutledning,1936627,3
3281,576,homomorfisk kryptografi,1936627,3
3282,577,label noise,1857944,3
3283,577,noisy labels,1857944,3
3284,577,robustness,1905784,0
3284,577,robustness,1857944,3
3285,577,gaussian noise,1857944,3
3286,577,classification,1118354,0
3286,577,classification,1278712,3
3286,577,classification,1857944,3
3286,577,classification,473385,1
3286,577,classification,971649,0
3286,577,classification,1118387,3
3287,577,log-ratio transform,1857944,3
3288,577,compositional data analysis,1857944,3
3289,578,deep learning,1712831,0
3290,578,u-net,1795168,3
3291,578,earthquake-induced building damage,1795168,3
3292,578,vhr satellite imagery,1795168,3
3293,578,djup maskininlärning,1795168,3
3294,578,u-net,1795168,3
3295,578,byggnadsskador,1795168,3
3296,578,jordbävning,1795168,3
3297,578,satellitbilder,1795168,3
3298,579,deep learning,1712831,0
3299,579,u-net,1795168,3
3300,579,earthquake-induced building damage,1795168,3
3301,579,vhr satellite imagery,1795168,3
3302,579,djup maskininlärning,1795168,3
3303,579,u-net,1795168,3
3304,579,byggnadsskador,1795168,3
3305,579,jordbävning,1795168,3
3306,579,satellitbilder,1795168,3
3307,580,processing frameworks,1909001,3
3308,580,mobile call detail records (cdr),1909001,3
3309,580,displaced population,1909001,3
3310,580,disaster response,1909001,3
3311,580,covid-19,1909001,3
3312,580,deep learning,1712831,0
3313,580,bilstm model,1909001,3
3314,580,centrality measures,1909001,3
3315,580,bearbetningsramverk,1909001,3
3316,580,detaljerade register av mobilsamtal (cdr),1909001,3
3317,580,förflyttad befolkning,1909001,3
3318,580,katastrofinsats,1909001,3
3319,580,covid-19,1909001,3
3320,580,djupinlärning,1887987,3
3320,580,djupinlärning,1788172,0
3321,580,bilstm-modellen,1909001,3
3322,580,centralitetsmått,1909001,3
3323,581,charging infrastructure planning,1912236,3
3323,581,charging infrastructure planning,1912516,3
3324,581,deep uncertainties,1912516,3
3325,581,dynamic adaptive planning,1912516,3
3326,581,route-based network effects,1912516,3
3327,581,spatial decisions support,1912516,3
3328,581,cluster,1120724,0
3329,581,location-based social networks,804946,3
3330,581,temporal scale,804946,3
3331,581,user similarity,804946,3
3332,581,spatio-temporal data mining,804991,3
3333,581,congestion prediction,804991,3
3334,581,lbs,804991,3
3335,581,intelligent transport systems,804991,3
3336,581,continuous model evaluation,916117,3
3337,581,transportation mode segmentation and detection,916117,3
3338,581,trajectory data mining,916117,3
3339,581,error analysis,909470,3
3340,581,interval algebra,916117,3
3341,581,battery conscious,794679,3
3342,581,data collection,794679,3
3343,581,location and accelerometer data fusion,794679,3
3344,581,location awareness,794679,3
3345,581,location tracking,794679,3
3346,581,movement,794679,3
3347,581,smartphones,794679,3
3348,584,artificial intelligence,1853540,3
3349,584,deepfake technology,1894322,3
3350,584,infosec,1894322,3
3351,584,scam,1894322,3
3352,584,disinformation,1894322,3
3353,584,artificiell intelligens,1853540,3
3354,584,deepfake teknologi,1894322,3
3355,584,informationssäkerhet,1894322,3
3355,584,informationssäkerhet,949971,0
3356,584,bedrägerier,1894322,3
3357,584,desinformation,1894322,3
3358,585,artificial intelligence,1853540,3
3359,585,deepfake technology,1894322,3
3360,585,infosec,1894322,3
3361,585,scam,1894322,3
3362,585,disinformation,1894322,3
3363,585,artificiell intelligens,1853540,3
3364,585,deepfake teknologi,1894322,3
3365,585,informationssäkerhet,1894322,3
3365,585,informationssäkerhet,949971,0
3366,585,bedrägerier,1894322,3
3367,585,desinformation,1894322,3
3368,589,wireless keyboards,1701492,3
3369,589,penetration testing,1845152,0
3369,589,penetration testing,1636796,0
3369,589,penetration testing,1464458,0
3370,589,radio frequency analysis,1701492,3
3371,589,crazyradio,1701492,3
3372,589,mousejack,1701492,3
3373,589,enhanced shockburst,1701492,3
3374,589,trådlösa tangentbord,1701492,3
3375,589,penetrationstest,1612537,0
3375,589,penetrationstest,1701492,3
3376,589,radiofrekvensanalys,1701492,3
3377,589,crazyradio,1701492,3
3378,589,mousejack,1701492,3
3379,589,enhanced shockburst,1701492,3
3380,590,machine learning,1511175,3
3381,590,self-supervised learning,1837718,0
3382,590,feature extraction,1705258,0
3382,590,feature extraction,943470,3
3382,590,feature extraction,552336,0
3382,590,feature extraction,1278712,3
3383,590,parkinson’s disease,1705258,0
3384,590,magnetoencephalography,1702325,0
3385,590,electroencephalogram,1702335,3
3386,590,maskininlärning,1269787,0
3387,590,självlärande inlärning,1702335,3
3388,590,särdragsextraktion,1705258,0
3389,590,parkinsons sjukdom,1702335,3
3390,590,magnetoencefalografi,1702325,0
3391,590,elektroencefalografi,1702335,3
3392,590,cluster analysis,1702325,0
3392,590,cluster analysis,1219916,0
3393,590,dbscan,1109910,3
3394,590,parallelization,1432272,3
3394,590,parallelization,1105811,3
3395,590,signal separation,1432272,3
3396,590,unsupervised learning,1219916,0
3397,590,klusteranalys,1702325,0
3398,590,dbscan,1109910,3
3399,590,parallellisering,1432272,3
3400,590,signal separation,1432272,3
3401,590,oövervakat lärande,1432272,3
3402,591,deeplearning,1799688,0
3403,591,machine learning,1511175,3
3404,591,dataset collection,1710483,3
3405,591,annotation,1710483,3
3406,591,labeling,1710483,3
3407,591,transformer network,1710483,3
3408,591,multi-modal,1710483,3
3409,591,computer vision,1269787,0
3409,591,computer vision,847992,0
3410,591,natural language processing,1589461,3
3410,591,natural language processing,927314,0
3410,591,natural language processing,1257845,0
3410,591,natural language processing,1116765,3
3411,591,embedding,1118011,3
3412,591,layoutlmv2,1710483,3
3413,591,docbank,1710483,3
3414,591,djupinlärning,1887987,3
3414,591,djupinlärning,1788172,0
3415,591,maskininlärning,1269787,0
3416,591,datasamling,1710483,3
3417,591,annotering,1710483,3
3418,591,märkning,1710483,3
3419,591,transformernätverk,1710483,3
3420,591,multi-modulär,1710483,3
3421,591,datorsyn,1710483,3
3422,591,naturlig språkbehandling,1613852,0
3423,591,inbäddning,1710483,3
3424,591,layoutlmv2,1710483,3
3425,591,docbank,1710483,3
3426,591,cluster analysis,1702325,0
3426,591,cluster analysis,1219916,0
3427,591,dbscan,1109910,3
3428,591,parallelization,1432272,3
3428,591,parallelization,1105811,3
3429,591,signal separation,1432272,3
3430,591,unsupervised learning,1219916,0
3431,591,klusteranalys,1702325,0
3432,591,dbscan,1109910,3
3433,591,parallellisering,1432272,3
3434,591,signal separation,1432272,3
3435,591,oövervakat lärande,1432272,3
3436,592,representation learning,1856441,3
3437,592,machine learning,1511175,3
3438,592,embedding and representation learning,1636088,3
3439,592,algorithms evaluation,1636088,3
3440,592,generative models,1194112,0
3441,592,geomca,1636088,3
3442,592,representation learning,1856441,3
3443,592,machine learning,1511175,3
3444,592,multimodal,1787725,0
3445,592,contrastive learning,1856441,3
3446,592,representation learning,1856441,3
3447,592,machine learning,1511175,3
3448,592,generative models,1194112,0
3449,597,image matching automatic golf detector descriptor computer vision homography,952599,3
3450,599,embodied sculpting,916500,3
3451,599,user experience evaluation,916500,3
3452,599,haptic feedback,1887669,0
3452,599,haptic feedback,1894307,0
3453,599,multimodal feedback,916500,3
3454,599,depth-sensor-based interaction,916500,3
3455,599,volume rendering,916500,3
3455,599,volume rendering,1230526,0
3456,599,digital crafting,916500,3
3457,600,embodied sculpting,916500,3
3458,600,user experience evaluation,916500,3
3459,600,haptic feedback,1887669,0
3459,600,haptic feedback,1894307,0
3460,600,multimodal feedback,916500,3
3461,600,depth-sensor-based interaction,916500,3
3462,600,volume rendering,916500,3
3462,600,volume rendering,1230526,0
3463,600,digital crafting,916500,3
3464,600,embodied conversational agents,1539659,3
3465,600,face threatening acts,1539659,3
3466,600,multi-modal perception,1539659,3
3467,600,persuasiveness,1539659,3
3468,600,politeness,1539659,3
3469,600,small group behavior,1539659,3
3470,600,daily lives,1539659,3
3471,600,face to face,1539659,3
3472,600,human agent interactions,1539659,3
3473,600,virtual agent,1539659,3
3474,600,intelligent virtual agents,1539659,3
3475,601,embodied sculpting,916500,3
3476,601,user experience evaluation,916500,3
3477,601,haptic feedback,1887669,0
3477,601,haptic feedback,1894307,0
3478,601,multimodal feedback,916500,3
3479,601,depth-sensor-based interaction,916500,3
3480,601,volume rendering,916500,3
3480,601,volume rendering,1230526,0
3481,601,digital crafting,916500,3
3482,606,natural language processing,1589461,3
3482,606,natural language processing,927314,0
3482,606,natural language processing,1257845,0
3482,606,natural language processing,1116765,3
3483,606,word embedding,1589461,3
3484,606,resume ranking,1589461,3
3485,606,semantic meaning,1589461,3
3486,606,språkteknologi,1589461,3
3487,606,ordinbäddning,1589461,3
3488,606,cv rankning,1589461,3
3489,606,semantisk betydelse,1589461,3
3490,612,time series prediction,1270634,3
3490,612,time series prediction,1702211,0
3491,612,lstm,1188541,0
3492,612,mlp,787315,0
3493,612,svr,1270634,3
3494,612,arima,1270634,3
3495,617,machine learning,1511175,3
3496,617,gaussian processes,866153,3
3496,617,gaussian processes,864254,0
3497,617,statistical modelling,866153,3
3498,617,classification,1118354,0
3498,617,classification,1278712,3
3498,617,classification,1857944,3
3498,617,classification,473385,3
3498,617,classification,971649,0
3498,617,classification,1118387,3
3499,617,motion capture,1499133,3
3499,617,motion capture,1664509,3
3500,618,healthcare technology,1887673,3
3501,618,legal compliance,1887673,3
3502,618,medication label printing,1887673,3
3503,618,patient safety,1887673,3
3504,618,pediatric healthcare,1887673,3
3505,618,web application,1609800,3
3506,618,zebra printers,1887673,3
3507,618,hälso- och sjukvårdsteknik,1887673,3
3508,618,lagföljande,1887673,3
3509,618,läkemedelsetiketter,1887673,3
3510,618,patientsäkerhet,1887673,3
3511,618,pediatrisk vård,1887673,3
3512,618,webbapplikation,1609800,3
3513,618,zebraskrivare,1887673,3
3514,619,healthcare technology,1887673,3
3515,619,legal compliance,1887673,3
3516,619,medication label printing,1887673,3
3517,619,patient safety,1887673,3
3518,619,pediatric healthcare,1887673,3
3519,619,web application,1609800,3
3520,619,zebra printers,1887673,3
3521,619,hälso- och sjukvårdsteknik,1887673,3
3522,619,lagföljande,1887673,3
3523,619,läkemedelsetiketter,1887673,3
3524,619,patientsäkerhet,1887673,3
3525,619,pediatrisk vård,1887673,3
3526,619,webbapplikation,1609800,3
3527,619,zebraskrivare,1887673,3
3528,620,database,1118816,3
3528,620,database,949758,3
3529,620,cuba,1118816,3
3530,620,enterprise architecture management,1118816,3
3531,620,databas,1118816,3
3532,620,kuba,1118816,3
3533,620,eam,1118816,3
3534,621,database,1118816,3
3534,621,database,949758,3
3535,621,cuba,1118816,3
3536,621,enterprise architecture management,1118816,3
3537,621,databas,1118816,3
3538,621,kuba,1118816,3
3539,621,eam,1118816,3
3540,622,passwords,1667906,3
3541,622,keyboard patterns,1667906,3
3542,622,password memorability,1667906,3
3543,622,python,1904964,0
3544,622,hashcat,1667906,3
3545,622,lösenord,1667906,3
3546,622,tangentbords mönster,1667906,3
3547,622,minnesvärdhet för lösenord,1667906,3
3548,622,python,1904964,0
3549,622,hashcat,1667906,3
3550,623,passwords,1667906,3
3551,623,keyboard patterns,1667906,3
3552,623,password memorability,1667906,3
3553,623,python,1904964,0
3554,623,hashcat,1667906,3
3555,623,lösenord,1667906,3
3556,623,tangentbords mönster,1667906,3
3557,623,minnesvärdhet för lösenord,1667906,3
3558,623,python,1904964,0
3559,623,hashcat,1667906,3
3560,624,inter-process communication,1804919,3
3561,624,data interchange format,1804919,3
3562,624,performance evaluation,1793389,3
3563,624,interprocesskommunikation,1804919,3
3564,624,dataöverföringsformat,1804919,3
3565,624,utvärdering av prestanda,1804919,3
3566,625,inter-process communication,1804919,3
3567,625,data interchange format,1804919,3
3568,625,performance evaluation,1793389,3
3569,625,interprocesskommunikation,1804919,3
3570,625,dataöverföringsformat,1804919,3
3571,625,utvärdering av prestanda,1804919,3
3572,626,web gui,1885512,3
3573,626,model-view-controller,1885512,3
3574,626,refactoring,1885512,3
3575,626,user centered design,1885512,3
3576,626,user experience,1634133,3
3577,626,power controller,1885512,3
3578,626,mc2600,1885512,3
3579,626,m530b,1885512,3
3580,626,m830b,1885512,3
3581,626,communication protocols,1885512,3
3581,626,communication protocols,865984,0
3582,626,modbus,1885512,3
3583,626,ydn23,1885512,3
3584,626,webbaserat grafiskt användargränssnitt,1885512,3
3585,626,modell-vy-kontroller,1885512,3
3586,626,kodomstrukturering,1885512,3
3587,626,användarcentrerad design,1897041,0
3587,626,användarcentrerad design,1886980,0
3587,626,användarcentrerad design,1885512,3
3587,626,användarcentrerad design,1894302,0
3587,626,användarcentrerad design,1903663,0
3588,626,användarupplevelse,1903931,0
3589,626,kraftkontroller,1885512,3
3590,626,mc2600,1885512,3
3591,626,m530b,1885512,3
3592,626,m830b,1885512,3
3593,626,kommunikationsprotokoll,1887929,0
3593,626,kommunikationsprotokoll,1885512,3
3593,626,kommunikationsprotokoll,865984,0
3594,626,modbus,1885512,3
3595,626,ydn23,1885512,3
3596,627,web gui,1885512,3
3597,627,model-view-controller,1885512,3
3598,627,refactoring,1885512,3
3599,627,user centered design,1885512,3
3600,627,user experience,1634133,3
3601,627,power controller,1885512,3
3602,627,mc2600,1885512,3
3603,627,m530b,1885512,3
3604,627,m830b,1885512,3
3605,627,communication protocols,1885512,3
3605,627,communication protocols,865984,0
3606,627,modbus,1885512,3
3607,627,ydn23,1885512,3
3608,627,webbaserat grafiskt användargränssnitt,1885512,3
3609,627,modell-vy-kontroller,1885512,3
3610,627,kodomstrukturering,1885512,3
3611,627,användarcentrerad design,1897041,0
3611,627,användarcentrerad design,1886980,0
3611,627,användarcentrerad design,1885512,3
3611,627,användarcentrerad design,1894302,0
3611,627,användarcentrerad design,1903663,0
3612,627,användarupplevelse,1903931,0
3613,627,kraftkontroller,1885512,3
3614,627,mc2600,1885512,3
3615,627,m530b,1885512,3
3616,627,m830b,1885512,3
3617,627,kommunikationsprotokoll,1887929,0
3617,627,kommunikationsprotokoll,1885512,3
3617,627,kommunikationsprotokoll,865984,0
3618,627,modbus,1885512,3
3619,627,ydn23,1885512,3
3620,629,controller area network,1082547,3
3621,629,can,1082547,3
3622,629,diagnostics,1082547,3
3623,629,scania,820956,0
3624,629,uds,1082547,3
3625,629,kwp,1082547,3
3626,629,obd,1082547,3
3627,629,j1939,1082547,3
3628,629,network regulator,1082547,3
3629,629,bandwidth management,1082547,3
3630,629,token bucket,1082547,3
3631,629,traffic shaping,1082547,3
3632,629,vehicle,820956,0
3633,629,bit stuffing,1082547,3
3634,629,osi model,1082547,3
3635,629,arbitration,1082547,3
3636,637,5g,1712831,0
3637,637,deep learning,1712831,0
3638,637,machine learning,1511175,3
3639,637,predictions,1713873,3
3640,637,electrical power,1713873,3
3641,637,5g,1712831,0
3642,637,djupinlärning,1887987,3
3642,637,djupinlärning,1788172,0
3643,637,maskininlärning,1269787,0
3644,637,förutsägelser,1713873,3
3645,637,elektrisk effekt,1713873,3
3646,638,computer vision,1269787,0
3646,638,computer vision,847992,0
3647,638,data mining,1511175,3
3648,638,geometry,473366,3
3649,638,image analysis,473366,3
3650,638,laboratories,473366,3
3651,638,noise shaping,473366,3
3652,638,shape,473366,3
3653,638,smoothing methods,473366,3
3654,638,statistics,473366,3
3655,638,surface texture,473366,3
3656,638,shape estimation,472972,3
3657,638,shape from texture,472972,3
3658,638,disparity,472972,3
3659,638,adaptation,472972,3
3660,638,affine deformation,472972,3
3661,638,optic flow,472972,3
3662,639,user clustering,1220095,3
3663,639,image clustering,1239046,3
3663,639,image clustering,1220095,3
3664,639,deep embedding clustering,1220095,3
3665,639,dec,1220095,3
3666,639,photon mapping,927475,3
3667,639,k-nearest neighbors,927475,3
3668,639,ellipsoid,927475,3
3669,639,gpu,970839,0
3670,639,parallel,927475,3
3670,639,parallel,956107,3
3671,640,photon mapping,927475,3
3672,640,k-nearest neighbors,927475,3
3673,640,ellipsoid,927475,3
3674,640,gpu,970839,0
3675,640,parallel,927475,3
3675,640,parallel,956107,3
3676,641,signed network,1536967,3
3677,641,spectral analysis,1536967,3
3678,641,social network,1536967,3
3679,641,polarization,1536967,3
3680,642,signed network,1536967,3
3681,642,spectral analysis,1536967,3
3682,642,social network,1536967,3
3683,642,polarization,1536967,3
3684,642,graph convolution,1717398,3
3685,642,software define networks,1717398,3
3686,642,open world learning,1717398,3
3687,643,combinatorial testing,1062023,3
3688,643,t-way test generation,1062023,3
3689,643,t-way coverage,1062023,3
3690,643,interaction strength,1062023,3
3691,643,hamming distance,1062023,3
3692,643,chi-square distance.,1062023,3
3693,644,combinatorial testing,1062023,3
3694,644,t-way test generation,1062023,3
3695,644,t-way coverage,1062023,3
3696,644,interaction strength,1062023,3
3697,644,hamming distance,1062023,3
3698,644,chi-square distance.,1062023,3
3699,644,csp,1062024,3
3700,644,parametric monitoring,1062024,3
3701,644,process algebra,1062024,3
3702,644,runtime monitoring,1062024,3
3703,645,combinatorial testing,1062023,3
3704,645,t-way test generation,1062023,3
3705,645,t-way coverage,1062023,3
3706,645,interaction strength,1062023,3
3707,645,hamming distance,1062023,3
3708,645,chi-square distance.,1062023,3
3709,646,combinatorial testing,1062023,3
3710,646,t-way test generation,1062023,3
3711,646,t-way coverage,1062023,3
3712,646,interaction strength,1062023,3
3713,646,hamming distance,1062023,3
3714,646,chi-square distance.,1062023,3
3715,647,combinatorial testing,1062023,3
3716,647,t-way test generation,1062023,3
3717,647,t-way coverage,1062023,3
3718,647,interaction strength,1062023,3
3719,647,hamming distance,1062023,3
3720,647,chi-square distance.,1062023,3
3721,653,prefixspan,1216267,3
3722,653,cspan,1216267,3
3723,653,sequential pattern mining,1216267,3
3724,653,emr,1216267,3
3725,653,electronic medical record,1216267,3
3726,653,clinical pathway,1216267,3
3727,656,charging infrastructure planning,1912236,3
3727,656,charging infrastructure planning,1912516,3
3728,656,deep uncertainties,1912516,3
3729,656,dynamic adaptive planning,1912516,3
3730,656,route-based network effects,1912516,3
3731,656,spatial decisions support,1912516,3
3732,656,deep uncertainties,1912516,3
3733,656,dynamic adaptive planning,1912516,3
3734,656,route-based network effects,1912516,3
3735,656,spatial decisions support,1912516,3
3736,656,charging network placement optimization,1912516,3
3737,656,planering av laddningsinfrastruktur,1912516,3
3738,656,djupa osäkerheter,1912516,3
3739,656,dynamisk adaptiv planering,1912516,3
3740,656,transportruttbaserade nätverkseffekter,1912516,3
3741,656,spatiala beslutsstöd,1912516,3
3742,656,optimering av laddningsnätverksplacering,1912516,3
3743,658,security,1794943,3
3743,658,security,1464458,0
3744,658,penetration testing,1845152,0
3744,658,penetration testing,1636796,0
3744,658,penetration testing,1464458,0
3745,658,threat modelling,1845152,0
3745,658,threat modelling,838530,0
3746,658,internet of things,1636796,0
3747,658,smart cameras,1602050,3
3748,658,säkerhet,1794943,3
3748,658,säkerhet,1789914,0
3748,658,säkerhet,1464458,0
3749,658,penetrationstestning,1708534,0
3749,658,penetrationstestning,1636796,0
3750,658,hotmodellering,1596039,3
3750,658,hotmodellering,1464458,0
3751,658,sakernas internet,1751192,0
3752,658,smarta kameror,1602050,3
3753,661,connected vehicle,1710393,3
3754,661,hacking,1778303,3
3755,661,pentest,1710393,3
3756,661,eavesdropping,1710393,3
3757,661,security,1794943,3
3757,661,security,1464458,0
3758,661,tesla model 3,1710393,3
3759,661,volvo xc40,1710393,3
3760,661,mg marvel r,1710393,3
3761,661,automotive cybersecurity,1710393,3
3762,661,interception attacks,1710393,3
3763,661,passive attacks,1710393,3
3764,661,wireless attacks,1710393,3
3765,661,wi-fi attacks,1710393,3
3766,661,attack surface,1710393,3
3767,661,relay attack,1710393,3
3768,661,port scan,1710393,3
3769,661,man-in-the-middle attack,1710393,3
3770,661,uppkopplade fordon,1710393,3
3771,661,avlyssning,1710393,3
3772,661,säkerhet,1794943,3
3772,661,säkerhet,1789914,0
3772,661,säkerhet,1464458,0
3773,661,tesla model 3,1710393,3
3774,661,volvo xc40,1710393,3
3775,661,mg marvel r,1710393,3
3776,661,fordonscybersäkerhet,1710393,3
3777,661,avlyssningsattacker,1710393,3
3778,661,passiva attacker,1710393,3
3779,661,trådlösa attacker,1710393,3
3780,661,wi-fi-attacker,1710393,3
3781,661,attackyta,1710393,3
3782,661,relä-attack,1710393,3
3783,661,port-skanning,1710393,3
3784,661,mannen-i-mitten attack,1710393,3
3785,662,connected vehicle,1710393,3
3786,662,hacking,1778303,3
3787,662,pentest,1710393,3
3788,662,eavesdropping,1710393,3
3789,662,security,1794943,3
3789,662,security,1464458,0
3790,662,tesla model 3,1710393,3
3791,662,volvo xc40,1710393,3
3792,662,mg marvel r,1710393,3
3793,662,automotive cybersecurity,1710393,3
3794,662,interception attacks,1710393,3
3795,662,passive attacks,1710393,3
3796,662,wireless attacks,1710393,3
3797,662,wi-fi attacks,1710393,3
3798,662,attack surface,1710393,3
3799,662,relay attack,1710393,3
3800,662,port scan,1710393,3
3801,662,man-in-the-middle attack,1710393,3
3802,662,uppkopplade fordon,1710393,3
3803,662,avlyssning,1710393,3
3804,662,säkerhet,1794943,3
3804,662,säkerhet,1789914,0
3804,662,säkerhet,1464458,0
3805,662,tesla model 3,1710393,3
3806,662,volvo xc40,1710393,3
3807,662,mg marvel r,1710393,3
3808,662,fordonscybersäkerhet,1710393,3
3809,662,avlyssningsattacker,1710393,3
3810,662,passiva attacker,1710393,3
3811,662,trådlösa attacker,1710393,3
3812,662,wi-fi-attacker,1710393,3
3813,662,attackyta,1710393,3
3814,662,relä-attack,1710393,3
3815,662,port-skanning,1710393,3
3816,662,mannen-i-mitten attack,1710393,3
3817,670,programming,1133441,3
3817,670,programming,956107,3
3817,670,programming,1238890,0
3818,670,plagiarism,1133441,3
3819,670,cheating,1133441,3
3820,670,programmering,1133441,3
3821,670,plagiat,1133441,3
3822,670,fusk,1133441,3
3823,673,information management,1530904,3
3824,673,human-computer interaction,946219,3
3824,673,human-computer interaction,465018,3
3825,673,prototype,820956,0
3826,673,efficiency gains,939264,3
3827,673,knowledge management,939264,3
3828,673,management information system,939264,3
3829,673,information management,1530904,3
3830,673,människa-datorinteraktion,1712819,0
3830,673,människa-datorinteraktion,1887666,0
3831,673,prototyp,939264,3
3832,673,effektivisering,1909325,0
3833,673,knowledge management,939264,3
3834,673,management information system,939264,3
3835,674,information management,1530904,3
3836,674,human-computer interaction,946219,3
3836,674,human-computer interaction,465018,3
3837,674,prototype,820956,0
3838,674,efficiency gains,939264,3
3839,674,knowledge management,939264,3
3840,674,management information system,939264,3
3841,674,information management,1530904,3
3842,674,människa-datorinteraktion,1712819,0
3842,674,människa-datorinteraktion,1887666,0
3843,674,prototyp,939264,3
3844,674,effektivisering,1909325,0
3845,674,knowledge management,939264,3
3846,674,management information system,939264,3
3847,679,hpc,11914,0
3848,679,high performance computing,827146,3
3848,679,high performance computing,799271,0
3849,679,intel,827146,3
3850,679,haswell,827146,3
3851,679,xeon phi,827146,3
3852,679,knights corner,827146,3
3853,679,burgers equation,827146,3
3854,679,finite difference methods,827146,3
3855,679,fdm,827146,3
3856,679,ftcs,827146,3
3857,679,parallel programming,1472160,0
3857,679,parallel programming,827146,3
3858,679,vectorization,1912183,3
3859,679,simd,1912183,3
3860,680,informationssökning,1697653,0
3860,680,informationssökning,1237438,0
3861,680,maskininlärning,1269787,0
3862,680,språkteknologi,1589461,3
3863,681,elevator control,811308,3
3864,681,elevator,811308,3
3865,681,control strategy,811308,3
3866,681,reinforcement learning,1882693,0
3867,681,predicting,1118598,3
3868,681,extrapolating,1118598,3
3869,681,trajectories,1118598,3
3870,681,golf,1118598,3
3870,681,golf,1267392,3
3870,681,golf,1267392,3
3871,681,golf balls,1118598,3
3872,681,machine learning,1511175,3
3873,681,nerual networks,1118598,3
3874,681,rnn,1267392,3
3875,681,recurrent neural networks,1215272,3
3875,681,recurrent neural networks,1118598,3
3875,681,recurrent neural networks,1267392,3
3875,681,recurrent neural networks,1267392,3
3875,681,recurrent neural networks,1257845,0
3876,681,lstm,1188541,0
3877,681,long short-term memory,1886718,3
3877,681,long short-term memory,1118598,3
3878,682,elevator control,811308,3
3879,682,elevator,811308,3
3880,682,control strategy,811308,3
3881,682,reinforcement learning,1882693,0
3882,682,heart rate estimation,1801202,0
3882,682,heart rate estimation,1118216,3
3883,682,remote heart rate,1118216,3
3884,682,heart rate,1118216,3
3885,682,hr,1118216,3
3886,682,pulse,1118216,3
3887,682,pulse detection,1118216,3
3888,682,remote pulse,1118216,3
3889,682,photoplethysmography,1118216,3
3890,682,plethysmography,1118216,3
3891,682,ppg,1118216,3
3892,682,rppg,1118216,3
3893,682,multiple signals,1118216,3
3894,682,fft,1118216,3
3895,682,ica,1118216,3
3896,682,pca,1118216,3
3897,683,elevator assignment,811154,3
3898,683,esgc,811154,3
3899,683,algorithms,1118354,0
3900,684,elevator assignment,811154,3
3901,684,esgc,811154,3
3902,684,algorithms,1118354,0
3903,685,online signature verification,874820,3
3904,685,signature verification,874820,3
3905,685,dynamic time warp,874820,3
3906,685,pressure sensitivity,874820,3
3907,685,susig,874820,3
3907,685,susig,874820,3
3908,685,sabanci university signature database,874820,3
3909,685,signaturverifiering,874820,3
3910,685,tryckkänslighet,874820,3
3911,685,sabanci university signature database,874820,3
3912,686,mpi,359543,0
3913,686,openmp,1105811,3
3914,686,shared memory,938293,3
3915,686,hpc,11914,0
3916,686,parallel programming,1472160,0
3916,686,parallel programming,827146,3
3917,686,numa,938293,3
3918,687,decompilation,1841733,3
3919,687,go,1841733,3
3920,687,runtime metadata,1841733,3
3921,687,reverse engineering,1750933,0
3922,687,dekompilering,1841733,3
3923,687,go,1841733,3
3924,687,körtidsmetadata,1841733,3
3925,687,reverse engineering,1750933,0
3926,688,compilation,1129224,0
3927,688,functional programming,1333336,3
3928,688,java,1230123,0
3929,688,kompilering,1841112,3
3930,688,funktionell programmering,1841112,3
3931,688,java,1230123,0
3932,689,autonomous vehicle navigation,1649271,3
3933,689,formal methods in robotics and automation,1649271,3
3934,689,human factors,1649271,3
3935,689,human-in-the-loop,1649271,3
3936,689,motion planning,1658012,3
3937,689,formal methods,1265405,3
3937,689,formal methods,1847464,0
3938,689,temporal logic,650753,3
3939,690,autonomous vehicle navigation,1649271,3
3940,690,formal methods in robotics and automation,1649271,3
3941,690,human factors,1649271,3
3942,690,human-in-the-loop,1649271,3
3943,691,autonomous vehicle navigation,1649271,3
3944,691,formal methods in robotics and automation,1649271,3
3945,691,human factors,1649271,3
3946,691,human-in-the-loop,1649271,3
3947,692,autonomous vehicle navigation,1649271,3
3948,692,formal methods in robotics and automation,1649271,3
3949,692,human factors,1649271,3
3950,692,human-in-the-loop,1649271,3
3951,693,autonomous vehicle navigation,1649271,3
3952,693,formal methods in robotics and automation,1649271,3
3953,693,human factors,1649271,3
3954,693,human-in-the-loop,1649271,3
3955,703,game theory,1616628,0
3956,703,modeling,1215836,3
3957,703,risks,1655399,3
3958,703,adversarial decision making,1655399,3
3959,703,cognitive gap,1655399,3
3960,703,public information,1655399,3
3961,703,signaling game,1655399,3
3962,703,decision making,11213,3
3963,704,game theory,1616628,0
3964,704,modeling,1215836,3
3965,704,risks,1655399,3
3966,704,adversarial decision making,1655399,3
3967,704,cognitive gap,1655399,3
3968,704,public information,1655399,3
3969,704,signaling game,1655399,3
3970,704,decision making,11213,3
3971,704,communication costs,400051,3
3972,704,design trade-offs,400051,3
3973,704,estimation performance,400051,3
3974,704,estimation qualities,400051,3
3975,704,heterogeneous sensor networks,400051,3
3976,704,high qualities,400051,3
3977,704,localization systems,400051,3
3978,704,low qualities,400051,3
3979,704,optimal schedules,400051,3
3980,704,processing delays,400051,3
3981,704,sensor communications,400051,3
3982,704,sensor scheduling,400051,3
3983,704,stable time,400051,3
3984,704,switching rules,400051,3
3985,704,ultrasound sensors,400051,3
3986,704,communication,820956,0
3986,704,communication,1789914,0
3987,704,control theory,400051,3
3987,704,control theory,1499285,0
3988,704,estimation,400051,3
3988,704,estimation,858059,0
3989,704,heterogeneous networks,400051,3
3990,704,kalman filters,400051,3
3991,704,riccati equations,400051,3
3992,704,sensor networks,400051,3
3993,707,software-dened networking,756406,3
3994,707,performance,1778279,3
3995,707,update scheduling,724935,3
3996,707,software-dened networking,756406,3
3997,707,reliability,1870945,0
3998,707,openflow,756406,3
3999,708,software-dened networking,756406,3
4000,708,performance,1778279,3
4001,708,update scheduling,724935,3
4002,709,communication costs,400051,3
4003,709,design trade-offs,400051,3
4004,709,estimation performance,400051,3
4005,709,estimation qualities,400051,3
4006,709,heterogeneous sensor networks,400051,3
4007,709,high qualities,400051,3
4008,709,localization systems,400051,3
4009,709,low qualities,400051,3
4010,709,optimal schedules,400051,3
4011,709,processing delays,400051,3
4012,709,sensor communications,400051,3
4013,709,sensor scheduling,400051,3
4014,709,stable time,400051,3
4015,709,switching rules,400051,3
4016,709,ultrasound sensors,400051,3
4017,709,communication,820956,0
4017,709,communication,1789914,0
4018,709,control theory,400051,3
4018,709,control theory,1499285,0
4019,709,estimation,400051,3
4019,709,estimation,858059,0
4020,709,heterogeneous networks,400051,3
4021,709,kalman filters,400051,3
4022,709,riccati equations,400051,3
4023,709,sensor networks,400051,3
4024,710,communication costs,400051,3
4025,710,design trade-offs,400051,3
4026,710,estimation performance,400051,3
4027,710,estimation qualities,400051,3
4028,710,heterogeneous sensor networks,400051,3
4029,710,high qualities,400051,3
4030,710,localization systems,400051,3
4031,710,low qualities,400051,3
4032,710,optimal schedules,400051,3
4033,710,processing delays,400051,3
4034,710,sensor communications,400051,3
4035,710,sensor scheduling,400051,3
4036,710,stable time,400051,3
4037,710,switching rules,400051,3
4038,710,ultrasound sensors,400051,3
4039,710,communication,820956,0
4039,710,communication,1789914,0
4040,710,control theory,400051,3
4040,710,control theory,1499285,0
4041,710,estimation,400051,3
4041,710,estimation,858059,0
4042,710,heterogeneous networks,400051,3
4043,710,kalman filters,400051,3
4044,710,riccati equations,400051,3
4045,710,sensor networks,400051,3
4046,715,transportation mode recognition,1158218,3
4047,715,hierarchical classification,1192855,0
4047,715,hierarchical classification,1158218,3
4048,715,smartphone sensors,1158218,3
4048,715,smartphone sensors,1108645,3
4049,716,machine learning,1511175,3
4050,716,website exits,1278667,3
4051,717,security,1794943,3
4051,717,security,1464458,0
4052,717,ethical hacking,1794943,3
4053,717,threat modeling,1596039,3
4053,717,threat modeling,1464458,0
4054,717,iot,1464458,0
4055,717,autonomous underwater vehicles,1794943,3
4056,717,säkerhet,1794943,3
4056,717,säkerhet,1789914,0
4056,717,säkerhet,1464458,0
4057,717,etisk hackning,1794943,3
4058,717,hotmodelling,1794943,3
4059,717,iot,1464458,0
4060,717,autonoma undervattensrobotar,1794943,3
4061,721,range queries,1214411,3
4062,721,range query,1214411,3
4063,721,spatial index,1214411,3
4064,721,r*-tree,1214411,3
4065,721,rstar-tree,1214411,3
4066,721,r-tree,1214411,3
4067,721,quadtree,1904964,0
4068,721,performance measure,1214411,3
4069,721,comparative,1214411,3
4070,721,quantative,1214411,3
4071,721,data structures,1897734,3
4071,721,data structures,1214411,3
4071,721,data structures,954999,0
4072,722,range queries,1214411,3
4073,722,range query,1214411,3
4074,722,spatial index,1214411,3
4075,722,r*-tree,1214411,3
4076,722,rstar-tree,1214411,3
4077,722,r-tree,1214411,3
4078,722,quadtree,1904964,0
4079,722,performance measure,1214411,3
4080,722,comparative,1214411,3
4081,722,quantative,1214411,3
4082,722,data structures,1897734,3
4082,722,data structures,1214411,3
4082,722,data structures,954999,0
4083,723,aco,1111660,3
4084,723,ant system,1111660,3
4085,723,traveling salesman problem,1111660,3
4086,723,dynamic traveling salesman problem,1111660,3
4087,723,2-opt local search,1111660,3
4088,723,handelsresandeproblemet,1111660,3
4089,723,dynamiska handelsresandeproblemet,1111660,3
4090,724,aco,1111660,3
4091,724,ant system,1111660,3
4092,724,traveling salesman problem,1111660,3
4093,724,dynamic traveling salesman problem,1111660,3
4094,724,2-opt local search,1111660,3
4095,724,handelsresandeproblemet,1111660,3
4096,724,dynamiska handelsresandeproblemet,1111660,3
4097,727,qoe,1866091,3
4098,727,ip,1866091,3
4099,727,qos,11914,0
4100,727,cdn,1866091,3
4101,727,livestream,1866091,3
4102,728,qoe,1866091,3
4103,728,ip,1866091,3
4104,728,qos,11914,0
4105,728,cdn,1866091,3
4106,728,livestream,1866091,3
4107,734,procedural generation,1661985,3
4108,734,lichen,1661985,3
4109,734,perceived realism,1661985,3
4110,734,simulation,1702211,0
4110,734,simulation,954999,0
4110,734,simulation,1661985,3
4110,734,simulation,1597397,0
4111,735,natural language,1894752,0
4112,735,speech recognition,10780,3
4112,735,speech recognition,926633,3
4112,735,speech recognition,1894302,0
4112,735,speech recognition,1117712,0
4112,735,speech recognition,552336,0
4112,735,speech recognition,1589480,0
4113,735,natural language interface,926633,3
4114,735,gamification,926633,3
4114,735,gamification,1792997,0
4114,735,gamification,1792997,0
4115,736,client,1241936,3
4116,736,server,820956,0
4117,736,client-server,1241936,3
4118,736,communications,1241936,3
4119,736,efficiency,1110147,0
4120,736,evaluation,824355,0
4121,736,gis,1230567,3
4122,736,nis,1241936,3
4123,736,geographic information system,1241936,3
4124,736,network information system,1241936,3
4125,736,protobuf,1241936,3
4126,736,protocol buffers,1792957,3
4126,736,protocol buffers,1241936,3
4127,736,java,1230123,0
4128,736,serialization,824488,0
4128,736,serialization,1241936,3
4129,736,protocol,1241936,3
4130,736,http,1253472,0
4131,736,http/1.1,1241936,3
4132,736,http/2,1241936,3
4133,736,hypertext transfer protocol,1241936,3
4134,736,httpclient,1241936,3
4135,736,tomcat,1241936,3
4136,736,overhead,1241936,3
4137,736,payload,1241936,3
4138,736,webserver,1241936,3
4139,736,transmission,1241936,3
4140,736,spatial data,1241936,3
4141,736,natural language,1894752,0
4142,736,speech recognition,10780,3
4142,736,speech recognition,926633,3
4142,736,speech recognition,1894302,0
4142,736,speech recognition,1117712,0
4142,736,speech recognition,552336,0
4142,736,speech recognition,1589480,0
4143,736,natural language interface,926633,3
4144,736,gamification,926633,3
4144,736,gamification,1792997,0
4144,736,gamification,1792997,0
4145,737,indoor positioning system,1894320,3
4146,737,positioning system,1894320,3
4147,737,audio based indoor positioning system,1894320,3
4148,737,trilateration,1894320,3
4149,737,multilateration,1894320,3
4150,737,cost effective,1894320,3
4151,737,inomhuspositioneringssystem,1894320,3
4152,737,positioneringssystem,1894320,3
4153,737,ljudbaserad inomhuspositioneringssystem,1894320,3
4154,737,trilateration,1894320,3
4155,737,multilateration,1894320,3
4156,737,kostnadseffektivit,1894320,3
4157,738,indoor positioning system,1894320,3
4158,738,positioning system,1894320,3
4159,738,audio based indoor positioning system,1894320,3
4160,738,trilateration,1894320,3
4161,738,multilateration,1894320,3
4162,738,cost effective,1894320,3
4163,738,inomhuspositioneringssystem,1894320,3
4164,738,positioneringssystem,1894320,3
4165,738,ljudbaserad inomhuspositioneringssystem,1894320,3
4166,738,trilateration,1894320,3
4167,738,multilateration,1894320,3
4168,738,kostnadseffektivit,1894320,3
4169,752,mobile application development,1653815,3
4170,752,cross-platform tools,1653815,3
4171,752,progressive web applications,1653815,3
4172,752,performance analysis,1653815,3
4173,752,ios,1793389,3
4174,752,qr code scanning,1653815,3
4175,752,mobilappsutveckling,1653815,3
4176,752,plattformsoberoende verktyg,1653815,3
4177,752,progressiva webbapplikationer,1653815,3
4178,752,prestandaanalys,1653815,3
4179,752,ios,1793389,3
4180,752,qr-skanning,1653815,3
4181,753,kanban board,1710648,3
4182,753,sticky notes,1710648,3
4183,753,computer vison,1710648,3
4184,753,opencv,953092,3
4185,753,feature detection,1144192,3
4186,753,feature matching,1710648,3
4187,753,canny edges,1710648,3
4188,753,contours,1710648,3
4189,753,perspective transformation,1710648,3
4190,753,text detection,1710648,3
4191,753,kanbantavla,1710648,3
4192,753,klisterlappar,1710648,3
4193,753,datorseende,1601859,0
4194,753,opencv,953092,3
4195,753,funktionsdetektering,1710648,3
4196,753,funktionsmatchning,1710648,3
4197,753,cannykanter,1710648,3
4198,753,konturer,1710648,3
4199,753,perspektivförvandling,1710648,3
4200,753,textigenkänning,1710648,3
4201,754,reinforcement learning,1882693,0
4202,754,explainability,1649630,0
4203,754,explainable reinforcement learning,1712183,3
4204,754,machine learning,1511175,3
4205,754,artificial intelligence,1853540,3
4206,754,remote electrical tilt optimization.,1712183,3
4207,754,förstärkningsinlärning,1713716,0
4208,754,förklarbarhet,1649630,0
4209,754,förklarbar förstärkningsinlärning,1712183,3
4210,754,maskininlärning,1269787,0
4211,754,artificiell intelligens,1853540,3
4212,754,optimering av fjärrlutning.,1712183,3
4213,755,automation,1884875,3
4214,755,acceptance testing,935212,3
4215,755,regression testing,935212,3
4216,755,single-page application,1037481,0
4216,755,single-page application,935212,3
4217,755,automatisering,1884875,3
4218,755,acceptanstestning,935212,3
4219,755,regressionstestning,935212,3
4220,755,single-page applikation,935212,3
4221,756,automation,1884875,3
4222,756,acceptance testing,935212,3
4223,756,regression testing,935212,3
4224,756,single-page application,1037481,0
4224,756,single-page application,935212,3
4225,756,automatisering,1884875,3
4226,756,acceptanstestning,935212,3
4227,756,regressionstestning,935212,3
4228,756,single-page applikation,935212,3
4229,761,brain activation,441151,3
4229,761,brain activation,339453,3
4230,761,brain mapping,339453,3
4231,761,functional region,441151,3
4231,761,functional region,339453,3
4232,761,scale-space,440633,3
4232,761,scale-space,473389,3
4232,761,scale-space,472978,3
4232,761,scale-space,465689,3
4232,761,scale-space,546842,3
4232,761,scale-space,474298,3
4232,761,scale-space,441212,3
4232,761,scale-space,474296,3
4233,761,primal sketch,441151,3
4233,761,primal sketch,473362,3
4233,761,primal sketch,339453,3
4233,761,primal sketch,474298,3
4234,761,cerebral activation,339453,3
4235,761,clusters,882369,0
4235,761,clusters,339453,3
4236,761,tactile,339453,3
4237,762,brain activation,441151,3
4237,762,brain activation,339453,3
4238,762,brain mapping,339453,3
4239,762,functional region,441151,3
4239,762,functional region,339453,3
4240,762,scale-space,440633,3
4240,762,scale-space,473389,3
4240,762,scale-space,472978,3
4240,762,scale-space,465689,3
4240,762,scale-space,546842,3
4240,762,scale-space,474298,3
4240,762,scale-space,441212,3
4240,762,scale-space,474296,3
4241,762,primal sketch,441151,3
4241,762,primal sketch,473362,3
4241,762,primal sketch,339453,3
4241,762,primal sketch,474298,3
4242,762,cerebral activation,339453,3
4243,762,clusters,882369,0
4243,762,clusters,339453,3
4244,762,tactile,339453,3
4245,763,brain activation,441151,3
4245,763,brain activation,339453,3
4246,763,brain mapping,339453,3
4247,763,functional region,441151,3
4247,763,functional region,339453,3
4248,763,scale-space,440633,3
4248,763,scale-space,473389,3
4248,763,scale-space,472978,3
4248,763,scale-space,465689,3
4248,763,scale-space,546842,3
4248,763,scale-space,474298,3
4248,763,scale-space,441212,3
4248,763,scale-space,474296,3
4249,763,primal sketch,441151,3
4249,763,primal sketch,473362,3
4249,763,primal sketch,339453,3
4249,763,primal sketch,474298,3
4250,763,cerebral activation,339453,3
4251,763,clusters,882369,0
4251,763,clusters,339453,3
4252,763,tactile,339453,3
4253,764,client-server systems,760258,3
4254,764,complex services,760258,3
4255,764,cryptographic key,760258,3
4256,764,formalization,760258,3
4257,764,online social networks,1046856,2
4258,764,p2p applications,760258,3
4259,764,p2p system,760258,3
4260,764,protocol design,760258,3
4261,764,privacy,1808715,0
4262,764,user coordination mechanisms,760258,3
4263,764,user,760258,3
4264,764,decentralised information systems,1093416,3
4265,764,distributed systems,938613,0
4265,764,distributed systems,1093416,3
4266,764,social networks,1152429,0
4266,764,social networks,1238860,0
4266,764,social networks,812449,0
4266,764,social networks,1093416,3
4267,764,decentraliserade informationssystem,1093416,3
4268,764,distribuerade system,1773921,3
4268,764,distribuerade system,1093416,3
4269,764,integritet,839128,0
4269,764,integritet,1093416,3
4270,764,sociala nätverk,1093416,3
4271,764,sistemas de información descentralizados,1093416,3
4272,764,sistemas distribuidos,1093416,3
4273,764,privacidad,1093416,3
4274,764,redes sociales,1093416,3
4275,765,client-server systems,760258,3
4276,765,complex services,760258,3
4277,765,cryptographic key,760258,3
4278,765,formalization,760258,3
4279,765,online social networks,1046856,2
4280,765,p2p applications,760258,3
4281,765,p2p system,760258,3
4282,765,protocol design,760258,3
4283,765,privacy,1808715,0
4284,765,user coordination mechanisms,760258,3
4285,765,user,760258,3
4286,766,client-server systems,760258,3
4287,766,complex services,760258,3
4288,766,cryptographic key,760258,3
4289,766,formalization,760258,3
4290,766,online social networks,1046856,3
4291,766,p2p applications,760258,3
4292,766,p2p system,760258,3
4293,766,protocol design,760258,3
4294,766,privacy,1808715,0
4295,766,user coordination mechanisms,760258,3
4296,766,user,760258,3
4297,768,evolvable systems,418524,3
4298,768,modularity,1292782,0
4299,768,distributed control,418524,3
4300,769,evolvable systems,418524,3
4301,769,modularity,1292782,0
4302,769,distributed control,418524,3
4303,770,evolvable systems,418524,3
4304,770,modularity,1292782,0
4305,770,distributed control,418524,3
4306,773,neural networks,1194112,0
4306,773,neural networks,1320166,3
4307,773,stock prognosis,927359,3
4308,773,stock analysis,927359,3
4309,773,neuronnät,927359,3
4309,773,neuronnät,1241148,3
4309,773,neuronnät,1241848,3
4310,773,neurala nätverk,1601084,0
4311,773,aktieprognoser,927359,3
4312,773,aktieanalys,927359,3
4313,774,neural networks,1194112,0
4313,774,neural networks,1320166,3
4314,774,stock prognosis,927359,3
4315,774,stock analysis,927359,3
4316,774,neuronnät,927359,3
4316,774,neuronnät,1241148,3
4316,774,neuronnät,1241848,3
4317,774,neurala nätverk,1601084,0
4318,774,aktieprognoser,927359,3
4319,774,aktieanalys,927359,3
4320,775,machine learning,1511175,3
4321,775,mlaas,1303137,3
4322,775,microsoft,1303137,3
4323,775,google,1303137,3
4324,775,deepai,1303137,3
4325,775,aylien,1303137,3
4326,775,video analysis,1144192,3
4327,775,transcription,1303137,3
4328,775,translation,1801590,0
4328,775,translation,1303137,3
4329,775,summarisation,1303137,3
4330,775,word error rate,1303137,3
4330,775,word error rate,1303137,3
4331,775,bleu,1303137,3
4332,775,maskininlärning,1269787,0
4333,775,mlaas,1303137,3
4334,775,microsoft,1303137,3
4335,775,google,1303137,3
4336,775,videoanalys,1303137,3
4337,775,transkribering,1303137,3
4338,775,översättning,1303137,3
4339,775,sammanfattning,1303137,3
4340,775,bleu,1303137,3
4341,776,machine learning,1511175,3
4342,776,mlaas,1303137,3
4343,776,microsoft,1303137,3
4344,776,google,1303137,3
4345,776,deepai,1303137,3
4346,776,aylien,1303137,3
4347,776,video analysis,1144192,3
4348,776,transcription,1303137,3
4349,776,translation,1801590,0
4349,776,translation,1303137,3
4350,776,summarisation,1303137,3
4351,776,word error rate,1303137,3
4351,776,word error rate,1303137,3
4352,776,bleu,1303137,3
4353,776,maskininlärning,1269787,0
4354,776,mlaas,1303137,3
4355,776,microsoft,1303137,3
4356,776,google,1303137,3
4357,776,videoanalys,1303137,3
4358,776,transkribering,1303137,3
4359,776,översättning,1303137,3
4360,776,sammanfattning,1303137,3
4361,776,bleu,1303137,3
4362,777,network science,1105743,3
4363,777,kth domain,1105743,3
4364,777,sampling,910695,0
4364,777,sampling,1105743,3
4365,777,scale-free,1105743,3
4365,777,scale-free,927079,3
4366,777,small-world,1105743,3
4367,777,community structure,1105743,3
4368,778,network science,1105743,3
4369,778,kth domain,1105743,3
4370,778,sampling,910695,0
4370,778,sampling,1105743,3
4371,778,scale-free,1105743,3
4371,778,scale-free,927079,3
4372,778,small-world,1105743,3
4373,778,community structure,1105743,3
4374,785,netwok science,927079,3
4375,785,scale-free,1105743,3
4375,785,scale-free,927079,3
4376,785,www,927079,3
4377,786,netwok science,927079,3
4378,786,scale-free,1105743,3
4378,786,scale-free,927079,3
4379,786,www,927079,3
4380,787,interaction design,1804071,0
4381,787,impermanence,974491,3
4382,787,incompleteness,974491,3
4383,787,imperfection,974491,3
4384,787,wabi-sabi,974491,3
4385,787,materiality,974491,3
4386,787,design practice,974491,3
4387,792,machine learning,1511175,3
4388,792,optical character recognition,1712790,3
4389,792,bert,1885510,0
4390,792,error detection,1712790,3
4391,792,invoice,1797628,0
4392,792,maskininläsning,1712790,3
4393,792,optisk teckenläsning,1712790,3
4394,792,bert,1885510,0
4395,792,feldetektering,1712790,3
4395,792,feldetektering,1885514,0
4396,792,faktura,1712790,3
4396,792,faktura,1797628,0
4397,793,machine learning,1511175,3
4398,793,optical character recognition,1712790,3
4399,793,bert,1885510,0
4400,793,error detection,1712790,3
4401,793,invoice,1797628,0
4402,793,maskininläsning,1712790,3
4403,793,optisk teckenläsning,1712790,3
4404,793,bert,1885510,0
4405,793,feldetektering,1712790,3
4405,793,feldetektering,1885514,0
4406,793,faktura,1712790,3
4406,793,faktura,1797628,0
4407,794,functional programming,1333336,3
4408,794,object-oriented programming,1887664,3
4409,794,elixir,1887664,3
4410,794,macros,1887664,3
4411,794,programming paradigms,1228211,3
4412,794,funktionell programmering,1841112,3
4413,794,objektorienterad programmering,1887664,3
4414,794,elixir,1887664,3
4415,794,makro,1887664,3
4416,794,programmeringsparadigm,1887664,3
4417,795,functional programming,1333336,3
4418,795,object-oriented programming,1887664,3
4419,795,elixir,1887664,3
4420,795,macros,1887664,3
4421,795,programming paradigms,1228211,3
4422,795,funktionell programmering,1841112,3
4423,795,objektorienterad programmering,1887664,3
4424,795,elixir,1887664,3
4425,795,makro,1887664,3
4426,795,programmeringsparadigm,1887664,3
4427,796,database,1118816,3
4427,796,database,949758,3
4428,796,query optimizer,949758,3
4429,796,postgresql,1098599,0
4430,796,mariadb,949758,3
4431,796,index selection,949758,3
4432,798,reversible computation,1800861,3
4433,798,domain-specific languages,1800861,3
4434,798,arrows,1800861,3
4435,798,partial invertibility,1800861,3
4436,798,reversibel beräkning,1800861,3
4437,798,domänspecifika språk,1710734,0
4438,798,arrows,1800861,3
4439,798,partiell inverterbarhet,1800861,3
4440,799,unmanned aerial vehicle,1588971,0
4441,799,drone detection,1870943,3
4442,799,trajectory-based,1870943,3
4443,799,background subtraction,1870943,3
4443,799,background subtraction,1067587,0
4444,799,joint detection and tracking,1870943,3
4445,799,computer vision,1269787,0
4445,799,computer vision,847992,0
4446,799,deeplearning,1799688,0
4447,799,drönare,1870943,3
4448,799,drönardetektering,1870943,3
4449,799,trajektoria-baserad,1870943,3
4450,799,bakgrundssubtraktion,1870943,3
4451,799,förenad detektering och spårning,1870943,3
4452,799,datorseende,1601859,0
4453,799,djupinlärning,1887987,3
4453,799,djupinlärning,1788172,0
4454,811,processing,1700081,3
4455,811,merchant,1700081,3
4456,811,acquirer,1700081,3
4457,811,customer,1700081,3
4458,811,demand pricing,1700081,3
4459,811,dynamic pricing,1700081,3
4460,811,profitability,1700081,3
4461,811,machine learning,1511175,3
4462,811,algorithms,1118354,0
4463,811,naive-bayes,1700081,3
4464,811,adaboost,1700081,3
4464,811,adaboost,1217917,3
4464,811,adaboost,1217917,3
4465,811,k-nearest neighbour,1700081,3
4466,811,stochastic gradient descent,1700081,3
4467,811,decision trees,1307122,0
4468,811,random forests,1700081,3
4469,812,processing,1700081,3
4470,812,merchant,1700081,3
4471,812,acquirer,1700081,3
4472,812,customer,1700081,3
4473,812,demand pricing,1700081,3
4474,812,dynamic pricing,1700081,3
4475,812,profitability,1700081,3
4476,812,machine learning,1511175,3
4477,812,algorithms,1118354,0
4478,812,naive-bayes,1700081,3
4479,812,adaboost,1700081,3
4479,812,adaboost,1217917,3
4479,812,adaboost,1217917,3
4480,812,k-nearest neighbour,1700081,3
4481,812,stochastic gradient descent,1700081,3
4482,812,decision trees,1307122,0
4483,812,random forests,1700081,3
4484,813,feature,820704,0
4484,813,feature,1073549,0
4484,813,feature,473627,3
4484,813,feature,466293,3
4485,813,tracking,443263,2
4485,813,tracking,1150643,0
4485,813,tracking,1887674,0
4485,813,tracking,473627,3
4485,813,tracking,466293,3
4485,813,tracking,465689,3
4485,813,tracking,465018,3
4485,813,tracking,1267392,3
4486,813,motion,473428,3
4486,813,motion,473627,3
4486,813,motion,466293,3
4486,813,motion,335153,2
4486,813,motion,465689,3
4486,813,motion,465018,3
4487,813,blob,473627,3
4487,813,blob,466293,3
4487,813,blob,441212,3
4487,813,blob,465018,3
4488,813,corner,473627,3
4488,813,corner,466293,3
4489,813,scale,1144192,3
4490,813,scale-space,440633,3
4490,813,scale-space,473389,3
4490,813,scale-space,472978,3
4490,813,scale-space,465689,3
4490,813,scale-space,546842,3
4490,813,scale-space,474298,3
4490,813,scale-space,441212,3
4490,813,scale-space,474296,3
4491,813,scale selection,1144192,3
4491,813,scale selection,465018,3
4492,813,similarity,473627,3
4492,813,similarity,466293,3
4493,813,multi-scale representation,440633,3
4493,813,multi-scale representation,465689,3
4493,813,multi-scale representation,546842,3
4493,813,multi-scale representation,474296,3
4494,813,computer vision,1269787,0
4494,813,computer vision,847992,0
4495,813,object representation,465689,3
4496,813,feature detection,1144192,3
4497,813,matching,443263,2
4497,813,matching,335153,2
4497,813,matching,465689,3
4498,813,shape analysis,465689,3
4499,813,applications,465689,3
4500,813,image segmentation,1808715,0
4501,813,representation,335153,2
4501,813,representation,338468,3
4502,813,shape,473366,3
4503,813,selection,1702702,0
4504,813,ridges,338468,3
4505,813,affine trifocal tensor,465018,3
4506,813,trilinear tensor,465018,3
4507,813,affine,440633,3
4507,813,affine,465018,3
4508,813,perspective,465018,3
4509,813,projection,465018,3
4510,813,structure,465018,3
4511,813,factorization,465018,3
4512,813,point,465018,3
4513,813,line,465018,3
4514,813,ridge,465018,3
4515,813,human-computer interaction,946219,3
4515,813,human-computer interaction,465018,3
4516,813,computer vision.,465018,3
4517,814,open data,1839998,3
4518,814,open justice,1839998,3
4519,814,gender-based violence,1839998,3
4520,814,feminist artificial inteligence,1839998,3
4521,814,automation,1884875,3
4522,815,open data,1839998,3
4523,815,open justice,1839998,3
4524,815,gender-based violence,1839998,3
4525,815,feminist artificial inteligence,1839998,3
4526,815,automation,1884875,3
4527,816,open data,1839998,3
4528,816,open justice,1839998,3
4529,816,gender-based violence,1839998,3
4530,816,feminist artificial inteligence,1839998,3
4531,816,automation,1884875,3
4532,817,open data,1839998,3
4533,817,open justice,1839998,3
4534,817,gender-based violence,1839998,3
4535,817,feminist artificial inteligence,1839998,3
4536,817,automation,1884875,3
4537,819,imitation learning,1241848,3
4538,819,deep learning,1712831,0
4539,819,neural networks,1194112,0
4539,819,neural networks,1320166,3
4540,819,quadrotor,1241848,3
4541,819,quadcopter,1241848,3
4542,819,multicopter,1241848,3
4543,819,multirotor,1241848,3
4544,819,uav,1176285,3
4544,819,uav,1108625,0
4545,819,mav,872111,0
4546,819,dagger,1241848,3
4547,819,dynamics,1241848,3
4548,819,physical dynamics,1241848,3
4549,819,simulation,1702211,0
4549,819,simulation,954999,0
4549,819,simulation,1661985,3
4549,819,simulation,1597397,0
4550,819,djupinlärning,1887987,3
4550,819,djupinlärning,1788172,0
4551,819,neuronnät,927359,3
4551,819,neuronnät,1241148,3
4551,819,neuronnät,1241848,3
4552,819,kvadrotor,1241848,3
4553,819,multikopter,1241848,3
4554,820,community detection,1149120,0
4554,820,community detection,931846,3
4555,820,girvan-newman,931846,3
4556,820,rosvall-bergstrom,931846,3
4557,820,homogeneity,931846,3
4558,820,heterogeneity,931846,3
4559,821,community detection,1149120,0
4559,821,community detection,931846,3
4560,821,girvan-newman,931846,3
4561,821,rosvall-bergstrom,931846,3
4562,821,homogeneity,931846,3
4563,821,heterogeneity,931846,3
4564,822,affine,440633,3
4564,822,affine,465018,3
4565,822,automatic scale selection,338803,3
4565,822,automatic scale selection,338874,3
4565,822,automatic scale selection,473389,3
4566,822,diffusion,440633,3
4566,822,diffusion,474296,3
4567,822,enhancement,338874,3
4568,822,fingerprint,338874,3
4569,822,image processing,1164171,0
4570,822,scale-space,440633,3
4570,822,scale-space,473389,3
4570,822,scale-space,472978,3
4570,822,scale-space,465689,3
4570,822,scale-space,546842,3
4570,822,scale-space,474298,3
4570,822,scale-space,441212,3
4570,822,scale-space,474296,3
4571,822,edge-detection,338656,2
4571,822,edge-detection,338874,3
4572,822,surface orientation,338874,3
4573,822,ridge detection,338656,2
4573,822,ridge detection,338874,3
4574,822,texture,14329,0
4575,822,algorithm,1751015,3
4576,822,system,820956,0
4577,822,images,311490,0
4578,822,cues,338874,3
4579,829,formal verification nusmv javapathfinder spin/promela ctl ltl dma uart model checking theorem proving,1114579,3
4580,830,formal verification nusmv javapathfinder spin/promela ctl ltl dma uart model checking theorem proving,1114579,3
4581,831,formal verication,675835,3
4582,831,information flow security,675835,3
4582,831,information flow security,1368718,2
4583,831,separation kernel,675835,3
4584,831,hypervisor,1136624,3
4585,831,program logics,1469213,3
4586,831,formal verification,1821827,3
4586,831,formal verification,957404,3
4587,831,theorem proving,1136624,3
4588,831,binary analysis,1755837,3
4589,831,hoare logic,1265405,3
4590,831,binary verification,675838,3
4591,831,hypervisor,1136624,3
4592,831,formal verification,1821827,3
4592,831,formal verification,957404,3
4593,831,refinement,1821827,3
4594,831,serial interface,1821827,3
4595,831,device driver,1606994,3
4596,831,interactive theorem prover,1821827,3
4597,831,information flow,1821827,3
4598,832,formal verication,675835,3
4599,832,information flow security,675835,3
4599,832,information flow security,1368718,2
4600,832,separation kernel,675835,3
4601,832,hypervisor,1136624,3
4602,832,arm instruction set,675843,3
4603,832,noninterference,968447,3
4603,832,noninterference,675843,3
4604,832,user mode execution,675843,3
4605,832,kernel security,675843,3
4606,832,theorem proving,1136624,3
4607,833,formal verication,675835,3
4608,833,information flow security,675835,3
4608,833,information flow security,1368718,2
4609,833,separation kernel,675835,3
4610,833,hypervisor,1136624,3
4611,833,binary verification,675838,3
4612,833,hypervisor,1136624,3
4613,833,platform security,1136624,3
4614,833,hypervisor,1136624,3
4615,833,formal verification,1821827,2
4615,833,formal verification,957404,3
4616,833,theorem proving,1136624,3
4617,833,hol4,1821827,2
4618,833,cache attack,1136624,3
4619,833,security monitor,1136624,3
4620,833,information flow,1821827,2
4621,836,fovea,474284,3
4622,836,retina,474284,3
4623,836,receptive field,440633,3
4624,836,scale-space,440633,3
4624,836,scale-space,473389,3
4624,836,scale-space,472978,3
4624,836,scale-space,465689,3
4624,836,scale-space,546842,3
4624,836,scale-space,474298,3
4624,836,scale-space,441212,3
4624,836,scale-space,474296,3
4625,836,multi-scale representation,440633,3
4625,836,multi-scale representation,465689,3
4625,836,multi-scale representation,546842,3
4625,836,multi-scale representation,474296,3
4626,836,log-polar mapping,474284,3
4627,836,visual front-end,473428,3
4627,836,visual front-end,474284,3
4628,836,resolution,1292782,0
4628,836,resolution,13522,0
4628,836,resolution,13522,0
4628,836,resolution,1094244,0
4629,836,computer vision,1269787,0
4629,836,computer vision,847992,0
4630,837,intrigue sketch,576098,3
4631,837,narrative,576098,3
4632,837,organized cybercrime,576098,3
4633,837,persona,576098,3
4634,838,intrigue sketch,576098,3
4635,838,narrative,576098,3
4636,838,organized cybercrime,576098,3
4637,838,persona,576098,3
4638,839,anomaly detection,1887987,3
4639,839,fraud detection,1751346,0
4639,839,fraud detection,1189805,0
4639,839,fraud detection,1217521,3
4640,839,unsupervised machine learning,1217521,3
4641,839,autoencoder,1783648,0
4641,839,autoencoder,1217521,3
4641,839,autoencoder,1217521,3
4642,839,anomali detektering,1217521,3
4643,839,bedrägeri detektering,1217521,3
4644,839,oövervakad maskininlärning,1217521,3
4645,840,anomaly detection,1887987,3
4646,840,fraud detection,1751346,0
4646,840,fraud detection,1189805,0
4646,840,fraud detection,1217521,3
4647,840,unsupervised machine learning,1217521,3
4648,840,autoencoder,1783648,0
4648,840,autoencoder,1217521,3
4648,840,autoencoder,1217521,3
4649,840,anomali detektering,1217521,3
4650,840,bedrägeri detektering,1217521,3
4651,840,oövervakad maskininlärning,1217521,3
4652,844,pcp,579115,3
4652,844,pcp,817263,3
4653,844,approximation,1119453,0
4653,844,approximation,817263,3
4654,844,d-to-1,579115,3
4655,844,perfect completeness,579115,3
4655,844,perfect completeness,817263,3
4656,844,combinatorial optimization,817263,3
4656,844,combinatorial optimization,1185339,0
4657,844,inapproximability,1229467,0
4658,844,hardness,817263,3
4659,844,probabilistically checkable proofs,817263,3
4660,844,boolean constraint satisfaction problem,817263,3
4661,844,csp,1062024,3
4662,844,graph coloring,817263,3
4663,844,hypergraph coloring,817263,3
4664,844,direct sum,817263,3
4665,844,superposition,817263,3
4666,844,label cover,1755212,0
4666,844,label cover,817263,3
4667,844,chromatic number,675836,3
4668,844,k-colorable graphs,675836,3
4669,844,np-hard,675836,3
4670,844,#csp,447563,3
4671,844,dichotomy theorem,447563,3
4672,844,counting problems,447563,3
4673,844,computational complexity,1094244,0
4673,844,computational complexity,447563,3
4674,845,#csp,447563,3
4675,845,dichotomy theorem,447563,3
4676,845,counting problems,447563,3
4677,845,computational complexity,1094244,0
4677,845,computational complexity,447563,3
4678,846,vocal tract,1263713,3
4679,846,upper airway,1263713,3
4680,846,speech production,1263713,3
4680,846,speech production,971288,3
4681,846,biomechanical model,1263713,3
4681,846,biomechanical model,1471890,3
4682,846,acoustic model,1263713,3
4682,846,acoustic model,1471890,3
4683,846,vocal tract reconstruction,1263713,3
4684,846,speech,1650791,0
4685,846,tongue,1263534,3
4686,846,muscle activation,13466,0
4686,846,muscle activation,1263534,3
4687,846,electromagnetic articulography,1263534,3
4688,846,biomechanics,1263534,3
4689,846,vowel-vowel utterances,1471890,3
4690,846,voice production,1471890,3
4691,846,finite element method,971288,3
4692,846,biomechanical articulatory model,971288,3
4693,846,vocal tract geometry,971288,3
4694,846,vocal tract acoustics,971288,3
4695,846,finite element method,971288,3
4696,847,electroglottography,1051854,3
4696,847,electroglottography,945805,0
4697,847,laryngography,1051854,3
4698,847,egg,1051854,3
4699,847,real-time feedback,1051854,3
4700,847,contemporary commercial music,1051854,3
4701,847,ccm,1051854,3
4702,847,supercollider,945805,0
4703,847,voice range profile,1051854,3
4703,847,voice range profile,945805,0
4704,847,vrp,1051854,3
4705,847,clustering,898710,3
4706,847,elektroglottografi,1051854,3
4707,847,laryngografi,1051854,3
4708,847,egg,1051854,3
4709,847,realtidsfeedback,1051854,3
4710,847,ccm,1051854,3
4711,847,supercollider,945805,0
4712,847,vrp,1051854,3
4713,847,klustring,1788170,3
4714,847,speech,1650791,0
4715,847,tongue,1263534,3
4716,847,muscle activation,13466,0
4716,847,muscle activation,1263534,3
4717,847,electromagnetic articulography,1263534,3
4718,847,biomechanics,1263534,3
4719,848,fuel economy,782989,3
4720,848,image matching,782989,3
4721,848,inference engines,782989,3
4722,848,intelligent vehicle highway systems,782989,3
4723,848,vehicles,782989,3
4724,849,fuel economy,782989,3
4725,849,image matching,782989,3
4726,849,inference engines,782989,3
4727,849,intelligent vehicle highway systems,782989,3
4728,849,vehicles,782989,3
4729,850,fuel economy,782989,3
4730,850,image matching,782989,3
4731,850,inference engines,782989,3
4732,850,intelligent vehicle highway systems,782989,3
4733,850,vehicles,782989,3
4734,861,cognitive human-robot interaction,448466,3
4735,861,computer vision,1269787,0
4735,861,computer vision,847992,0
4736,861,computer vision,1269787,0
4736,861,computer vision,847992,0
4737,862,formal verification,1821827,3
4737,862,formal verification,957404,3
4738,862,model checking,524550,3
4738,862,model checking,1847464,0
4739,862,deductive verification,1853056,3
4739,862,deductive verification,1847464,0
4740,862,abstraction,1853056,3
4741,862,tla,1853056,3
4742,862,formell verifiering,1821827,3
4743,862,modellkontroll,1853056,3
4744,862,deduktiv verifikation,1853056,3
4745,862,abstraktion,1853056,3
4746,862,tla,1853056,3
4747,863,run-time specialization,1849619,3
4748,863,partial evaluation,1849619,3
4749,863,online partial evaluation,1849619,3
4750,863,körtidsspecialisering,1849619,3
4751,863,partiell evaluering,1849619,3
4752,863,online partiell evaluering,1849619,3
4753,864,iec 61850,1553545,3
4754,864,substation,1553545,3
4755,864,cyber security,1596039,3
4756,864,threat modeling language,1553545,3
4757,864,attack graphs,1710734,0
4758,864,meta attack language,1710734,0
4759,864,system configuration description language,1553545,3
4760,865,iec 61850,1553545,3
4761,865,substation,1553545,3
4762,865,cyber security,1596039,3
4763,865,threat modeling language,1553545,3
4764,865,attack graphs,1710734,0
4765,865,meta attack language,1710734,0
4766,865,system configuration description language,1553545,3
4767,865,sbom,1823042,3
4768,865,software supply chain,1903823,0
4768,865,software supply chain,1823042,3
4769,870,cluster,1120724,0
4770,870,location-based social networks,804946,3
4771,870,temporal scale,804946,3
4772,870,user similarity,804946,3
4773,871,cluster,1120724,0
4774,871,location-based social networks,804946,3
4775,871,temporal scale,804946,3
4776,871,user similarity,804946,3
4777,873,denial-of-service,811568,3
4778,873,dos,945831,3
4779,873,ddos,811568,3
4780,873,domain dos,945831,3
4781,873,domain-driven design,945831,3
4782,873,domain-driven security,945831,3
4783,874,deep learning,1712831,0
4784,874,reinforcement learning,1882693,0
4785,874,reward functions,1702126,3
4786,874,neural networks,1194112,0
4786,874,neural networks,1320166,3
4787,874,furuta pendulum,1702126,3
4788,874,djupinlärning,1887987,3
4788,874,djupinlärning,1788172,0
4789,874,förstärkningsinlärning,1713716,0
4790,874,belöningsfunktioner,1702126,3
4791,874,neurala nätverk,1601084,0
4792,874,furuta-pendel,1702126,3
4793,876,representation learning,1856441,3
4794,876,machine learning,1511175,2
4795,876,multimodal,1787725,0
4796,876,contrastive learning,1856441,3
4797,877,representation learning,1856441,3
4798,877,machine learning,1511175,2
4799,877,multimodal,1787725,0
4800,877,contrastive learning,1856441,3
4801,878,representation learning,1856441,3
4802,878,machine learning,1511175,2
4803,878,multimodal,1787725,0
4804,878,contrastive learning,1856441,3
4805,882,spatio-temporal data mining,804991,3
4806,882,congestion prediction,804991,3
4807,882,lbs,804991,3
4808,882,intelligent transport systems,804991,3
4809,883,molecular dynamics,1886365,3
4809,883,molecular dynamics,1886363,3
4810,883,heterogeneous parallelism,1886363,3
4811,883,gpu,970839,0
4812,883,sycl,1886363,3
4813,883,gromacs,1886363,3
4814,887,speech recognition,10780,3
4814,887,speech recognition,926633,3
4814,887,speech recognition,1894302,0
4814,887,speech recognition,1117712,0
4814,887,speech recognition,552336,0
4814,887,speech recognition,1589480,0
4815,887,neural network,811087,3
4815,887,neural network,1188541,0
4816,887,low latency,10780,3
4817,887,non-linear dynamics,10780,3
4818,887,speech,1650791,0
4819,887,machine learning,1511175,3
4820,887,data mining,1511175,3
4821,887,signal processing,1801202,0
4821,887,signal processing,10785,3
4822,890,magiian,1885904,3
4823,890,kbsc,1885904,3
4824,890,mkbsc,1885904,3
4825,890,higher-order knowledge,1885904,3
4826,890,surely-winning strategies,1885904,3
4827,890,magiian,1885904,3
4828,890,kbsc,1885904,3
4829,890,mkbsc,1885904,3
4830,890,högre ordningens kunskap,1885904,3
4831,890,garanterat vinnande strategier,1885904,3
4832,891,magiian,1885904,3
4833,891,kbsc,1885904,3
4834,891,mkbsc,1885904,3
4835,891,higher-order knowledge,1885904,3
4836,891,surely-winning strategies,1885904,3
4837,891,magiian,1885904,3
4838,891,kbsc,1885904,3
4839,891,mkbsc,1885904,3
4840,891,högre ordningens kunskap,1885904,3
4841,891,garanterat vinnande strategier,1885904,3
4842,892,program logics,1469213,3
4843,892,formal verification,1821827,2
4843,892,formal verification,957404,3
4844,892,theorem proving,1136624,2
4845,892,binary analysis,1755837,3
4846,892,hoare logic,1265405,3
4847,892,binary code,1755837,3
4848,892,binary analysis,1755837,3
4849,892,formal verification,1821827,2
4849,892,formal verification,957404,3
4850,892,model-based testing,1755837,3
4851,892,theorem proving,1136624,2
4852,892,hol4,1821827,2
4853,892,intermediate language,1755837,3
4854,892,instruction set architectures,1755837,3
4855,892,isa,1755837,3
4856,892,observational models,1755837,3
4857,892,symbolic execution,844010,3
4858,892,weakest-precondition,1755837,3
4859,892,execution time analysis,1755837,3
4860,892,binärkod,1755837,3
4861,892,binärkodsanalys,1755837,3
4862,892,formell verifiering,1821827,2
4863,892,modellbaserad testning,1801581,0
4863,892,modellbaserad testning,1609005,0
4863,892,modellbaserad testning,1871803,3
4863,892,modellbaserad testning,1755837,3
4864,892,satsbevisning,1755837,3
4865,892,hol4,1821827,2
4866,892,mellankod,1755837,3
4867,892,instruktionsuppsättningar,1755837,3
4868,892,isa,1755837,3
4869,892,observationsmodeller,1755837,3
4870,892,symbolisk exekvering,1755837,3
4871,892,minst restriktiva villkoret,1755837,3
4872,892,analys av övre tidsgräns,1755837,3
4873,893,random forest,1749935,0
4874,893,xgboost,1597534,3
4875,893,predicting housing prices,1597534,3
4876,893,feature engineering,945087,3
4876,893,feature engineering,1597534,3
4876,893,feature engineering,1121059,0
4877,893,ensemble learning,1801190,0
4877,893,ensemble learning,1597534,3
4878,893,boosting,1597534,3
4879,893,data cleansing,1597534,3
4880,893,5foldcrossvalidation.,1597534,3
4881,894,random forest,1749935,0
4882,894,xgboost,1597534,3
4883,894,predicting housing prices,1597534,3
4884,894,feature engineering,945087,3
4884,894,feature engineering,1597534,3
4884,894,feature engineering,1121059,0
4885,894,ensemble learning,1801190,0
4885,894,ensemble learning,1597534,3
4886,894,boosting,1597534,3
4887,894,data cleansing,1597534,3
4888,894,5foldcrossvalidation.,1597534,3
4889,897,s&p 500,1885506,3
4890,897,ml-models,1885506,3
4891,897,lstm,1188541,0
4892,897,polynomial regression,1885506,3
4893,897,decision trees,1307122,0
4894,897,s&p 500,1885506,3
4895,897,ml-modeller,1885506,3
4896,897,lstm,1188541,0
4897,897,polynomregression,1885506,3
4898,897,beslutsträd,1885506,3
4899,898,s&p 500,1885506,3
4900,898,ml-models,1885506,3
4901,898,lstm,1188541,0
4902,898,polynomial regression,1885506,3
4903,898,decision trees,1307122,0
4904,898,s&p 500,1885506,3
4905,898,ml-modeller,1885506,3
4906,898,lstm,1188541,0
4907,898,polynomregression,1885506,3
4908,898,beslutsträd,1885506,3
4909,899,sentiment analysis,1885510,0
4910,899,twitter,1595839,3
4911,899,bipolar disorder,1212987,3
4912,899,depression,1212987,3
4913,900,sentiment analysis,1885510,0
4914,900,twitter,1595839,3
4915,900,bipolar disorder,1212987,3
4916,900,depression,1212987,3
4917,901,electronic health records,1229377,3
4918,901,telemedicine,1634133,3
4919,901,security,1794943,3
4919,901,security,1464458,0
4920,901,event-b,1229377,3
4921,903,artificial intelligence,1853540,3
4922,903,machine learning,1511175,3
4923,904,artificial intelligence,1853540,3
4924,904,machine learning,1511175,3
4925,905,artificial intelligence,1853540,3
4926,905,machine learning,1511175,3
4927,910,monolithic,1737742,3
4928,910,staggered,1737742,3
4929,910,hybrid,1737684,3
4930,910,fracture,1737742,3
4931,910,staggered,1737742,3
4932,910,monolithic,1737742,3
4933,910,fracture,1737742,3
4934,910,constitutive modeling,1737742,3
4935,910,strong discontinuity approach (sda),1737742,3
4936,910,simo-reissner beam theory,1737742,3
4937,910,geometrically exact beam theory,1737742,3
4938,910,minimeringsalgoritm,1737742,3
4939,910,simo-reissner balkteori,1737742,3
4940,910,icke kompatibla deformationsmode,1737742,3
4941,910,konstitutiva model,1737742,3
4942,911,monolithic,1737742,3
4943,911,staggered,1737742,3
4944,911,hybrid,1737684,3
4945,911,fracture,1737742,3
4946,912,monolithic,1737742,3
4947,912,staggered,1737742,3
4948,912,hybrid,1737684,3
4949,912,fracture,1737742,3
4950,913,monolithic,1737742,3
4951,913,staggered,1737742,3
4952,913,hybrid,1737684,3
4953,913,fracture,1737742,3
4954,918,sound absorption,1605986,3
4955,918,in-situ measurement,1605986,3
4956,918,convolutional neural networks,1464537,3
4957,918,finite size effect,1605986,3
4958,918,delany– bazley–miki model,1605986,3
4959,918,eigenfrequencies,1707141,3
4960,918,room acoustics,1707141,3
4961,918,machine learning,1511175,3
4962,918,thunderstorms,1814839,3
4963,918,air-traffic management,1814839,3
4964,918,weather data,1814839,3
4965,918,numerical weather prediction,1814839,3
4966,918,satellite images,1814839,3
4967,918,convolutional neural network,1588971,0
4968,918,machine learning,1511175,3
4969,919,machine learning,1511175,3
4970,919,regression,1713358,3
4971,919,time estimation,1713358,3
4972,919,forms,1713358,3
4973,919,maskininlärning,1269787,0
4974,919,regression,1713358,3
4975,919,tidsestimering,1713358,3
4976,919,formulär,1713358,3
4977,920,clip,1853314,3
4978,920,machine learning,1511175,3
4979,920,sprite generation,1853314,3
4980,920,image generation,1853314,3
4980,920,image generation,1239446,0
4981,920,clip,1853314,3
4982,920,maskininlärning,1269787,0
4983,920,2d-karaktärsprites generation,1853314,3
4984,920,bildgeneration,1853314,3
4985,921,machine learning,1511175,3
4986,921,b2b,1901072,0
4987,921,industrial marketing,1118107,3
4988,921,pu-learning,1118107,3
4989,922,machine learning,1511175,3
4990,922,b2b,1901072,0
4991,922,industrial marketing,1118107,3
4992,922,pu-learning,1118107,3
4993,923,communication efficiency,945087,3
4994,923,air combat simulation,945087,3
4995,923,feature engineering,945087,3
4995,923,feature engineering,1597534,3
4995,923,feature engineering,1121059,0
4996,923,machine learning,1511175,3
4997,923,natural language processing,1589461,3
4997,923,natural language processing,927314,0
4997,923,natural language processing,1257845,0
4997,923,natural language processing,1116765,3
4998,924,machine learning,1511175,3
4999,924,glow,1888246,3
5000,924,virtual reality,1886755,0
5001,924,animation,871461,3
5002,924,generative models,1194112,0
5003,924,motion synthesis,1888246,3
5004,924,normalizing flow,1888246,3
5005,924,probabilistic models,1499133,3
5006,924,maskininlärning,1269787,0
5007,924,glow,1888246,3
5008,924,virtuell verklighet,1886755,0
5009,924,animation,871461,3
5010,924,generativa modeller,1888246,3
5011,924,rörelsesyntes,1888246,3
5012,924,normaliserande flöden,1634260,3
5013,924,probabilistiska modeller,1888246,3
5014,926,blockchain colored coins transport industry bitcoin smart-property,1116772,3
5015,927,information centric networking,1118874,3
5016,927,content centric networking,1118874,3
5017,927,disaster scenarios,1118874,3
5018,928,swiftui,1789094,3
5019,928,uikit,1789094,3
5020,928,performance analysis,1653815,3
5021,928,swiftui,1789094,3
5022,928,uikit,1789094,3
5023,928,prestationsanalys,1789094,3
5024,929,cybersecurity,1149047,0
5025,929,pagerank,1811242,3
5026,929,attack graphs,1710734,0
5027,929,threat analysis,1811242,3
5028,929,threat modelling,1845152,0
5028,929,threat modelling,838530,0
5029,929,cybersäkerhet,1596039,3
5030,929,pagerank,1811242,3
5031,929,attackgrafer,1811242,3
5032,929,hotanalys,1811242,3
5033,929,hotmodellering,1596039,3
5033,929,hotmodellering,1464458,0
5034,930,kotlin multiplatform mobile,1793389,3
5035,930,cross-platform,1793389,3
5036,930,native,1793389,3
5037,930,ios,1793389,3
5038,930,kotlin,1793389,3
5039,930,swift,1793389,3
5040,930,performance evaluation,1793389,3
5041,930,benchmarking,1778279,3
5042,930,mobile,1793389,3
5043,930,garbage collection,1793389,3
5044,930,kotlin multiplatform mobile,1793389,3
5045,930,plattformsoberoende,1793389,3
5046,930,native,1793389,3
5047,930,ios,1793389,3
5048,930,kotlin,1793389,3
5049,930,swift,1793389,3
5050,930,prestandautvärdering,1793389,3
5051,930,benchmarking,1778279,3
5052,930,mobil,1793389,3
5053,930,garbage collection,1793389,3
5054,931,web development,1789092,3
5055,931,bioinformatics pipelines,1789092,3
5056,931,precision medicine,1789092,3
5057,931,user-centred design,1886980,0
5057,931,user-centred design,1894302,0
5057,931,user-centred design,1789092,3
5057,931,user-centred design,1903663,0
5057,931,user-centred design,350387,0
5058,931,interface design,8449,0
5058,931,interface design,1789092,3
5059,932,event sourcing,1105278,3
5060,932,cqrs,1105278,3
5061,932,granularity,1253472,0
5062,932,event,1105278,3
5062,932,event,1188541,0
5063,932,slope one,811049,3
5064,932,recommender system,811049,3
5065,932,collaborative-filtering,811049,3
5066,932,netflix prize,811049,3
5067,933,enterprise architecture smell (ea smell),1616670,3
5068,933,enterprise architecture debt (ead),1616670,3
5069,933,software architecture smell (sa smell),1616670,3
5070,933,technical debt (td),1616670,3
5071,933,verksamhetsarkitektursröta,1616670,3
5072,933,verksamhetsarkitektursskuld,1616670,3
5073,933,mjukvaruarkitektursröta,1616670,3
5074,933,teknisk skuld,1616670,3
5075,933,slope one,811049,3
5076,933,recommender system,811049,3
5077,933,collaborative-filtering,811049,3
5078,933,netflix prize,811049,3
5079,936,ocr,1668626,3
5080,936,natural images,1108415,3
5080,936,natural images,1108666,3
5081,936,thresholding,1108666,3
5081,936,thresholding,1108666,3
5082,936,image segmentation,1808715,0
5083,936,k-means,898710,3
5084,936,otsu,1108666,3
5085,936,ocr,1668626,3
5086,936,naturliga bilder,1108415,3
5086,936,naturliga bilder,1108666,3
5087,936,otsu,1108666,3
5088,937,ocr,1668626,3
5089,937,natural images,1108415,3
5089,937,natural images,1108666,3
5090,937,thresholding,1108666,3
5090,937,thresholding,1108666,3
5091,937,image segmentation,1808715,0
5092,937,k-means,898710,3
5093,937,otsu,1108666,3
5094,937,ocr,1668626,3
5095,937,naturliga bilder,1108415,3
5095,937,naturliga bilder,1108666,3
5096,937,otsu,1108666,3
5097,938,pickup and delivery,1601097,3
5098,938,dial-a-ride,1601097,3
5099,938,dynamic,1241492,0
5100,938,order assignment,1601097,3
5101,938,large neighborhood search,1601097,3
5102,938,pickup and delivery,1601097,3
5103,938,dial-a-ride,1601097,3
5104,938,dynamisk,1241492,0
5105,938,tilldelning av beställningar,1601097,3
5106,938,large neighborhood search,1601097,3
5107,942,index,1014931,3
5108,942,data mining,1511175,3
5109,942,knowledge discovery in databases,1014931,3
5110,942,lucene.net,1014931,3
5111,942,inverted index,1014931,3
5112,942,index,1014931,3
5113,942,data utvinning,1014931,3
5114,942,kunskaps upptäckelse i databaser,1014931,3
5115,942,lucene.net,1014931,3
5116,942,inverterad index,1014931,3
5117,943,index,1014931,3
5118,943,data mining,1511175,3
5119,943,knowledge discovery in databases,1014931,3
5120,943,lucene.net,1014931,3
5121,943,inverted index,1014931,3
5122,943,index,1014931,3
5123,943,data utvinning,1014931,3
5124,943,kunskaps upptäckelse i databaser,1014931,3
5125,943,lucene.net,1014931,3
5126,943,inverterad index,1014931,3
5127,944,state machines,459653,3
5128,944,regular inference,459653,3
5129,944,verification,459653,3
5129,944,verification,114295,0
5129,944,verification,7202,0
5129,944,verification,1789914,0
5129,944,verification,957404,3
5130,944,integration,459653,3
5131,944,components,459653,3
5132,945,state machines,459653,3
5133,945,regular inference,459653,3
5134,945,verification,459653,3
5134,945,verification,114295,0
5134,945,verification,7202,0
5134,945,verification,1789914,0
5134,945,verification,957404,3
5135,945,integration,459653,3
5136,945,components,459653,3
5137,948,embodied conversational agents,1539659,3
5138,948,face threatening acts,1539659,3
5139,948,multi-modal perception,1539659,3
5140,948,persuasiveness,1539659,3
5141,948,politeness,1539659,3
5142,948,small group behavior,1539659,3
5143,948,daily lives,1539659,3
5144,948,face to face,1539659,3
5145,948,human agent interactions,1539659,3
5146,948,virtual agent,1539659,3
5147,948,intelligent virtual agents,1539659,3
5148,949,embodied conversational agents,1539659,3
5149,949,face threatening acts,1539659,3
5150,949,multi-modal perception,1539659,3
5151,949,persuasiveness,1539659,3
5152,949,politeness,1539659,3
5153,949,small group behavior,1539659,3
5154,949,daily lives,1539659,3
5155,949,face to face,1539659,3
5156,949,human agent interactions,1539659,3
5157,949,virtual agent,1539659,3
5158,949,intelligent virtual agents,1539659,3
5159,952,gesture generation,1663462,3
5160,952,neural networks,1194112,0
5160,952,neural networks,1320166,3
5161,952,speech synthesis,1761460,3
5162,952,piping systems,1663462,3
5163,952,neural-networks,1663462,3
5164,952,pipeline systems,1663462,3
5165,952,research applications,1663462,3
5166,952,research communities,1663462,3
5167,952,simple system,1663462,3
5168,952,single models,1663462,3
5169,952,state of the art,1663462,3
5170,952,system level pipelines,1663462,3
5171,952,text to speech,1663462,3
5172,952,water pipelines,1663462,3
5173,952,motion generation,1664509,3
5174,952,reinforcement learning,1882693,0
5175,952,referring actions,1664509,3
5176,952,pointing gestures,1664509,3
5177,952,human-robot interaction,1887991,0
5178,952,motion capture,1499133,3
5178,952,motion capture,1664509,3
5179,953,gesture generation,1663462,3
5180,953,neural networks,1194112,0
5180,953,neural networks,1320166,3
5181,953,speech synthesis,1761460,3
5182,953,piping systems,1663462,3
5183,953,neural-networks,1663462,3
5184,953,pipeline systems,1663462,3
5185,953,research applications,1663462,3
5186,953,research communities,1663462,3
5187,953,simple system,1663462,3
5188,953,single models,1663462,3
5189,953,state of the art,1663462,3
5190,953,system level pipelines,1663462,3
5191,953,text to speech,1663462,3
5192,953,water pipelines,1663462,3
5193,953,generative models,1194112,0
5194,953,machine learning,1511175,3
5195,953,normalising flows,1471598,3
5195,953,normalising flows,1563826,3
5196,953,glow,1888246,3
5197,953,footstep analysis,1471598,3
5198,953,data dropout,1471598,3
5199,953,statistical robustness,1563826,3
5200,953,student's t-distribution,1563826,3
5201,953,outliers,1563826,3
5202,953,resistant statistics,1563826,3
5203,953,generalisation,1563826,3
5204,953,wasp_publications,1499133,3
5205,953,ccs concepts,1499133,3
5206,953,computing methodologies,1499133,3
5207,953,motion capture,1499133,3
5207,953,motion capture,1664509,3
5208,953,animation,871461,3
5209,953,neural networks,1194112,0
5209,953,neural networks,1320166,3
5210,953,gestures,1499133,3
5211,953,motion capture,1499133,3
5211,953,motion capture,1664509,3
5212,953,data-driven animation,1499133,3
5213,953,character control,1499133,3
5214,953,probabilistic models,1499133,3
5215,953,wasp_publications,1499133,3
5216,953,motion generation,1664509,3
5217,953,reinforcement learning,1882693,0
5218,953,referring actions,1664509,3
5219,953,pointing gestures,1664509,3
5220,953,human-robot interaction,1887991,0
5221,954,gesture generation,1663462,3
5222,954,neural networks,1194112,0
5222,954,neural networks,1320166,3
5223,954,speech synthesis,1761460,3
5224,954,piping systems,1663462,3
5225,954,neural-networks,1663462,3
5226,954,pipeline systems,1663462,3
5227,954,research applications,1663462,3
5228,954,research communities,1663462,3
5229,954,simple system,1663462,3
5230,954,single models,1663462,3
5231,954,state of the art,1663462,3
5232,954,system level pipelines,1663462,3
5233,954,text to speech,1663462,3
5234,954,water pipelines,1663462,3
5235,954,speech synthesis,1761460,3
5236,954,prosodic control,1761460,3
5237,954,neuralhmm,1761460,3
5238,954,spontaneous speech,1761460,3
5239,954,creaky voice,1761460,3
5240,954,multi-party interactions,1585967,3
5241,954,non-verbal behaviors,1585967,3
5242,954,eye-gaze patterns,1585967,3
5243,954,head gestures,1585967,3
5244,954,human-robot interaction,1887991,0
5245,954,artificial listener,1585967,3
5246,954,social signal processing,1585967,3
5247,955,gesture generation,1663462,3
5248,955,neural networks,1194112,0
5248,955,neural networks,1320166,3
5249,955,speech synthesis,1761460,3
5250,955,piping systems,1663462,3
5251,955,neural-networks,1663462,3
5252,955,pipeline systems,1663462,3
5253,955,research applications,1663462,3
5254,955,research communities,1663462,3
5255,955,simple system,1663462,3
5256,955,single models,1663462,3
5257,955,state of the art,1663462,3
5258,955,system level pipelines,1663462,3
5259,955,text to speech,1663462,3
5260,955,water pipelines,1663462,3
5261,955,generative models,1194112,0
5262,955,machine learning,1511175,3
5263,955,normalising flows,1471598,3
5263,955,normalising flows,1563826,3
5264,955,glow,1888246,3
5265,955,footstep analysis,1471598,3
5266,955,data dropout,1471598,3
5267,955,ccs concepts,1499133,3
5268,955,computing methodologies,1499133,3
5269,955,motion capture,1499133,3
5269,955,motion capture,1664509,3
5270,955,animation,871461,3
5271,955,neural networks,1194112,0
5271,955,neural networks,1320166,3
5272,955,gestures,1499133,3
5273,955,motion capture,1499133,3
5273,955,motion capture,1664509,3
5274,955,data-driven animation,1499133,3
5275,955,character control,1499133,3
5276,955,probabilistic models,1499133,3
5277,955,wasp_publications,1499133,3
5278,955,motion generation,1664509,3
5279,955,reinforcement learning,1882693,0
5280,955,referring actions,1664509,3
5281,955,pointing gestures,1664509,3
5282,955,human-robot interaction,1887991,0
5283,956,gesture generation,1663462,3
5284,956,neural networks,1194112,0
5284,956,neural networks,1320166,3
5285,956,speech synthesis,1761460,3
5286,956,piping systems,1663462,3
5287,956,neural-networks,1663462,3
5288,956,pipeline systems,1663462,3
5289,956,research applications,1663462,3
5290,956,research communities,1663462,3
5291,956,simple system,1663462,3
5292,956,single models,1663462,3
5293,956,state of the art,1663462,3
5294,956,system level pipelines,1663462,3
5295,956,text to speech,1663462,3
5296,956,water pipelines,1663462,3
5297,956,generative models,1194112,0
5298,956,machine learning,1511175,3
5299,956,normalising flows,1471598,3
5299,956,normalising flows,1563826,3
5300,956,glow,1888246,3
5301,956,footstep analysis,1471598,3
5302,956,data dropout,1471598,3
5303,956,speech synthesis,1761460,3
5304,956,prosodic control,1761460,3
5305,956,neuralhmm,1761460,3
5306,956,spontaneous speech,1761460,3
5307,956,creaky voice,1761460,3
5308,956,statistical robustness,1563826,3
5309,956,student's t-distribution,1563826,3
5310,956,outliers,1563826,3
5311,956,resistant statistics,1563826,3
5312,956,generalisation,1563826,3
5313,956,wasp_publications,1499133,3
5314,956,ccs concepts,1499133,3
5315,956,computing methodologies,1499133,3
5316,956,motion capture,1499133,3
5316,956,motion capture,1664509,3
5317,956,animation,871461,3
5318,956,neural networks,1194112,0
5318,956,neural networks,1320166,3
5319,956,gestures,1499133,3
5320,956,motion capture,1499133,3
5320,956,motion capture,1664509,3
5321,956,data-driven animation,1499133,3
5322,956,character control,1499133,3
5323,956,probabilistic models,1499133,3
5324,956,wasp_publications,1499133,3
5325,957,gesture generation,1663462,3
5326,957,neural networks,1194112,0
5326,957,neural networks,1320166,3
5327,957,speech synthesis,1761460,3
5328,957,piping systems,1663462,3
5329,957,neural-networks,1663462,3
5330,957,pipeline systems,1663462,3
5331,957,research applications,1663462,3
5332,957,research communities,1663462,3
5333,957,simple system,1663462,3
5334,957,single models,1663462,3
5335,957,state of the art,1663462,3
5336,957,system level pipelines,1663462,3
5337,957,text to speech,1663462,3
5338,957,water pipelines,1663462,3
5339,957,speech synthesis,1761460,3
5340,957,prosodic control,1761460,3
5341,957,neuralhmm,1761460,3
5342,957,spontaneous speech,1761460,3
5343,957,creaky voice,1761460,3
5344,958,digitalization,1530904,3
5345,958,information management,1530904,3
5346,958,internet of logistics,1530904,3
5347,958,shift2rail,1530904,3
5348,959,digitalization,1530904,3
5349,959,information management,1530904,3
5350,959,internet of logistics,1530904,3
5351,959,shift2rail,1530904,3
5352,960,digitalization,1530904,3
5353,960,information management,1530904,3
5354,960,internet of logistics,1530904,3
5355,960,shift2rail,1530904,3
5356,961,digitalization,1530904,3
5357,961,information management,1530904,3
5358,961,internet of logistics,1530904,3
5359,961,shift2rail,1530904,3
5360,962,digitalization,1530904,3
5361,962,information management,1530904,3
5362,962,internet of logistics,1530904,3
5363,962,shift2rail,1530904,3
5364,963,digitalization,1530904,3
5365,963,information management,1530904,3
5366,963,internet of logistics,1530904,3
5367,963,shift2rail,1530904,3
5368,964,striatum,218751,0
5368,964,striatum,1087783,3
5369,964,fast-spiking interneurons,1087783,3
5370,964,network oscillations,1087783,3
5371,964,medium spiny neurons,1087783,3
5372,964,gabaergic transmission,1087783,3
5373,964,corticostriatal interactions,1087783,3
5374,965,striatum,218751,0
5374,965,striatum,1087783,3
5375,965,fast-spiking interneurons,1087783,3
5376,965,network oscillations,1087783,3
5377,965,medium spiny neurons,1087783,3
5378,965,gabaergic transmission,1087783,3
5379,965,corticostriatal interactions,1087783,3
5380,966,striatum,218751,0
5380,966,striatum,1087783,3
5381,966,fast-spiking interneurons,1087783,3
5382,966,network oscillations,1087783,3
5383,966,medium spiny neurons,1087783,3
5384,966,gabaergic transmission,1087783,3
5385,966,corticostriatal interactions,1087783,3
5386,967,machine learning,1511175,3
5387,967,time series classification,1913441,0
5388,967,transformers,1885510,0
5389,967,gated recurrent unit,1757497,3
5389,967,gated recurrent unit,1632685,0
5389,967,gated recurrent unit,1632685,0
5390,967,venture capital,1789912,0
5391,967,maskininlärning,1269787,0
5392,967,tidsseriesklassifiering,1757497,3
5393,967,transformer,1640134,0
5394,967,gated recurrent unit,1757497,3
5394,967,gated recurrent unit,1632685,0
5394,967,gated recurrent unit,1632685,0
5395,967,riskkapital,1789912,0
5396,967,sign language interpretation,1687996,3
5397,967,convolutional neural networks,1464537,3
5398,967,transfer learning,1750932,0
5398,967,transfer learning,1687996,3
5398,967,transfer learning,1242627,3
5399,968,image analysis,473366,3
5400,968,age prediction,1695605,3
5401,968,mammography,1695605,3
5402,968,breast cancer,1695605,3
5402,968,breast cancer,1597512,3
5403,968,convolutional neural networks.,1695605,3
5404,968,bildbehandling,1164171,0
5405,968,åldersbedömning,1695605,3
5406,968,mammografi,1695605,3
5407,968,bröstcancer,1695605,3
5408,968,convolutional neural networks.,1695605,3
5409,968,sign language interpretation,1687996,3
5410,968,machine learning,1511175,3
5411,968,convolutional neural networks,1464537,3
5412,968,transfer learning,1750932,0
5412,968,transfer learning,1687996,3
5412,968,transfer learning,1242627,3
5413,969,sign language interpretation,1687996,3
5414,969,machine learning,1511175,3
5415,969,convolutional neural networks,1464537,3
5416,969,transfer learning,1750932,0
5416,969,transfer learning,1687996,3
5416,969,transfer learning,1242627,3
5417,969,sbom,1823042,3
5418,969,software supply chain,1903823,0
5418,969,software supply chain,1823042,3
5419,970,sign language interpretation,1687996,3
5420,970,machine learning,1511175,3
5421,970,convolutional neural networks,1464537,3
5422,970,transfer learning,1750932,0
5422,970,transfer learning,1687996,3
5422,970,transfer learning,1242627,3
5423,970,sbom,1823042,3
5424,970,software supply chain,1903823,0
5424,970,software supply chain,1823042,3
5425,972,databases,1579745,3
5426,972,nosql,1230567,3
5427,972,geospatial,1230567,3
5427,972,geospatial,849697,3
5428,972,gis,1230567,3
5429,975,machine learning,1511175,3
5430,975,radar,1613536,0
5430,975,radar,1278712,3
5430,975,radar,1278712,3
5431,975,radar pulses,1278712,3
5432,975,radar signals,1278712,3
5433,975,pulseradar,1278712,3
5434,975,pulse repetition interval,1278712,3
5435,975,modulation,1278712,3
5435,975,modulation,1172550,0
5436,975,classification,1118354,0
5436,975,classification,1278712,3
5436,975,classification,1857944,3
5436,975,classification,473385,3
5436,975,classification,971649,0
5436,975,classification,1118387,3
5437,975,lstm,1188541,0
5438,975,long short term memory,1278712,3
5438,975,long short term memory,1278712,3
5439,975,feature extraction,1705258,0
5439,975,feature extraction,943470,3
5439,975,feature extraction,552336,0
5439,975,feature extraction,1278712,3
5440,975,saab,1278712,3
5440,975,saab,1278712,3
5441,975,ai,1216455,3
5441,975,ai,1241148,3
5441,975,ai,1241148,3
5441,975,ai,908072,0
5441,975,ai,908072,0
5441,975,ai,1278712,3
5441,975,ai,1278712,3
5442,975,artifical intelligence,1278712,3
5443,975,radar warning receiver,1239780,0
5443,975,radar warning receiver,1278712,3
5444,975,rwr,1278712,3
5444,975,rwr,1278712,3
5445,975,neural network,811087,3
5445,975,neural network,1188541,0
5446,975,maskininlärning,1269787,0
5447,975,radarpulser,1278712,3
5448,975,radar signaler,1278712,3
5449,975,pulsradar,1278712,3
5450,975,pulsrepetitionsintervall,1278712,3
5451,975,modulationstyp,1278712,3
5452,975,modulering,1278712,3
5453,975,klassificering,1894305,0
5453,975,klassificering,1278712,3
5454,975,lstm,1188541,0
5455,975,särdrag,1278712,3
5456,975,artificiell intelligens,1853540,3
5457,975,radarvarnare,1278712,3
5458,975,neuralt nätverk,1707448,0
5458,975,neuralt nätverk,1278712,3
5459,981,program verification,1265405,3
5460,981,software engineering,1685851,3
5461,981,concurrent programming,1228223,3
5462,981,model checking,524550,3
5462,981,model checking,1847464,0
5463,981,software model checking,1228223,3
5464,982,concurrent static analysis,1121249,3
5465,982,ifds algorithm,1121249,3
5466,982,reactive async,1121249,3
5467,984,text classification,1613852,0
5468,984,machine learning,1511175,3
5469,984,song lyrics,1228997,3
5470,984,music,1941305,0
5470,984,music,931547,0
5470,984,music,774961,3
5470,984,music,1116701,3
5471,987,nin network in convolutional investigating neural artificial computer vision,927067,3
5472,988,nin network in convolutional investigating neural artificial computer vision,927067,3
5473,993,event stream processing,1773921,3
5474,993,data management,1773921,3
5475,993,distributed systems,938613,0
5475,993,distributed systems,1093416,3
5476,993,eventströmshantering,1773921,3
5477,993,data hantering,1773921,3
5478,993,distribuerade system,1773921,3
5478,993,distribuerade system,1093416,3
5479,994,event stream processing,1773921,3
5480,994,data management,1773921,3
5481,994,distributed systems,938613,0
5481,994,distributed systems,1093416,3
5482,994,eventströmshantering,1773921,3
5483,994,data hantering,1773921,3
5484,994,distribuerade system,1773921,3
5484,994,distribuerade system,1093416,3
5485,995,alzheimer's disease,1217973,3
5486,995,mild cognitive impairment,1217973,3
5487,995,machine learning,1511175,3
5488,995,microbiota,1217973,3
5489,995,gut flora,1217973,3
5490,995,bile acids,1217973,3
5491,995,adni,1217973,3
5492,995,classification,1118354,0
5492,995,classification,1278712,3
5492,995,classification,1857944,3
5492,995,classification,473385,3
5492,995,classification,971649,0
5492,995,classification,1118387,3
5493,995,metabolomics,1217973,3
5494,995,alzheimers sjukdom,1217973,3
5495,995,mild kognitiv störning,1217973,3
5496,995,maskininlärning,1269787,0
5497,995,tarmflora,1217973,3
5498,995,gallsyra,1217973,3
5499,995,adni,1217973,3
5500,995,klassificering,1894305,0
5500,995,klassificering,1278712,3
5501,996,alzheimer's disease,1217973,3
5502,996,mild cognitive impairment,1217973,3
5503,996,machine learning,1511175,3
5504,996,microbiota,1217973,3
5505,996,gut flora,1217973,3
5506,996,bile acids,1217973,3
5507,996,adni,1217973,3
5508,996,classification,1118354,0
5508,996,classification,1278712,3
5508,996,classification,1857944,3
5508,996,classification,473385,3
5508,996,classification,971649,0
5508,996,classification,1118387,3
5509,996,metabolomics,1217973,3
5510,996,alzheimers sjukdom,1217973,3
5511,996,mild kognitiv störning,1217973,3
5512,996,maskininlärning,1269787,0
5513,996,tarmflora,1217973,3
5514,996,gallsyra,1217973,3
5515,996,adni,1217973,3
5516,996,klassificering,1894305,0
5516,996,klassificering,1278712,3
5517,997,multi-agent games,1700117,3
5518,997,imperfect information,1700117,3
5519,997,strategy synthesis,1700117,3
5520,997,structural conditions,1700117,3
5521,997,fleragentsspel,1700117,3
5522,997,ofullständig information,1700117,3
5523,997,strategisyntes,1700117,3
5524,997,strukturella villkor,1700117,3
5525,998,multi-agent games,1700117,3
5526,998,imperfect information,1700117,3
5527,998,strategy synthesis,1700117,3
5528,998,structural conditions,1700117,3
5529,998,fleragentsspel,1700117,3
5530,998,ofullständig information,1700117,3
5531,998,strategisyntes,1700117,3
5532,998,strukturella villkor,1700117,3
5533,1001,machine learning unit test software defect prediction continuous integration,1239808,3
5534,1002,machine learning,1511175,3
5535,1002,deep learning,1712831,0
5536,1002,computer vision,1269787,0
5536,1002,computer vision,847992,0
5537,1002,keypoints,1238488,3
5538,1002,interest points,1238488,3
5539,1002,features,1238488,3
5540,1002,homography,1238488,3
5541,1003,iterated prisoner’s dilemma (ipd),1906601,3
5542,1003,game theory,1616628,0
5543,1003,noise,1797607,3
5544,1003,number of rounds,1906601,3
5545,1003,zero-deterministic strategies,1906601,3
5546,1003,iterativt prisoner’s dilemma (ipd),1906601,3
5547,1003,spelteori,1906601,3
5548,1003,noise,1797607,3
5549,1003,antal omgångar,1906601,3
5550,1003,zero-deterministiska strategier,1906601,3
5551,1004,iterated prisoner’s dilemma (ipd),1906601,3
5552,1004,game theory,1616628,0
5553,1004,noise,1797607,3
5554,1004,number of rounds,1906601,3
5555,1004,zero-deterministic strategies,1906601,3
5556,1004,iterativt prisoner’s dilemma (ipd),1906601,3
5557,1004,spelteori,1906601,3
5558,1004,noise,1797607,3
5559,1004,antal omgångar,1906601,3
5560,1004,zero-deterministiska strategier,1906601,3
5561,1005,cloud computing,1359662,0
5562,1005,distributed systems,938613,0
5562,1005,distributed systems,1093416,3
5563,1005,configuration management,1884557,0
5563,1005,configuration management,1333347,3
5564,1005,orchestration,1333347,3
5565,1005,cloud computing,1359662,0
5566,1005,functional programming,1333336,3
5567,1005,elasticity,1333336,3
5568,1005,auto-scaling,1804293,0
5569,1005,feedback control loop,1333336,3
5570,1006,cloud computing,1359662,0
5571,1006,distributed systems,938613,0
5571,1006,distributed systems,1093416,3
5572,1006,configuration management,1884557,0
5572,1006,configuration management,1333347,3
5573,1006,orchestration,1333347,3
5574,1006,cloud computing,1359662,0
5575,1006,functional programming,1333336,3
5576,1006,elasticity,1333336,3
5577,1006,auto-scaling,1804293,0
5578,1006,feedback control loop,1333336,3
5579,1006,ablation studies,1941572,3
5580,1006,deep learning,1712831,0
5581,1006,feature ablation,1941572,3
5582,1006,model ablation,1941572,3
5583,1006,large language models,1941572,3
5584,1007,knowledge base,943456,3
5585,1007,back-end implementation,943456,3
5586,1007,possible front-end implementations and uses,943456,3
5587,1008,knowledge base,943456,3
5588,1008,back-end implementation,943456,3
5589,1008,possible front-end implementations and uses,943456,3
5590,1010,machine learning,1511175,3
5591,1010,optimization,1749284,0
5591,1010,optimization,114287,0
5592,1010,non-convex,1355470,3
5593,1010,data compression,1355470,3
5594,1011,machine learning,1511175,3
5595,1011,optimization,1749284,0
5595,1011,optimization,114287,0
5596,1011,non-convex,1355470,3
5597,1011,data compression,1355470,3
5598,1012,machine learning,1511175,3
5599,1012,optimization,1749284,0
5599,1012,optimization,114287,0
5600,1012,non-convex,1355470,3
5601,1012,data compression,1355470,3
5602,1012,cross-layer interaction,676156,3
5603,1012,expected transmission counts,676156,3
5604,1012,ieee 802.15.4 macs,676156,3
5605,1012,medium access control(mac),676156,3
5606,1012,network lifetime,676156,3
5607,1012,reliability constraints,676156,3
5608,1012,routing approach,676156,3
5609,1012,routing metrics,676156,3
5610,1012,low power electronics,676156,3
5611,1012,medium access control,1512016,3
5612,1012,standards,676156,3
5613,1012,network routing,676156,3
5614,1013,software sontracts,1840268,3
5615,1013,contract-based design,1840268,3
5616,1013,formal verification,1821827,3
5616,1013,formal verification,957404,3
5617,1013,deductive verification,1853056,3
5617,1013,deductive verification,1847464,0
5618,1013,contract inference,1604617,0
5619,1013,program instrumentation,1840268,3
5620,1013,embedded software,1149047,0
5621,1013,embedded systems,1512016,3
5622,1013,frama-c,1840268,3
5623,1013,verification,459653,3
5623,1013,verification,114295,0
5623,1013,verification,7202,0
5623,1013,verification,1789914,0
5623,1013,verification,957404,3
5624,1013,functional requirements,957404,3
5625,1013,embedded,957404,3
5626,1013,automotive,1613886,0
5626,1013,automotive,957404,3
5627,1013,c,957404,3
5628,1017,sound absorption,1605986,3
5629,1017,in-situ measurement,1605986,3
5630,1017,convolutional neural networks,1464537,3
5631,1017,finite size effect,1605986,3
5632,1017,delany– bazley–miki model,1605986,3
5633,1018,sound absorption,1605986,3
5634,1018,in-situ measurement,1605986,3
5635,1018,convolutional neural networks,1464537,3
5636,1018,finite size effect,1605986,3
5637,1018,delany– bazley–miki model,1605986,3
5638,1019,sound absorption,1605986,3
5639,1019,in-situ measurement,1605986,3
5640,1019,convolutional neural networks,1464537,3
5641,1019,finite size effect,1605986,3
5642,1019,delany– bazley–miki model,1605986,3
5643,1020,sound absorption,1605986,3
5644,1020,in-situ measurement,1605986,3
5645,1020,convolutional neural networks,1464537,3
5646,1020,finite size effect,1605986,3
5647,1020,delany– bazley–miki model,1605986,3
5648,1020,eigenfrequencies,1707141,3
5649,1020,room acoustics,1707141,3
5650,1020,machine learning,1511175,3
5651,1021,sound absorption,1605986,3
5652,1021,in-situ measurement,1605986,3
5653,1021,convolutional neural networks,1464537,3
5654,1021,finite size effect,1605986,3
5655,1021,delany– bazley–miki model,1605986,3
5656,1021,eigenfrequencies,1707141,3
5657,1021,room acoustics,1707141,3
5658,1021,machine learning,1511175,3
5659,1025,generalization,1905784,0
5660,1025,information-theoretic bounds,1848094,3
5661,1029,cloud computing,1359662,0
5662,1029,data centers,1499219,3
5662,1029,data centers,1608645,3
5663,1029,distributed file systems,1608645,3
5664,1029,storage systems,1608645,3
5665,1029,operating systems,1608645,3
5665,1029,operating systems,1164148,0
5666,1029,networking,1897043,0
5666,1029,networking,1371780,2
5667,1030,cloud computing,1359662,0
5668,1030,data centers,1499219,3
5668,1030,data centers,1608645,3
5669,1030,distributed file systems,1608645,3
5670,1030,storage systems,1608645,3
5671,1030,operating systems,1608645,3
5671,1030,operating systems,1164148,0
5672,1030,networking,1897043,0
5672,1030,networking,1371780,2
5673,1034,multi-armed bandits,737623,3
5674,1035,multi-armed bandits,737623,3
5675,1036,datalogi,7412,0
5676,1036,datalogi,7412,0
5677,1036,motion,473428,3
5677,1036,motion,473627,3
5677,1036,motion,466293,3
5677,1036,motion,335153,3
5677,1036,motion,465689,3
5677,1036,motion,465018,3
5678,1036,local features,335153,3
5679,1036,motion descriptors,335153,3
5680,1036,matching,443263,3
5680,1036,matching,335153,3
5680,1036,matching,465689,3
5681,1036,velocity adaptation,335153,3
5682,1036,action recognition,862363,0
5682,1036,action recognition,335153,3
5683,1036,learning,1599676,3
5683,1036,learning,1476655,0
5683,1036,learning,1659470,0
5684,1036,svm,846825,0
5685,1036,human movement,335153,3
5686,1036,representation,335153,3
5686,1036,representation,338468,3
5687,1036,scale,1144192,3
5688,1037,motion,473428,3
5688,1037,motion,473627,3
5688,1037,motion,466293,3
5688,1037,motion,335153,3
5688,1037,motion,465689,3
5688,1037,motion,465018,3
5689,1037,local features,335153,3
5690,1037,motion descriptors,335153,3
5691,1037,matching,443263,3
5691,1037,matching,335153,3
5691,1037,matching,465689,3
5692,1037,velocity adaptation,335153,3
5693,1037,action recognition,862363,0
5693,1037,action recognition,335153,3
5694,1037,learning,1599676,3
5694,1037,learning,1476655,0
5694,1037,learning,1659470,0
5695,1037,svm,846825,0
5696,1037,human movement,335153,3
5697,1037,representation,335153,3
5697,1037,representation,338468,3
5698,1037,scale,1144192,3
5699,1039,human computer interaction,1599143,3
5699,1039,human computer interaction,1812269,0
5700,1039,hci,798493,0
5701,1039,usability,134361,0
5702,1039,education,1599676,3
5703,1039,navigation,1181154,0
5703,1039,navigation,1599143,3
5703,1039,navigation,1599143,3
5704,1039,lostness,1599143,3
5705,1039,finding information,1599143,3
5706,1039,bachelor’s thesis,1797607,3
5707,1039,remote learning,1599143,3
5707,1039,remote learning,1599143,3
5708,1039,learning management systems,1599143,3
5709,1039,lms,1599143,3
5710,1039,online learning,1307122,0
5711,1039,människa- datorinteraktion,1599143,3
5712,1039,mdi,1702702,0
5713,1039,användbarhet,1892786,0
5714,1039,utbildning,1599676,3
5715,1039,vilsenhet,1599143,3
5716,1039,hitta information,1599143,3
5717,1039,kandidatexamensarbete,1797607,3
5718,1039,distansutbildning,1599143,3
5719,1039,utbildningsplattform,1599143,3
5720,1039,lärplattform,1599143,3
5721,1040,human computer interaction,1599143,3
5721,1040,human computer interaction,1812269,0
5722,1040,hci,798493,0
5723,1040,usability,134361,0
5724,1040,education,1599676,3
5725,1040,navigation,1181154,0
5725,1040,navigation,1599143,3
5725,1040,navigation,1599143,3
5726,1040,lostness,1599143,3
5727,1040,finding information,1599143,3
5728,1040,bachelor’s thesis,1797607,3
5729,1040,remote learning,1599143,3
5729,1040,remote learning,1599143,3
5730,1040,learning management systems,1599143,3
5731,1040,lms,1599143,3
5732,1040,online learning,1307122,0
5733,1040,människa- datorinteraktion,1599143,3
5734,1040,mdi,1702702,0
5735,1040,användbarhet,1892786,0
5736,1040,utbildning,1599676,3
5737,1040,vilsenhet,1599143,3
5738,1040,hitta information,1599143,3
5739,1040,kandidatexamensarbete,1797607,3
5740,1040,distansutbildning,1599143,3
5741,1040,utbildningsplattform,1599143,3
5742,1040,lärplattform,1599143,3
5743,1043,computer vision,1269787,0
5743,1043,computer vision,847992,0
5744,1043,deep learning,1712831,0
5745,1043,model compression,1851707,0
5746,1043,transfer learning,1750932,0
5746,1043,transfer learning,1687996,3
5746,1043,transfer learning,1242627,3
5747,1045,machine learning music,1061742,3
5748,1047,cross-layer interaction,676156,3
5749,1047,expected transmission counts,676156,3
5750,1047,ieee 802.15.4 macs,676156,3
5751,1047,medium access control(mac),676156,3
5752,1047,network lifetime,676156,3
5753,1047,reliability constraints,676156,3
5754,1047,routing approach,676156,3
5755,1047,routing metrics,676156,3
5756,1047,low power electronics,676156,3
5757,1047,medium access control,1512016,3
5758,1047,standards,676156,3
5759,1047,network routing,676156,3
5760,1048,cross-layer interaction,676156,3
5761,1048,expected transmission counts,676156,3
5762,1048,ieee 802.15.4 macs,676156,3
5763,1048,medium access control(mac),676156,3
5764,1048,network lifetime,676156,3
5765,1048,reliability constraints,676156,3
5766,1048,routing approach,676156,3
5767,1048,routing metrics,676156,3
5768,1048,low power electronics,676156,3
5769,1048,medium access control,1512016,3
5770,1048,standards,676156,3
5771,1048,network routing,676156,3
5772,1049,cross-layer interaction,676156,3
5773,1049,expected transmission counts,676156,3
5774,1049,ieee 802.15.4 macs,676156,3
5775,1049,medium access control(mac),676156,3
5776,1049,network lifetime,676156,3
5777,1049,reliability constraints,676156,3
5778,1049,routing approach,676156,3
5779,1049,routing metrics,676156,3
5780,1049,low power electronics,676156,3
5781,1049,medium access control,1512016,3
5782,1049,standards,676156,3
5783,1049,network routing,676156,3
5784,1054,travel diary automation,930577,3
5785,1054,trajectory segmentation,930577,3
5785,1054,trajectory segmentation,1204245,3
5786,1054,travel data collection,930577,3
5787,1054,travel diary collection system evaluation and comparison,930577,3
5788,1054,continuous model evaluation,916117,3
5789,1054,transportation mode segmentation and detection,916117,3
5790,1054,trajectory data mining,916117,3
5791,1054,error analysis,909470,3
5792,1054,interval algebra,916117,3
5793,1054,multiple day travel diary collection,1204245,3
5794,1054,travel mode destination and purpose inference,1204245,3
5795,1054,travel diary collection system comparison,1204245,3
5796,1054,travel pattern stability and variability over time,1204245,3
5797,1054,battery conscious,794679,3
5798,1054,data collection,794679,3
5799,1054,location and accelerometer data fusion,794679,3
5800,1054,location awareness,794679,3
5801,1054,location tracking,794679,3
5802,1054,movement,794679,3
5803,1054,smartphones,794679,3
5804,1055,continuous model evaluation,916117,3
5805,1055,transportation mode segmentation and detection,916117,3
5806,1055,trajectory data mining,916117,3
5807,1055,error analysis,909470,3
5808,1055,interval algebra,916117,3
5809,1055,battery conscious,794679,3
5810,1055,data collection,794679,3
5811,1055,location and accelerometer data fusion,794679,3
5812,1055,location awareness,794679,3
5813,1055,location tracking,794679,3
5814,1055,movement,794679,3
5815,1055,smartphones,794679,3
5816,1058,sudoku,812042,3
5817,1058,comparison,1774212,3
5817,1058,comparison,812042,3
5818,1058,solving,812042,3
5819,1059,sudoku,812042,3
5820,1059,comparison,1774212,3
5820,1059,comparison,812042,3
5821,1059,solving,812042,3
5822,1060,java streams,1783234,3
5823,1060,performance,1778279,3
5824,1060,benchmarking,1778279,3
5825,1060,loops,1783234,3
5826,1060,functional programming,1333336,3
5827,1060,java streams,1783234,3
5828,1060,prestanda,1778279,3
5829,1060,loopar,1783234,3
5830,1060,funktionell programmering,1841112,3
5831,1066,neural networks,1194112,0
5831,1066,neural networks,1320166,3
5832,1066,machine learning,1511175,3
5833,1066,primary care,1230985,3
5834,1066,linear regression,1784229,0
5834,1066,linear regression,1180843,0
5835,1066,linear discriminant analysis,1230985,3
5836,1066,consultation duration,1230985,3
5837,1066,digital primary care,1230985,3
5838,1068,query expansion,1243318,3
5839,1068,search engine,1118011,3
5839,1068,search engine,1710603,0
5839,1068,search engine,798493,0
5839,1068,search engine,1243318,3
5840,1068,elasticsearch,1243318,3
5841,1068,clickstream,1243318,3
5842,1070,elasticity,1333336,3
5843,1070,service chains,1579775,3
5843,1070,service chains,1184756,3
5844,1070,hardware offloading,1579775,3
5845,1070,accurate dispatching,1579775,3
5846,1070,100 gbe,1579775,3
5847,1070,load balancing,1512016,3
5848,1070,tagging,1579775,3
5849,1070,blackboxes,1579775,3
5850,1070,nfv,1184756,3
5851,1070,nfv,1184756,3
5852,1070,offloading,1184756,3
5853,1070,hardware dispatching,1184756,3
5854,1070,high performance,1184756,3
5855,1070,networking,1897043,0
5855,1070,networking,1371780,3
5856,1070,load-balancing,1639274,0
5856,1070,load-balancing,1371780,3
5857,1070,packet scheduling,1371780,3
5858,1070,high-speed networking,1371780,3
5859,1070,intra-server load-balancing,1371780,3
5860,1070,receive side scaling,1371780,3
5861,1070,network function virtualization,1371780,3
5862,1070,rss++,1371780,3
5863,1071,elasticity,1333336,3
5864,1071,service chains,1579775,3
5864,1071,service chains,1184756,3
5865,1071,hardware offloading,1579775,3
5866,1071,accurate dispatching,1579775,3
5867,1071,100 gbe,1579775,3
5868,1071,load balancing,1512016,3
5869,1071,tagging,1579775,3
5870,1071,blackboxes,1579775,3
5871,1071,nfv,1184756,3
5872,1071,nfv,1184756,3
5873,1071,offloading,1184756,3
5874,1071,hardware dispatching,1184756,3
5875,1071,high performance,1184756,3
5876,1072,soc,1368718,3
5877,1072,siem,1703746,3
5878,1072,sim,1774224,0
5879,1072,sem,1703746,3
5880,1072,virtual soc,1703746,3
5881,1072,on-site soc,1703746,3
5882,1072,modern soc,1703746,3
5883,1072,traditional soc,1703746,3
5884,1072,soc,1368718,3
5885,1072,siem,1703746,3
5886,1072,sim,1774224,0
5887,1072,sem,1703746,3
5888,1072,virtuell soc,1703746,3
5889,1072,on-site soc,1703746,3
5890,1072,modern soc,1703746,3
5891,1072,traditionell soc,1703746,3
5892,1073,soc,1368718,3
5893,1073,siem,1703746,3
5894,1073,sim,1774224,0
5895,1073,sem,1703746,3
5896,1073,virtual soc,1703746,3
5897,1073,on-site soc,1703746,3
5898,1073,modern soc,1703746,3
5899,1073,traditional soc,1703746,3
5900,1073,soc,1368718,3
5901,1073,siem,1703746,3
5902,1073,sim,1774224,0
5903,1073,sem,1703746,3
5904,1073,virtuell soc,1703746,3
5905,1073,on-site soc,1703746,3
5906,1073,modern soc,1703746,3
5907,1073,traditionell soc,1703746,3
5908,1076,software-dened networking,756406,3
5909,1076,reliability,1870945,0
5910,1076,openflow,756406,3
5911,1077,monte carlo,1703214,3
5911,1077,monte carlo,1241557,0
5911,1077,monte carlo,1214365,3
5911,1077,monte carlo,1214365,3
5912,1077,simulations,956287,0
5912,1077,simulations,552449,0
5912,1077,simulations,1214365,3
5912,1077,simulations,925056,3
5913,1077,finance,1885510,0
5914,1077,modelling,485806,3
5914,1077,modelling,1214365,3
5915,1077,geometric brownian motion,1214365,3
5915,1077,geometric brownian motion,1214365,3
5916,1077,random walks,1214365,3
5916,1077,random walks,1214365,3
5917,1077,stock prices,1214365,3
5918,1077,probability theory,1214365,3
5919,1077,simuleringar,1214365,3
5920,1077,finans,1885510,0
5921,1077,modellering,1215836,3
5922,1077,aktiekurser,1214365,3
5923,1077,sannolikhetsteori,1214365,3
5924,1078,monte carlo,1703214,3
5924,1078,monte carlo,1241557,0
5924,1078,monte carlo,1214365,3
5924,1078,monte carlo,1214365,3
5925,1078,simulations,956287,0
5925,1078,simulations,552449,0
5925,1078,simulations,1214365,3
5925,1078,simulations,925056,3
5926,1078,finance,1885510,0
5927,1078,modelling,485806,3
5927,1078,modelling,1214365,3
5928,1078,geometric brownian motion,1214365,3
5928,1078,geometric brownian motion,1214365,3
5929,1078,random walks,1214365,3
5929,1078,random walks,1214365,3
5930,1078,stock prices,1214365,3
5931,1078,probability theory,1214365,3
5932,1078,simuleringar,1214365,3
5933,1078,finans,1885510,0
5934,1078,modellering,1215836,3
5935,1078,aktiekurser,1214365,3
5936,1078,sannolikhetsteori,1214365,3
5937,1079,modeling,1215836,3
5938,1079,simulations,956287,0
5938,1079,simulations,552449,0
5938,1079,simulations,1214365,3
5938,1079,simulations,925056,3
5939,1079,equations,925056,3
5940,1079,robotic arm,925056,3
5941,1083,transformation language,1238485,3
5942,1083,json,1792957,3
5943,1083,xml,1238485,3
5944,1083,expressive power,1238485,3
5945,1084,vowel-vowel utterances,1471890,3
5946,1084,biomechanical model,1263713,3
5946,1084,biomechanical model,1471890,3
5947,1084,acoustic model,1263713,3
5947,1084,acoustic model,1471890,3
5948,1084,voice production,1471890,3
5949,1084,finite element method,971288,3
5950,1084,speech production,1263713,3
5950,1084,speech production,971288,3
5951,1084,biomechanical articulatory model,971288,3
5952,1084,vocal tract geometry,971288,3
5953,1084,vocal tract acoustics,971288,3
5954,1084,finite element method,971288,3
5955,1085,speech production,1263713,3
5955,1085,speech production,971288,3
5956,1085,biomechanical articulatory model,971288,3
5957,1085,vocal tract geometry,971288,3
5958,1085,vocal tract acoustics,971288,3
5959,1085,finite element method,971288,3
5960,1088,web applications,1230123,0
5961,1088,design by contract,1649497,3
5962,1088,generative testing,1649497,3
5963,1088,reliability,1870945,0
5964,1088,clojure,806620,0
5965,1088,webbapplikationer,1649497,3
5966,1088,kontrakt,1649497,3
5967,1088,automatisk testning,1649497,3
5968,1088,pålitlighet,1870945,0
5969,1088,clojure,806620,0
5970,1104,semantic integration,1200633,3
5971,1104,data integration,1200633,3
5972,1104,artificial neural networks,1231223,0
5972,1104,artificial neural networks,846386,0
5972,1104,artificial neural networks,1200633,3
5972,1104,artificial neural networks,1632685,0
5973,1104,agglomerative hierarchical clustering,1200633,3
5974,1104,heterogeneous databases,1200633,3
5975,1104,relational data,1200633,3
5976,1108,sbvr,808215,3
5977,1108,business rules,808215,3
5978,1108,nlis to databases,808215,3
5979,1109,epistemic logic,12265,3
5980,1109,first-order logic,12265,3
5981,1109,formal cryptography,12265,3
5982,1109,static equivalence,12265,3
5983,1109,security protocols,12265,3
5984,1109,ban logic,12265,3
5985,1109,multi-agent system,1713716,0
5985,1109,multi-agent system,1111933,0
5985,1109,multi-agent system,1111933,0
5986,1109,completeness,12265,3
5987,1109,logical omniscience problem,12265,3
5988,1109,sbvr,808215,3
5989,1109,business rules,808215,3
5990,1109,nlis to databases,808215,3
5991,1110,sbvr,808215,3
5992,1110,business rules,808215,3
5993,1110,nlis to databases,808215,3
5994,1111,sbvr,808215,3
5995,1111,business rules,808215,3
5996,1111,nlis to databases,808215,3
5997,1114,causal discovery,1720056,3
5997,1114,causal discovery,1239198,3
5998,1114,missing data,1720056,3
5998,1114,missing data,1239198,3
5999,1114,fairness,1720056,3
6000,1114,functional causal model,1720056,3
6001,1114,pc,1239198,3
6002,1119,api,1845152,0
6003,1119,nli,927293,3
6004,1119,nlp,927314,0
6004,1119,nlp,1257845,0
6005,1119,pattern matching,927293,3
6006,1120,api,1845152,0
6007,1120,nli,927293,3
6008,1120,nlp,927314,0
6008,1120,nlp,1257845,0
6009,1120,pattern matching,927293,3
6010,1121,alzheimer’s,1699777,3
6011,1121,dementia,1699777,3
6012,1121,digital,1699777,3
6013,1121,screening,1699777,3
6014,1121,nlp,927314,0
6014,1121,nlp,1257845,0
6015,1122,alzheimer’s,1699777,3
6016,1122,dementia,1699777,3
6017,1122,digital,1699777,3
6018,1122,screening,1699777,3
6019,1122,nlp,927314,0
6019,1122,nlp,1257845,0
6020,1123,critical value,1660119,3
6021,1123,infinite graph,1660119,3
6022,1123,largest connected component,1660119,3
6023,1123,normalisation,1660119,3
6024,1123,percolation analysis,1660119,3
6025,1123,scalar fields,1660119,3
6026,1123,sharp transition,1660119,3
6027,1123,spatial correlations,1660119,3
6028,1123,transition widths,1660119,3
6029,1123,dynamic hierarchies,1710199,3
6030,1123,static visualization,1710199,3
6031,1123,pixel-based visualization,1707137,3
6032,1123,scalar data,1710199,3
6033,1123,topology,1511175,3
6034,1123,layout stability,1710199,3
6035,1123,dynamiska hierarkier,1710199,3
6036,1123,statisk visualisering,1710199,3
6037,1123,pixelbaserad visualisering,1710199,3
6038,1123,skalärdata,1710199,3
6039,1123,topologi,1710199,3
6040,1123,layout-stabilitet,1710199,3
6041,1123,data visualization,1273957,3
6041,1123,data visualization,1778301,0
6042,1123,scalar field visualization,1707137,3
6043,1123,augmented merge tree,1707137,3
6044,1123,pixel-based visualization,1707137,3
6045,1123,data visualization,1273957,3
6045,1123,data visualization,1778301,0
6046,1123,treemaps,1273957,3
6047,1123,temporal trees,1273957,3
6048,1124,critical value,1660119,3
6049,1124,infinite graph,1660119,3
6050,1124,largest connected component,1660119,3
6051,1124,normalisation,1660119,3
6052,1124,percolation analysis,1660119,3
6053,1124,scalar fields,1660119,3
6054,1124,sharp transition,1660119,3
6055,1124,spatial correlations,1660119,3
6056,1124,transition widths,1660119,3
6057,1125,critical value,1660119,3
6058,1125,infinite graph,1660119,3
6059,1125,largest connected component,1660119,3
6060,1125,normalisation,1660119,3
6061,1125,percolation analysis,1660119,3
6062,1125,scalar fields,1660119,3
6063,1125,sharp transition,1660119,3
6064,1125,spatial correlations,1660119,3
6065,1125,transition widths,1660119,3
6066,1126,critical value,1660119,3
6067,1126,infinite graph,1660119,3
6068,1126,largest connected component,1660119,3
6069,1126,normalisation,1660119,3
6070,1126,percolation analysis,1660119,3
6071,1126,scalar fields,1660119,3
6072,1126,sharp transition,1660119,3
6073,1126,spatial correlations,1660119,3
6074,1126,transition widths,1660119,3
6075,1126,thunderstorms,1814839,3
6076,1126,air-traffic management,1814839,3
6077,1126,weather data,1814839,3
6078,1126,numerical weather prediction,1814839,3
6079,1126,satellite images,1814839,3
6080,1126,convolutional neural network,1588971,0
6081,1126,machine learning,1511175,3
6082,1127,critical value,1660119,3
6083,1127,infinite graph,1660119,3
6084,1127,largest connected component,1660119,3
6085,1127,normalisation,1660119,3
6086,1127,percolation analysis,1660119,3
6087,1127,scalar fields,1660119,3
6088,1127,sharp transition,1660119,3
6089,1127,spatial correlations,1660119,3
6090,1127,transition widths,1660119,3
6091,1128,critical value,1660119,3
6092,1128,infinite graph,1660119,3
6093,1128,largest connected component,1660119,3
6094,1128,normalisation,1660119,3
6095,1128,percolation analysis,1660119,3
6096,1128,scalar fields,1660119,3
6097,1128,sharp transition,1660119,3
6098,1128,spatial correlations,1660119,3
6099,1128,transition widths,1660119,3
6100,1128,data visualization,1273957,3
6100,1128,data visualization,1778301,0
6101,1128,scalar field visualization,1707137,3
6102,1128,augmented merge tree,1707137,3
6103,1128,pixel-based visualization,1707137,3
6104,1128,data visualization,1273957,3
6104,1128,data visualization,1778301,0
6105,1128,treemaps,1273957,3
6106,1128,temporal trees,1273957,3
6107,1131,monte carlo methods,525380,3
6108,1131,optimal stopping,525380,3
6109,1131,sequential stopping rules,525380,3
6110,1131,non-asymptotic,525380,3
6111,1132,monte carlo methods,525380,3
6112,1132,optimal stopping,525380,3
6113,1132,sequential stopping rules,525380,3
6114,1132,non-asymptotic,525380,3
6115,1133,monte carlo methods,525380,3
6116,1133,optimal stopping,525380,3
6117,1133,sequential stopping rules,525380,3
6118,1133,non-asymptotic,525380,3
6119,1134,monte carlo methods,525380,3
6120,1134,optimal stopping,525380,3
6121,1134,sequential stopping rules,525380,3
6122,1134,non-asymptotic,525380,3
6123,1135,confidence predictions,1175229,3
6124,1135,conformal prediction,1175229,3
6125,1135,classification,1118354,0
6125,1135,classification,1278712,3
6125,1135,classification,1857944,3
6125,1135,classification,473385,3
6125,1135,classification,971649,0
6125,1135,classification,1118387,3
6126,1135,ensembles,1175229,3
6127,1136,confidence predictions,1175229,3
6128,1136,conformal prediction,1175229,3
6129,1136,classification,1118354,0
6129,1136,classification,1278712,3
6129,1136,classification,1857944,3
6129,1136,classification,473385,3
6129,1136,classification,971649,0
6129,1136,classification,1118387,3
6130,1136,ensembles,1175229,3
6131,1137,confidence predictions,1175229,3
6132,1137,conformal prediction,1175229,3
6133,1137,classification,1118354,0
6133,1137,classification,1278712,3
6133,1137,classification,1857944,3
6133,1137,classification,473385,3
6133,1137,classification,971649,0
6133,1137,classification,1118387,3
6134,1137,ensembles,1175229,3
6135,1138,confidence predictions,1175229,3
6136,1138,conformal prediction,1175229,3
6137,1138,classification,1118354,0
6137,1138,classification,1278712,3
6137,1138,classification,1857944,3
6137,1138,classification,473385,3
6137,1138,classification,971649,0
6137,1138,classification,1118387,3
6138,1138,ensembles,1175229,3
6139,1139,confidence predictions,1175229,3
6140,1139,conformal prediction,1175229,3
6141,1139,classification,1118354,0
6141,1139,classification,1278712,3
6141,1139,classification,1857944,3
6141,1139,classification,473385,3
6141,1139,classification,971649,0
6141,1139,classification,1118387,3
6142,1139,ensembles,1175229,3
6143,1143,anomaly detection,1887987,3
6144,1143,receipt,1146710,3
6145,1143,unsupervised,946538,3
6145,1143,unsupervised,1146710,3
6146,1146,siamese neural network,1161376,0
6147,1146,gazecapture,1391030,3
6148,1146,gaze estimation,1391030,3
6149,1146,mobile,1793389,3
6150,1146,unconstrained,1391030,3
6151,1146,calibration points,1391030,3
6152,1147,anomaly detection,1887987,3
6153,1147,outlier detection,1068236,0
6154,1147,error detection,1712790,3
6155,1147,machine learning,1511175,3
6156,1147,deep learning,1712831,0
6157,1147,blood work,1708263,3
6158,1147,blood tests,1708263,3
6159,1147,felupptäckning,1708263,3
6160,1147,extremvärden,1708263,3
6161,1147,maskininlärning,1269787,0
6162,1147,djupinlärning,1887987,3
6162,1147,djupinlärning,1788172,0
6163,1147,blodprov,1708263,3
6164,1149,eye tracking,1599676,3
6165,1149,education,1599676,3
6166,1149,online lectures,1599676,3
6167,1149,cognitive load,1599676,3
6168,1149,learning,1599676,3
6168,1149,learning,1476655,0
6168,1149,learning,1659470,0
6169,1149,powerpoint,1599676,3
6170,1149,chalk board,1599676,3
6171,1149,ögonspårning,1599676,3
6172,1149,utbildning,1599676,3
6173,1149,online föreläsningar,1599676,3
6174,1149,kognitiv belastning,1599676,3
6175,1149,powerpoint,1599676,3
6176,1149,svarta tavlan,1599676,3
6177,1150,eye tracking,1599676,3
6178,1150,education,1599676,3
6179,1150,online lectures,1599676,3
6180,1150,cognitive load,1599676,3
6181,1150,learning,1599676,3
6181,1150,learning,1476655,0
6181,1150,learning,1659470,0
6182,1150,powerpoint,1599676,3
6183,1150,chalk board,1599676,3
6184,1150,ögonspårning,1599676,3
6185,1150,utbildning,1599676,3
6186,1150,online föreläsningar,1599676,3
6187,1150,kognitiv belastning,1599676,3
6188,1150,powerpoint,1599676,3
6189,1150,svarta tavlan,1599676,3
6190,1151,graph convolution,1717398,3
6191,1151,software define networks,1717398,3
6192,1151,open world learning,1717398,3
6193,1152,graph convolution,1717398,3
6194,1152,software define networks,1717398,3
6195,1152,open world learning,1717398,3
6196,1157,support vector machines,1093977,3
6197,1157,machine learning,1511175,3
6198,1157,relation classification,1093977,3
6199,1161,difference,1163624,3
6200,1161,analysis,1163624,3
6201,1161,similar,1163624,3
6202,1161,document,1163624,3
6203,1161,relative,1163624,3
6204,1161,utility,1163624,3
6205,1165,finance,1885510,0
6206,1165,options,1136420,0
6206,1165,options,1105924,3
6207,1165,gpu,970839,0
6208,1165,gpgpu,846354,0
6209,1165,gpu computing,1105924,3
6210,1165,binomial method,1105924,3
6211,1165,bopm,1105924,3
6212,1165,cuda,1105924,3
6213,1166,finance,1885510,0
6214,1166,options,1136420,0
6214,1166,options,1105924,3
6215,1166,gpu,970839,0
6216,1166,gpgpu,846354,0
6217,1166,gpu computing,1105924,3
6218,1166,binomial method,1105924,3
6219,1166,bopm,1105924,3
6220,1166,cuda,1105924,3
6221,1175,malware analysis,1678561,3
6222,1175,malicious pdf,1678561,3
6223,1175,malware detection,1678561,3
6224,1175,machine learning,1511175,3
6225,1175,evasion,1678561,3
6226,1175,analys av skadlig programvara,1678561,3
6227,1175,skadlig pdf,1678561,3
6228,1175,detektion av skadlig programvara,1678561,3
6229,1175,maskininlärning,1269787,0
6230,1175,undanflykt,1678561,3
6231,1178,federated learning,1854989,0
6231,1178,federated learning,1591638,3
6232,1178,machine learning,1511175,3
6233,1178,market surveillance,1710635,3
6234,1178,anomaly detection,1887987,3
6235,1178,lstmautoencoder,1710635,3
6236,1178,federated learning,1854989,0
6236,1178,federated learning,1591638,3
6237,1178,maskininlärning,1269787,0
6238,1178,marknadsövervakning,1710635,3
6239,1178,anomaliupptäckande,1710635,3
6240,1178,lstmautoencoder,1710635,3
6241,1188,simd,1912183,3
6242,1188,vectorization,1912183,3
6243,1188,parallelism,1912183,3
6244,1188,sve,1912183,3
6245,1188,sort,1912183,3
6246,1188,merge sort,1912183,3
6247,1188,bitonic sort,1912183,3
6248,1188,simd,1912183,3
6249,1188,vektorisering,1912183,3
6250,1188,parallelism,1912183,3
6251,1188,sve,1912183,3
6252,1188,merge sortering,1912183,3
6253,1188,bitonic sortering,1912183,3
6254,1189,simd,1912183,3
6255,1189,vectorization,1912183,3
6256,1189,parallelism,1912183,3
6257,1189,sve,1912183,3
6258,1189,sort,1912183,3
6259,1189,merge sort,1912183,3
6260,1189,bitonic sort,1912183,3
6261,1189,simd,1912183,3
6262,1189,vektorisering,1912183,3
6263,1189,parallelism,1912183,3
6264,1189,sve,1912183,3
6265,1189,merge sortering,1912183,3
6266,1189,bitonic sortering,1912183,3
6267,1192,event-based architecture,1801007,3
6268,1192,message broker,1892790,0
6268,1192,message broker,1801007,3
6269,1192,latency testing,1801007,3
6270,1192,load testing,1692921,0
6270,1192,load testing,1801007,3
6271,1192,data streaming,1801007,3
6272,1192,cloud,1612613,0
6272,1192,cloud,1801007,3
6273,1192,backend,1801007,3
6273,1192,backend,1801007,3
6274,1192,apache kafka,1801007,3
6275,1192,amazon simple queue service,1801007,3
6276,1192,amazon simple notification service,1801007,3
6277,1192,händelsedriven arkitektur,1801007,3
6278,1192,meddelandebuss,1801007,3
6279,1192,latenstestning,1801007,3
6280,1192,lasttestning,1801007,3
6281,1192,data strömning,1801007,3
6282,1192,moln,1589979,0
6282,1192,moln,1801007,3
6283,1192,apache kafka,1801007,3
6284,1192,amazon simple queue service,1801007,3
6285,1192,amazon simple notification service,1801007,3
6286,1193,event-based architecture,1801007,3
6287,1193,message broker,1892790,0
6287,1193,message broker,1801007,3
6288,1193,latency testing,1801007,3
6289,1193,load testing,1692921,0
6289,1193,load testing,1801007,3
6290,1193,data streaming,1801007,3
6291,1193,cloud,1612613,0
6291,1193,cloud,1801007,3
6292,1193,backend,1801007,3
6292,1193,backend,1801007,3
6293,1193,apache kafka,1801007,3
6294,1193,amazon simple queue service,1801007,3
6295,1193,amazon simple notification service,1801007,3
6296,1193,händelsedriven arkitektur,1801007,3
6297,1193,meddelandebuss,1801007,3
6298,1193,latenstestning,1801007,3
6299,1193,lasttestning,1801007,3
6300,1193,data strömning,1801007,3
6301,1193,moln,1589979,0
6301,1193,moln,1801007,3
6302,1193,apache kafka,1801007,3
6303,1193,amazon simple queue service,1801007,3
6304,1193,amazon simple notification service,1801007,3
6305,1194,game engine,1212575,3
6306,1194,game loop,1212575,3
6307,1194,game object,1212575,3
6308,1194,concurrency,1763111,3
6308,1194,concurrency,1268459,0
6308,1194,concurrency,606487,0
6308,1194,concurrency,1212575,3
6309,1194,scheduling,1704349,0
6309,1194,scheduling,1212575,3
6309,1194,scheduling,1085916,3
6310,1194,coroutine,1212575,3
6311,1194,update calls,1212575,3
6312,1194,gameplay,1212575,3
6313,1194,prioritizing,1212575,3
6314,1195,game engine,1212575,3
6315,1195,game loop,1212575,3
6316,1195,game object,1212575,3
6317,1195,concurrency,1763111,3
6317,1195,concurrency,1268459,0
6317,1195,concurrency,606487,0
6317,1195,concurrency,1212575,3
6318,1195,scheduling,1704349,0
6318,1195,scheduling,1212575,3
6318,1195,scheduling,1085916,3
6319,1195,coroutine,1212575,3
6320,1195,update calls,1212575,3
6321,1195,gameplay,1212575,3
6322,1195,prioritizing,1212575,3
6323,1198,computer science,1194112,0
6324,1198,machine learning,1511175,3
6325,1198,cdss,1230122,3
6326,1198,diagnosis,1230122,3
6327,1198,anamnesis,1230122,3
6328,1198,digital health,1230122,3
6329,1198,health care,1230122,3
6330,1198,primary health care,1230122,3
6331,1198,svm,846825,0
6332,1198,knn,1230122,3
6333,1198,rf,1230122,3
6334,1198,nb,1230122,3
6335,1198,mlp,787315,0
6336,1198,ann,1188541,0
6337,1199,computer vision,1269787,0
6337,1199,computer vision,847992,0
6338,1199,machine learning,1511175,3
6339,1199,autonomous vehicles,1105742,0
6340,1199,autonomous cars,1245296,3
6341,1199,lider,1245296,3
6342,1199,point cloud,1895902,0
6343,1199,deep learning,1712831,0
6344,1199,object detection,1597750,0
6344,1199,object detection,1057748,0
6344,1199,object detection,1108625,0
6345,1199,yolo,1811287,0
6346,1200,biometrics (access control),1579745,3
6347,1200,noise measurement,1579745,3
6348,1200,privacy,1808715,0
6349,1200,authentication,1112039,3
6349,1200,authentication,949971,0
6350,1200,databases,1579745,3
6351,1200,indexes,1579745,3
6352,1200,data privacy,909470,3
6353,1200,biometrics,1579745,3
6354,1200,identification systems,1579745,3
6355,1200,noisy enrollment,1579745,3
6356,1200,secrecy,1579745,3
6357,1203,eeg,1359662,0
6358,1203,sleep scoring,944647,3
6359,1203,support vector machines,1093977,3
6360,1203,deep belief networks,944647,3
6361,1203,aasm,944647,3
6362,1203,unsupervised learning,1219916,0
6363,1203,feature extraction,1705258,0
6363,1203,feature extraction,943470,3
6363,1203,feature extraction,552336,0
6363,1203,feature extraction,1278712,3
6364,1203,genetic algorithms,944647,3
6364,1203,genetic algorithms,816306,0
6365,1203,meta-features,944647,3
6366,1205,ptp,1884870,0
6366,1205,ptp,1106630,3
6367,1205,ieee1588,1106630,3
6368,1205,accuracy,1106630,3
6369,1205,precision,1106630,3
6370,1205,time synchronization,1884870,0
6370,1205,time synchronization,1106630,3
6371,1205,clocks,1106630,3
6372,1205,stability,1106630,3
6373,1205,system load,1106630,3
6374,1205,real time system,1106630,3
6375,1206,ptp,1884870,0
6375,1206,ptp,1106630,3
6376,1206,ieee1588,1106630,3
6377,1206,accuracy,1106630,3
6378,1206,precision,1106630,3
6379,1206,time synchronization,1884870,0
6379,1206,time synchronization,1106630,3
6380,1206,clocks,1106630,3
6381,1206,stability,1106630,3
6382,1206,system load,1106630,3
6383,1206,real time system,1106630,3
6384,1207,bitcoin,1051879,0
6384,1207,bitcoin,1110776,3
6385,1207,sentiment analysis,1885510,0
6386,1207,twitter data mining,1110776,3
6387,1207,prediction,1702702,0
6387,1207,prediction,275298,0
6388,1207,cryptocurrency,1119782,3
6388,1207,cryptocurrency,1110776,3
6389,1208,bitcoin,1051879,0
6389,1208,bitcoin,1110776,3
6390,1208,sentiment analysis,1885510,0
6391,1208,twitter data mining,1110776,3
6392,1208,prediction,1702702,0
6392,1208,prediction,275298,0
6393,1208,cryptocurrency,1119782,3
6393,1208,cryptocurrency,1110776,3
6394,1209,ocr,1668626,3
6395,1209,ocr post-processing,1668626,3
6396,1209,ocr post-correction,1668626,3
6397,1209,nmt,1668626,3
6398,1209,lexical model,1668626,3
6399,1209,ocr,1668626,3
6400,1209,efterbehandling för ocr,1668626,3
6401,1209,post-korrigering för ocr,1668626,3
6402,1209,nmt,1668626,3
6403,1209,lexikal modell,1668626,3
6404,1213,contrastive learning,1856441,3
6405,1213,joint-embedding predictive architectures,1856441,3
6406,1213,multi-object tracking,1856441,3
6407,1213,representation learning,1856441,3
6408,1213,kontrastiv inlärning,1856441,3
6409,1213,prediktiva arkitekturer med gemensam inbäddning,1856441,3
6410,1213,spårning av flera objekt,1856441,3
6411,1213,representationsinlärning,1856441,3
6412,1214,anomaly detection,1887987,3
6413,1214,deep learning,1712831,0
6414,1214,vision transformer,1887987,3
6415,1214,photomask,1887987,3
6416,1214,anomalidetektering,1887987,3
6417,1214,djupinlärning,1887987,3
6417,1214,djupinlärning,1788172,0
6418,1214,vision transformer,1887987,3
6419,1214,fotomask,1887987,3
6420,1215,quality of service,1804923,0
6421,1215,cloud computing,1359662,0
6422,1215,network analytics,750694,3
6422,1215,network analytics,849585,3
6423,1215,statistical learning,811087,3
6424,1215,machine learning,1511175,3
6425,1215,video streaming,750694,3
6426,1215,distributed object store,587561,3
6427,1215,key-value store,587561,3
6428,1215,performance measurements,587561,3
6429,1215,performance modeling,587561,3
6430,1215,response times,587561,3
6431,1215,streaming media services,587561,3
6432,1215,system dimensioning,587561,3
6433,1215,quality of service,1804923,0
6434,1216,quality of service,1804923,0
6435,1216,cloud computing,1359662,0
6436,1216,network analytics,750694,3
6436,1216,network analytics,849585,3
6437,1216,statistical learning,811087,3
6438,1216,machine learning,1511175,3
6439,1216,video streaming,750694,3
6440,1216,quality of service,1804923,0
6441,1217,quality of service,1804923,0
6442,1217,cloud computing,1359662,0
6443,1217,network analytics,750694,3
6443,1217,network analytics,849585,3
6444,1217,statistical learning,811087,3
6445,1217,machine learning,1511175,3
6446,1217,video streaming,750694,3
6447,1217,quality of service,1804923,0
6448,1218,quality of service,1804923,0
6449,1218,cloud computing,1359662,0
6450,1218,network analytics,750694,3
6450,1218,network analytics,849585,3
6451,1218,statistical learning,811087,3
6452,1218,machine learning,1511175,3
6453,1218,video streaming,750694,3
6454,1218,quality of service,1804923,0
6455,1219,quality of service,1804923,0
6456,1219,cloud computing,1359662,0
6457,1219,network analytics,750694,3
6457,1219,network analytics,849585,3
6458,1219,statistical learning,811087,3
6459,1219,machine learning,1511175,3
6460,1219,video streaming,750694,3
6461,1219,quality of service,1804923,0
6462,1220,quality of service,1804923,0
6463,1220,cloud computing,1359662,0
6464,1220,network analytics,750694,3
6464,1220,network analytics,849585,3
6465,1220,statistical learning,811087,3
6466,1220,machine learning,1511175,3
6467,1220,video streaming,750694,3
6468,1220,quality of service,1804923,0
6469,1221,quality of service,1804923,0
6470,1221,cloud computing,1359662,0
6471,1221,network analytics,750694,3
6471,1221,network analytics,849585,3
6472,1221,statistical learning,811087,3
6473,1221,machine learning,1511175,3
6474,1221,video streaming,750694,3
6475,1221,distributed object store,587561,3
6476,1221,key-value store,587561,3
6477,1221,performance measurements,587561,3
6478,1221,performance modeling,587561,3
6479,1221,response times,587561,3
6480,1221,streaming media services,587561,3
6481,1221,system dimensioning,587561,3
6482,1221,quality of service,1804923,0
6483,1221,information-centric networking,464025,3
6484,1221,metadata search,464025,3
6485,1221,distributed management,464025,3
6486,1222,distributed object store,587561,3
6487,1222,key-value store,587561,3
6488,1222,performance measurements,587561,3
6489,1222,performance modeling,587561,3
6490,1222,response times,587561,3
6491,1222,streaming media services,587561,3
6492,1222,system dimensioning,587561,3
6493,1223,distributed object store,587561,3
6494,1223,key-value store,587561,3
6495,1223,performance measurements,587561,3
6496,1223,performance modeling,587561,3
6497,1223,response times,587561,3
6498,1223,streaming media services,587561,3
6499,1223,system dimensioning,587561,3
6500,1226,eigenfrequencies,1707141,3
6501,1226,room acoustics,1707141,3
6502,1226,machine learning,1511175,3
6503,1229,high frequency,1121353,3
6504,1229,neural network,811087,3
6504,1229,neural network,1188541,0
6505,1229,computer science,1194112,0
6506,1229,stock market,1118031,0
6506,1229,stock market,1121353,3
6507,1229,finance,1885510,0
6508,1229,fintech,1121353,3
6509,1229,machine learning,1511175,3
6510,1229,yield,1121353,3
6511,1229,prediction,1702702,0
6511,1229,prediction,275298,0
6512,1229,forecast,1118354,0
6512,1229,forecast,1121353,3
6513,1229,deep neural network,1121353,3
6514,1229,algo trading,1121353,3
6515,1229,financial instruments,1121353,3
6516,1229,correlation,1121353,3
6517,1230,high frequency,1121353,3
6518,1230,neural network,811087,3
6518,1230,neural network,1188541,0
6519,1230,computer science,1194112,0
6520,1230,stock market,1118031,0
6520,1230,stock market,1121353,3
6521,1230,finance,1885510,0
6522,1230,fintech,1121353,3
6523,1230,machine learning,1511175,3
6524,1230,yield,1121353,3
6525,1230,prediction,1702702,0
6525,1230,prediction,275298,0
6526,1230,forecast,1118354,0
6526,1230,forecast,1121353,3
6527,1230,deep neural network,1121353,3
6528,1230,algo trading,1121353,3
6529,1230,financial instruments,1121353,3
6530,1230,correlation,1121353,3
6531,1231,machine learning,1511175,3
6532,1231,tensorflow,1212698,3
6533,1232,machine learning,1511175,3
6534,1232,tensorflow,1212698,3
6535,1233,machine learning,1511175,3
6536,1233,prediction,1702702,0
6536,1233,prediction,275298,0
6537,1233,weather,1217917,3
6538,1233,train delay,1217917,3
6539,1233,neural network,811087,3
6539,1233,neural network,1188541,0
6540,1233,decision tree,1562606,3
6540,1233,decision tree,1217917,3
6540,1233,decision tree,1217917,3
6541,1233,adaboost,1700081,3
6541,1233,adaboost,1217917,3
6541,1233,adaboost,1217917,3
6542,1233,maskininlärning,1269787,0
6543,1233,förutsägelse,1702702,0
6544,1233,väder,1217917,3
6545,1233,förseningar,1217917,3
6546,1233,neural networks,1194112,0
6546,1233,neural networks,1320166,3
6547,1234,machine learning,1511175,3
6548,1234,prediction,1702702,0
6548,1234,prediction,275298,0
6549,1234,weather,1217917,3
6550,1234,train delay,1217917,3
6551,1234,neural network,811087,3
6551,1234,neural network,1188541,0
6552,1234,decision tree,1562606,3
6552,1234,decision tree,1217917,3
6552,1234,decision tree,1217917,3
6553,1234,adaboost,1700081,3
6553,1234,adaboost,1217917,3
6553,1234,adaboost,1217917,3
6554,1234,maskininlärning,1269787,0
6555,1234,förutsägelse,1702702,0
6556,1234,väder,1217917,3
6557,1234,förseningar,1217917,3
6558,1234,neural networks,1194112,0
6558,1234,neural networks,1320166,3
6559,1235,sensitive data,1865596,3
6560,1235,machine learning (ml),1865596,3
6561,1235,large language model (llm),1865596,3
6562,1235,code analysis,1865596,3
6563,1235,llama 3,1865596,3
6564,1235,data privacy,909470,3
6565,1235,membership inference attack (mia),1865596,3
6566,1235,känsliga data,1865596,3
6567,1235,maskininlärning (ml),1865596,3
6568,1235,stor språkmodell (llm),1865596,3
6569,1235,kodanalys,1865596,3
6570,1235,llama 3,1865596,3
6571,1235,datasekretess,1865596,3
6572,1235,medlemskapsinfiltrationsattack (mia),1865596,3
6573,1236,sensitive data,1865596,3
6574,1236,machine learning (ml),1865596,3
6575,1236,large language model (llm),1865596,3
6576,1236,code analysis,1865596,3
6577,1236,llama 3,1865596,3
6578,1236,data privacy,909470,3
6579,1236,membership inference attack (mia),1865596,3
6580,1236,känsliga data,1865596,3
6581,1236,maskininlärning (ml),1865596,3
6582,1236,stor språkmodell (llm),1865596,3
6583,1236,kodanalys,1865596,3
6584,1236,llama 3,1865596,3
6585,1236,datasekretess,1865596,3
6586,1236,medlemskapsinfiltrationsattack (mia),1865596,3
6587,1237,biometrics (access control),1579745,3
6588,1237,noise measurement,1579745,3
6589,1237,privacy,1808715,0
6590,1237,authentication,1112039,3
6590,1237,authentication,949971,0
6591,1237,databases,1579745,3
6592,1237,indexes,1579745,3
6593,1237,data privacy,909470,3
6594,1237,biometrics,1579745,3
6595,1237,identification systems,1579745,3
6596,1237,noisy enrollment,1579745,3
6597,1237,secrecy,1579745,3
6598,1243,temporal logic,650753,3
6599,1243,model checking,524550,3
6599,1243,model checking,1847464,0
6600,1243,maximal models,524550,3
6601,1246,machine learning,1511175,3
6602,1246,svm,846825,0
6603,1246,naive bayes,1109910,3
6604,1246,dbscan,1109910,3
6605,1247,machine learning,1511175,3
6606,1247,svm,846825,0
6607,1247,naive bayes,1109910,3
6608,1247,dbscan,1109910,3
6609,1251,syntax,1556115,3
6610,1251,ambiguity,1556115,3
6611,1253,speech synthesis,1761460,3
6612,1253,prosodic control,1761460,3
6613,1253,neuralhmm,1761460,3
6614,1253,spontaneous speech,1761460,3
6615,1253,creaky voice,1761460,3
6616,1254,speech synthesis,1761460,3
6617,1254,prosodic control,1761460,3
6618,1254,neuralhmm,1761460,3
6619,1254,spontaneous speech,1761460,3
6620,1254,creaky voice,1761460,3
6621,1257,programmable networks,1374999,3
6622,1257,network robustness,1374999,3
6623,1257,fast reroute,1374999,3
6624,1257,fast failover,1374999,3
6625,1257,shortest common supersequence,1374999,3
6626,1258,programmable networks,1374999,3
6627,1258,network robustness,1374999,3
6628,1258,fast reroute,1374999,3
6629,1258,fast failover,1374999,3
6630,1258,shortest common supersequence,1374999,3
6631,1259,programmable networks,1374999,3
6632,1259,network robustness,1374999,3
6633,1259,fast reroute,1374999,3
6634,1259,fast failover,1374999,3
6635,1259,shortest common supersequence,1374999,3
6636,1260,programmable networks,1374999,3
6637,1260,network robustness,1374999,3
6638,1260,fast reroute,1374999,3
6639,1260,fast failover,1374999,3
6640,1260,shortest common supersequence,1374999,3
6641,1261,programmable networks,1374999,3
6642,1261,network robustness,1374999,3
6643,1261,fast reroute,1374999,3
6644,1261,fast failover,1374999,3
6645,1261,shortest common supersequence,1374999,3
6646,1262,programmable networks,1374999,3
6647,1262,network robustness,1374999,3
6648,1262,fast reroute,1374999,3
6649,1262,fast failover,1374999,3
6650,1262,shortest common supersequence,1374999,3
6651,1263,vehicle platoon,1349608,3
6652,1263,learning-based testing,610371,0
6652,1263,learning-based testing,1229962,0
6652,1263,learning-based testing,1349608,3
6653,1263,co-cps,1349608,3
6654,1263,safety boundaries,1349608,3
6655,1263,quantitative analysis,1349608,3
6656,1263,coordinated braking,1349608,3
6657,1264,vehicle platoon,1349608,3
6658,1264,learning-based testing,610371,0
6658,1264,learning-based testing,1229962,0
6658,1264,learning-based testing,1349608,3
6659,1264,co-cps,1349608,3
6660,1264,safety boundaries,1349608,3
6661,1264,quantitative analysis,1349608,3
6662,1264,coordinated braking,1349608,3
6663,1265,approximation algorithms,1719648,0
6664,1265,linear programming,1749284,0
6665,1265,allocation problems,791552,3
6666,1271,parallel,927475,3
6666,1271,parallel,956107,3
6667,1271,programming,1133441,3
6667,1271,programming,956107,3
6667,1271,programming,1238890,0
6668,1271,reactive,956107,3
6669,1271,asynchronous,956107,3
6670,1274,search user interfaces,1112494,3
6671,1274,search engines,1799685,3
6672,1274,human-computer interaction,946219,3
6672,1274,human-computer interaction,465018,3
6673,1274,user experience,1634133,3
6674,1276,contraction hierarchies,1784230,3
6675,1276,customizable contraction hierarchies,1784230,3
6676,1276,vehicle routing problem,1783648,0
6677,1276,battery electric vehicles,1784230,3
6678,1276,mixed fleet,1784230,3
6679,1276,kontraktionshierarkier,1784230,3
6680,1276,anpassningsbara kontraktionshierarkier,1784230,3
6681,1276,ruttplanering,1784230,3
6682,1276,batteridrivna elfordon,1784230,3
6683,1276,blandad fordonsflotta,1784230,3
6684,1276,natural language processing,1589461,3
6684,1276,natural language processing,927314,0
6684,1276,natural language processing,1257845,0
6684,1276,natural language processing,1116765,3
6685,1276,unsupervised learning,1219916,0
6686,1276,sentiment analysis,1885510,0
6687,1276,word embeddings,1593563,3
6687,1276,word embeddings,1237438,0
6688,1276,readability,1593563,3
6689,1276,språkteknologi,1589461,3
6690,1276,oövervakad inlärning,1593563,3
6691,1276,sentimentanalys,1885510,0
6692,1276,ordinbäddningar,1593563,3
6692,1276,ordinbäddningar,1237438,0
6693,1276,läsbarhet,1593563,3
6694,1277,natural language processing,1589461,3
6694,1277,natural language processing,927314,0
6694,1277,natural language processing,1257845,0
6694,1277,natural language processing,1116765,3
6695,1277,unsupervised learning,1219916,0
6696,1277,sentiment analysis,1885510,0
6697,1277,word embeddings,1593563,3
6697,1277,word embeddings,1237438,0
6698,1277,readability,1593563,3
6699,1277,språkteknologi,1589461,3
6700,1277,oövervakad inlärning,1593563,3
6701,1277,sentimentanalys,1885510,0
6702,1277,ordinbäddningar,1593563,3
6702,1277,ordinbäddningar,1237438,0
6703,1277,läsbarhet,1593563,3
6704,1278,rust,1783235,3
6704,1278,rust,1238890,0
6705,1278,ada,1885511,0
6706,1278,spark,1931137,0
6707,1278,foreign function interface (ffi),1783235,3
6708,1278,memory safety,1783235,3
6709,1278,type safety,1783235,3
6710,1278,ownership,1783235,3
6711,1278,rust,1783235,3
6711,1278,rust,1238890,0
6712,1278,ada,1885511,0
6713,1278,spark,1931137,0
6714,1278,gränssnitt för främmande funktioner (ffi),1783235,3
6715,1278,minnessäkerhet,1783235,3
6716,1278,typsäkerhet,1783235,3
6717,1278,ägarskap,1783235,3
6718,1278,event based camera,1594779,3
6719,1278,image reconstruction,1594779,3
6719,1278,image reconstruction,1594779,3
6720,1278,simulated data,1594779,3
6720,1278,simulated data,1594779,3
6721,1278,real data,1594779,3
6721,1278,real data,1594779,3
6722,1278,firenet,1594779,3
6723,1278,e2vid,1594779,3
6724,1278,event based camera,1594779,3
6725,1278,firenet,1594779,3
6726,1278,e2vid,1594779,3
6727,1279,event based camera,1594779,3
6728,1279,image reconstruction,1594779,3
6728,1279,image reconstruction,1594779,3
6729,1279,simulated data,1594779,3
6729,1279,simulated data,1594779,3
6730,1279,real data,1594779,3
6730,1279,real data,1594779,3
6731,1279,firenet,1594779,3
6732,1279,e2vid,1594779,3
6733,1279,event based camera,1594779,3
6734,1279,firenet,1594779,3
6735,1279,e2vid,1594779,3
6736,1280,twitter,1595839,3
6737,1280,hashtag,1106314,3
6738,1280,recommendation systems,1106314,3
6739,1280,geographic data,1106314,3
6740,1281,twitter,1595839,3
6741,1281,hashtag,1106314,3
6742,1281,recommendation systems,1106314,3
6743,1281,geographic data,1106314,3
6744,1284,formal verification,1821827,3
6744,1284,formal verification,957404,3
6745,1284,refinement,1821827,3
6746,1284,serial interface,1821827,3
6747,1284,device driver,1606994,3
6748,1284,interactive theorem prover,1821827,3
6749,1284,information flow,1821827,3
6750,1284,formal verification,1821827,3
6750,1284,formal verification,957404,3
6751,1284,information flow,1821827,3
6752,1284,refinement,1821827,3
6753,1284,interactive theorem prover,1821827,3
6754,1284,hol4,1821827,3
6755,1284,serial interface,1821827,3
6756,1284,pipelined processor,1821827,3
6757,1284,microarchitecture,1821827,3
6758,1284,out-of-order execution,1821827,3
6759,1284,formell verifiering,1821827,3
6760,1284,informationsflöde,1821827,3
6761,1284,förfining,1821827,3
6762,1284,interaktiva bevisprogrammet,1821827,3
6763,1284,hol4,1821827,3
6764,1284,seriellt gränssnitt,1821827,3
6765,1284,pipelined processor,1821827,3
6766,1284,mikroarkitektur,1821827,3
6767,1284,omordnad exekvering,1821827,3
6768,1286,key-value,1085916,3
6769,1286,distributed,1085916,3
6770,1286,storage,1085916,3
6771,1286,multiget,1085916,3
6772,1286,scheduling,1704349,0
6772,1286,scheduling,1212575,3
6772,1286,scheduling,1085916,3
6773,1287,key-value,1085916,3
6774,1287,distributed,1085916,3
6775,1287,storage,1085916,3
6776,1287,multiget,1085916,3
6777,1287,scheduling,1704349,0
6777,1287,scheduling,1212575,3
6777,1287,scheduling,1085916,3
6778,1299,voice anonymization,1678546,3
6779,1299,voice deanonymization,1678546,3
6780,1299,data privacy,909470,3
6781,1299,machine learning,1511175,3
6782,1299,neural networks,1194112,0
6782,1299,neural networks,1320166,3
6783,1299,whistleblowing,953534,0
6783,1299,whistleblowing,1678546,3
6784,1299,röstanonymisering,1678546,3
6785,1299,röstdeanonymisering,1678546,3
6786,1299,datasäkerhet,839128,0
6787,1299,maskininlärning,1269787,0
6788,1299,neurala nätverk,1601084,0
6789,1299,visselblåsning,1678546,3
6790,1300,voice anonymization,1678546,3
6791,1300,voice deanonymization,1678546,3
6792,1300,data privacy,909470,3
6793,1300,machine learning,1511175,3
6794,1300,neural networks,1194112,0
6794,1300,neural networks,1320166,3
6795,1300,whistleblowing,953534,0
6795,1300,whistleblowing,1678546,3
6796,1300,röstanonymisering,1678546,3
6797,1300,röstdeanonymisering,1678546,3
6798,1300,datasäkerhet,839128,0
6799,1300,maskininlärning,1269787,0
6800,1300,neurala nätverk,1601084,0
6801,1300,visselblåsning,1678546,3
6802,1301,location-based service,909470,3
6803,1301,pseudonymous authentication,909470,3
6804,1301,security and privacy,909470,3
6805,1301,authentication,1112039,3
6805,1301,authentication,949971,0
6806,1301,data privacy,909470,3
6807,1301,encoding (symbols),909470,3
6808,1301,error analysis,909470,3
6809,1301,knowledge based systems,909470,3
6810,1301,location,909470,3
6811,1301,mobile devices,909470,3
6812,1301,telecommunication services,909470,3
6813,1301,basic protocols,909470,3
6814,1301,decentralized system,909470,3
6815,1301,location privacy protection,909470,3
6816,1301,privacy leakages,909470,3
6817,1301,security enhancements,909470,3
6818,1301,security threats,909470,3
6819,1301,sensitive informations,909470,3
6820,1301,location based services,909470,3
6821,1301,vehicular communications,1210501,3
6822,1301,security,1794943,3
6822,1301,security,1464458,0
6823,1301,privacy,1808715,0
6824,1301,identity and credential management,1589979,0
6824,1301,identity and credential management,1210501,3
6825,1301,vehicular pki,1210501,3
6826,1302,domain-specific languages,1800861,3
6827,1302,programming languages,1123270,0
6828,1302,syntax,1556115,3
6829,1302,ambiguity,1556115,3
6830,1302,data structures,1897734,3
6830,1302,data structures,1214411,3
6830,1302,data structures,954999,0
6831,1302,domain-specific language,1897676,0
6831,1302,domain-specific language,1231244,3
6832,1302,programming language construction,1231244,3
6833,1302,syntax,1556115,3
6834,1302,ambiguity,1556115,3
6835,1303,microservices lbtest learning-based testing lbt trioptima,847215,3
6836,1308,geospatial,1230567,3
6836,1308,geospatial,849697,3
6837,1308,geographic,849697,3
6838,1308,heatmap,849697,3
6839,1308,point region,849697,3
6840,1308,point-region,849697,3
6841,1308,quadtree,1904964,0
6842,1308,window query,849697,3
6843,1308,värmekarta,849697,3
6844,1308,fönsterförfrågning,849697,3
6845,1308,geografisk,849697,3
6846,1309,internet of things,1636796,0
6847,1309,rsa,1112039,3
6848,1309,authentication,1112039,3
6848,1309,authentication,949971,0
6849,1310,internet of things,1636796,0
6850,1310,rsa,1112039,3
6851,1310,authentication,1112039,3
6851,1310,authentication,949971,0
6852,1312,csp,1062024,3
6853,1312,parametric monitoring,1062024,3
6854,1312,process algebra,1062024,3
6855,1312,runtime monitoring,1062024,3
6856,1313,csp,1062024,3
6857,1313,parametric monitoring,1062024,3
6858,1313,process algebra,1062024,3
6859,1313,runtime monitoring,1062024,3
6860,1314,csp,1062024,3
6861,1314,parametric monitoring,1062024,3
6862,1314,process algebra,1062024,3
6863,1314,runtime monitoring,1062024,3
6864,1315,csp,1062024,3
6865,1315,parametric monitoring,1062024,3
6866,1315,process algebra,1062024,3
6867,1315,runtime monitoring,1062024,3
6868,1316,csp,1062024,3
6869,1316,parametric monitoring,1062024,3
6870,1316,process algebra,1062024,3
6871,1316,runtime monitoring,1062024,3
6872,1317,csp,1062024,3
6873,1317,parametric monitoring,1062024,3
6874,1317,process algebra,1062024,3
6875,1317,runtime monitoring,1062024,3
6876,1322,topic model,953765,3
6877,1322,image dating,953765,3
6878,1323,vehicular communication,1174432,3
6879,1323,network,1268555,3
6880,1323,security,1794943,3
6880,1323,security,1464458,0
6881,1323,privacy,1808715,0
6882,1325,information-centric networking,464025,3
6883,1325,metadata search,464025,3
6884,1325,distributed management,464025,3
6885,1325,distributed objects,749552,3
6886,1325,decentralization,808202,1
6886,1325,decentralization,749552,3
6887,1325,implementation correctness,749552,3
6888,1325,network protocols,749552,3
6889,1325,object mobility,749552,3
6890,1326,information-centric networking,464025,3
6891,1326,metadata search,464025,3
6892,1326,distributed management,464025,3
6893,1327,information-centric networking,464025,3
6894,1327,metadata search,464025,3
6895,1327,distributed management,464025,3
6896,1328,chemistry,461904,3
6897,1328,image color analysis,461904,3
6898,1328,libraries,461904,3
6899,1328,measurement,461904,3
6900,1328,optimization,1749284,0
6900,1328,optimization,114287,0
6901,1328,quantum mechanics,461904,3
6902,1328,wave functions,461904,3
6903,1329,chemistry,461904,3
6904,1329,image color analysis,461904,3
6905,1329,libraries,461904,3
6906,1329,measurement,461904,3
6907,1329,optimization,1749284,0
6907,1329,optimization,114287,0
6908,1329,quantum mechanics,461904,3
6909,1329,wave functions,461904,3
6910,1330,chemistry,461904,3
6911,1330,image color analysis,461904,3
6912,1330,libraries,461904,3
6913,1330,measurement,461904,3
6914,1330,optimization,1749284,0
6914,1330,optimization,114287,0
6915,1330,quantum mechanics,461904,3
6916,1330,wave functions,461904,3
6917,1331,chemistry,461904,3
6918,1331,image color analysis,461904,3
6919,1331,libraries,461904,3
6920,1331,measurement,461904,3
6921,1331,optimization,1749284,0
6921,1331,optimization,114287,0
6922,1331,quantum mechanics,461904,3
6923,1331,wave functions,461904,3
6924,1336,computer vision,1269787,0
6924,1336,computer vision,847992,0
6925,1338,audio feedback,1169327,3
6926,1338,fear avoidance,1169327,3
6927,1338,kinesiophobia,1169327,3
6928,1338,rehabilitation treatment,1169327,3
6929,1339,assembly manufacturing,1468946,3
6930,1339,constraint programming,1468946,3
6930,1339,constraint programming,114287,0
6930,1339,constraint programming,1185339,0
6931,1339,robot planning and scheduling,1468946,3
6932,1340,assembly manufacturing,1468946,3
6933,1340,constraint programming,1468946,3
6933,1340,constraint programming,114287,0
6933,1340,constraint programming,1185339,0
6934,1340,robot planning and scheduling,1468946,3
6935,1343,android doze background scheduling mobile network battery,1156647,3
6936,1344,machine learning,1511175,3
6937,1344,sensor fusion,1164171,0
6937,1344,sensor fusion,1108645,3
6937,1344,sensor fusion,1155019,0
6938,1344,sensor readings,1108645,3
6939,1344,car,1241492,0
6939,1344,car,1108645,3
6940,1344,smartphone,953092,3
6940,1344,smartphone,1108645,3
6940,1344,smartphone,1108645,3
6940,1344,smartphone,798493,0
6941,1344,smartphone sensors,1158218,3
6941,1344,smartphone sensors,1108645,3
6942,1344,gps,1108645,3
6943,1344,accelerometer,465549,3
6943,1344,accelerometer,1108645,3
6944,1344,gyroscope,916474,3
6944,1344,gyroscope,1108645,3
6945,1344,convolutional neural network,1588971,0
6946,1344,artificial neural network,927335,3
6946,1344,artificial neural network,893039,0
6946,1344,artificial neural network,1108645,3
6946,1344,artificial neural network,1188541,0
6947,1344,maskininlärning,1269787,0
6948,1344,sensorfusion,1164171,0
6948,1344,sensorfusion,1108645,3
6949,1344,sensorläsning,1108645,3
6950,1344,bil,1241492,0
6950,1344,bil,1108645,3
6951,1344,smartphonesensorer,1108645,3
6952,1344,artificiella neuronnät,1241148,3
6952,1344,artificiella neuronnät,1108645,3
6953,1347,vehicular communications,1210501,3
6954,1347,security,1794943,3
6954,1347,security,1464458,0
6955,1347,privacy,1808715,0
6956,1347,identity and credential management,1589979,0
6956,1347,identity and credential management,1210501,3
6957,1347,vehicular pki,1210501,3
6958,1348,5g,1712831,0
6959,1348,federated learning,1854989,0
6959,1348,federated learning,1591638,3
6960,1348,machine learning,1511175,3
6961,1348,privacy,1808715,0
6962,1348,security,1794943,3
6962,1348,security,1464458,0
6963,1348,data analytics,1591638,3
6964,1348,data handling,1591638,3
6965,1348,mobile security,1591638,3
6966,1348,mobile telecommunication systems,1591638,3
6967,1348,network architecture,1511175,3
6968,1348,wireless networks,1512016,3
6969,1348,communication overheads,1591638,3
6970,1348,end users,1591638,3
6971,1348,multiparty computation,1591638,3
6972,1348,network data,1591638,3
6973,1348,network functions,1591638,3
6974,1348,5g mobile communication systems,1591638,3
6975,1349,5g,1712831,0
6976,1349,federated learning,1854989,0
6976,1349,federated learning,1591638,3
6977,1349,machine learning,1511175,3
6978,1349,privacy,1808715,0
6979,1349,security,1794943,3
6979,1349,security,1464458,0
6980,1349,data analytics,1591638,3
6981,1349,data handling,1591638,3
6982,1349,mobile security,1591638,3
6983,1349,mobile telecommunication systems,1591638,3
6984,1349,network architecture,1511175,3
6985,1349,wireless networks,1512016,3
6986,1349,communication overheads,1591638,3
6987,1349,end users,1591638,3
6988,1349,multiparty computation,1591638,3
6989,1349,network data,1591638,3
6990,1349,network functions,1591638,3
6991,1349,5g mobile communication systems,1591638,3
6992,1350,access control,1762882,3
6993,1350,authorization,1762882,3
6993,1350,authorization,949971,0
6994,1350,keycloak,1762882,3
6995,1350,gpg keys,1762882,3
6996,1350,encryption,1762882,3
6997,1350,gitlab,1887989,0
6998,1350,version control,1762882,3
6999,1350,neo4j,1762882,3
7000,1350,data security,839128,0
7001,1351,access control,1762882,3
7002,1351,authorization,1762882,3
7002,1351,authorization,949971,0
7003,1351,keycloak,1762882,3
7004,1351,gpg keys,1762882,3
7005,1351,encryption,1762882,3
7006,1351,gitlab,1887989,0
7007,1351,version control,1762882,3
7008,1351,neo4j,1762882,3
7009,1351,data security,839128,0
7010,1354,software mobile agents,421697,3
7011,1354,survivable systems,421697,3
7012,1354,agent platforms,421697,3
7013,1354,agent certifier,421697,3
7014,1354,accountability,421697,3
7014,1354,accountability,1789914,0
7015,1354,immune system,421684,3
7016,1354,systemic-holistic,421684,3
7017,1354,negative selection algorithm,421684,3
7018,1354,clonal selection algorithm,421684,3
7019,1354,deterrence,421684,3
7020,1355,software mobile agents,421697,3
7021,1355,survivable systems,421697,3
7022,1355,agent platforms,421697,3
7023,1355,agent certifier,421697,3
7024,1355,accountability,421697,3
7024,1355,accountability,1789914,0
7025,1355,immune system,421684,3
7026,1355,systemic-holistic,421684,3
7027,1355,negative selection algorithm,421684,3
7028,1355,clonal selection algorithm,421684,3
7029,1355,deterrence,421684,3
7030,1358,electric cars,1903932,3
7031,1358,pentesting,1903932,3
7032,1358,in-vehicle infotainment,1903932,3
7033,1358,cybersecurity,1149047,0
7034,1358,elbilar,1903932,3
7035,1358,penetrations test,1903932,3
7036,1358,infotainmentsystem,1903932,3
7037,1358,cybersäkerhet,1596039,3
7038,1358,internet of things (iot),1595274,3
7039,1358,iot-devices,1595274,3
7040,1358,vulnerability assessment,1595274,3
7041,1358,grouping iot-devices,1595274,3
7042,1358,self-organising maps,1595274,3
7043,1358,vulnerability likelihood.,1595274,3
7044,1358,sakernas internet (iot),1595274,3
7045,1358,iot-enheter,1595274,3
7046,1358,bedömning av sårbarhet,1595274,3
7047,1358,gruppering av iot-inheter,1595274,3
7048,1358,self-organising maps (soms),1595274,3
7049,1358,sårbarhetsrisk.,1595274,3
7050,1359,internet of things (iot),1595274,3
7051,1359,iot-devices,1595274,3
7052,1359,vulnerability assessment,1595274,3
7053,1359,grouping iot-devices,1595274,3
7054,1359,self-organising maps,1595274,3
7055,1359,vulnerability likelihood.,1595274,3
7056,1359,sakernas internet (iot),1595274,3
7057,1359,iot-enheter,1595274,3
7058,1359,bedömning av sårbarhet,1595274,3
7059,1359,gruppering av iot-inheter,1595274,3
7060,1359,self-organising maps (soms),1595274,3
7061,1359,sårbarhetsrisk.,1595274,3
7062,1361,sports betting,1909097,3
7063,1361,odds prediction,1909097,3
7064,1361,ml,1267392,3
7065,1361,betting exchanges,1909097,3
7066,1361,financial trading formulas,1909097,3
7067,1361,sportbetting,1909097,3
7068,1361,odds prediktion,1909097,3
7069,1361,maskininlärning,1269787,0
7070,1361,spelbörs,1909097,3
7071,1361,finansiella handelsformler,1909097,3
7072,1364,semantics,1606032,0
7073,1364,topology,1511175,3
7074,1365,semantics,1606032,0
7075,1365,topology,1511175,3
7076,1366,semantics,1606032,0
7077,1366,topology,1511175,3
7078,1367,semantics,1606032,0
7079,1367,topology,1511175,3
7080,1368,semantics,1606032,0
7081,1368,topology,1511175,3
7082,1369,semantics,1606032,0
7083,1369,topology,1511175,3
7084,1370,metadata,412088,0
7084,1370,metadata,369527,3
7084,1370,metadata,359423,3
7084,1370,metadata,359445,3
7085,1370,dublin core,369527,3
7086,1370,ieee lom,369527,3
7087,1370,rdf,369527,3
7088,1370,semantic web,13577,0
7089,1370,interoperability,274519,0
7090,1370,standardization,369527,3
7091,1371,metadata,412088,0
7091,1371,metadata,369527,3
7091,1371,metadata,359423,3
7091,1371,metadata,359445,3
7092,1378,art,1231573,3
7093,1378,ndk,1109257,0
7094,1378,gpu,970839,0
7095,1378,c++,1904964,0
7096,1378,java,1230123,0
7097,1378,android,970839,0
7098,1378,renderscript,1114955,3
7099,1378,image processing,1164171,0
7100,1378,dalvik,1109257,0
7101,1378,android runtime,1231573,3
7102,1383,possibilistic information flow,675561,3
7103,1383,logic of knowledge,675561,3
7104,1383,languagebased security,675561,3
7105,1383,verification,459653,3
7105,1383,verification,114295,0
7105,1383,verification,7202,0
7105,1383,verification,1789914,0
7105,1383,verification,957404,3
7106,1383,sbom,1823042,3
7107,1383,software supply chain,1903823,0
7107,1383,software supply chain,1823042,3
7108,1389,technical analysis,1114719,3
7109,1389,rsi,1114719,3
7110,1389,candlestick patterns,1114719,3
7111,1389,trading,1587978,3
7111,1389,trading,1114719,3
7112,1390,technical analysis,1114719,3
7113,1390,rsi,1114719,3
7114,1390,candlestick patterns,1114719,3
7115,1390,trading,1587978,3
7115,1390,trading,1114719,3
7116,1400,map projection,953533,3
7117,1400,reprojection,953533,3
7118,1400,raster,1894324,0
7118,1400,raster,1894324,0
7118,1400,raster,953533,3
7119,1400,gpu,970839,0
7120,1401,rest restful services hateoas swagger raml api blueprint wadl,849934,3
7121,1404,machine learning,1511175,3
7122,1404,probabilistic models,1499133,3
7123,1404,normalising flow,1634260,3
7124,1404,environment interaction,1634260,3
7125,1404,animation synthesis,1634260,3
7126,1404,maskinginlärning,1634260,3
7127,1404,probabilistiska metoder,1634260,3
7128,1404,normaliserande flöden,1634260,3
7129,1404,interaktion med omgivning,1634260,3
7130,1404,animations-syntes,1634260,3
7131,1405,agent-based model,1464540,3
7132,1405,abm,1464540,3
7133,1405,mason,1464540,3
7134,1405,measles,1464540,3
7135,1405,airborne transmission,1464540,3
7136,1405,droplet infection,1464540,3
7137,1405,epidemic,1464540,3
7138,1405,epidemiological model,1464540,3
7139,1405,agentbaserad modell,1464540,3
7140,1405,abm,1464540,3
7141,1405,mason,1464540,3
7142,1405,mässling,1464540,3
7143,1405,luftburen smitta,1464540,3
7144,1405,droppinfektion,1464540,3
7145,1405,epidemi,1464540,3
7146,1405,epidemiologisk modell,1464540,3
7147,1406,agent-based model,1464540,3
7148,1406,abm,1464540,3
7149,1406,mason,1464540,3
7150,1406,measles,1464540,3
7151,1406,airborne transmission,1464540,3
7152,1406,droplet infection,1464540,3
7153,1406,epidemic,1464540,3
7154,1406,epidemiological model,1464540,3
7155,1406,agentbaserad modell,1464540,3
7156,1406,abm,1464540,3
7157,1406,mason,1464540,3
7158,1406,mässling,1464540,3
7159,1406,luftburen smitta,1464540,3
7160,1406,droppinfektion,1464540,3
7161,1406,epidemi,1464540,3
7162,1406,epidemiologisk modell,1464540,3
7163,1413,vowel-vowel utterances,1471890,3
7164,1413,biomechanical model,1263713,3
7164,1413,biomechanical model,1471890,3
7165,1413,acoustic model,1263713,3
7165,1413,acoustic model,1471890,3
7166,1413,voice production,1471890,3
7167,1413,finite element method,971288,3
7168,1414,trees,233570,3
7169,1414,biology and genetics,233570,3
7170,1414,combinatorial algorithms,233570,3
7171,1414,graph algorithms,233570,3
7172,1414,lateral gene tranfer,220830,3
7173,1414,horizontal gene transfer,220830,3
7174,1414,cancer progression,220830,3
7175,1415,trees,233570,3
7176,1415,biology and genetics,233570,3
7177,1415,combinatorial algorithms,233570,3
7178,1415,graph algorithms,233570,3
7179,1416,trees,233570,3
7180,1416,biology and genetics,233570,3
7181,1416,combinatorial algorithms,233570,3
7182,1416,graph algorithms,233570,3
7183,1423,scatterplot,1618097,3
7184,1423,animation,871461,3
7185,1423,perception,1618097,3
7186,1423,visualization,1708140,3
7187,1423,punktdiagram,1618097,3
7188,1423,animering,1618097,3
7189,1423,perception,1618097,3
7190,1423,visualisering,1708140,3
7191,1424,software based memory correction,1106644,3
7192,1424,dram,1106644,3
7193,1424,reed-solomon,1106644,3
7194,1424,hamming,1106644,3
7195,1424,cubesat,1106644,3
7196,1424,low-earth orbit,1106644,3
7197,1424,mist,1106644,3
7198,1425,software based memory correction,1106644,3
7199,1425,dram,1106644,3
7200,1425,reed-solomon,1106644,3
7201,1425,hamming,1106644,3
7202,1425,cubesat,1106644,3
7203,1425,low-earth orbit,1106644,3
7204,1425,mist,1106644,3
7205,1426,sbom,1823042,3
7206,1426,software supply chain,1903823,0
7206,1426,software supply chain,1823042,3
7207,1427,sbom,1823042,3
7208,1427,software supply chain,1903823,0
7208,1427,software supply chain,1823042,3
7209,1428,sbom,1823042,3
7210,1428,software supply chain,1903823,0
7210,1428,software supply chain,1823042,3
7211,1429,sbom,1823042,3
7212,1429,software supply chain,1903823,0
7212,1429,software supply chain,1823042,3
7213,1430,sbom,1823042,3
7214,1430,software supply chain,1903823,0
7214,1430,software supply chain,1823042,3
7215,1430,public key infrastructure,1913442,3
7216,1430,hardware security modules,1913442,3
7217,1430,kmip,1913442,3
7218,1430,pkcs#11,1913442,3
7219,1430,public key infrastructure,1913442,3
7220,1430,hardware security module,1913442,3
7221,1430,kmip,1913442,3
7222,1430,pkcs#11,1913442,3
7223,1431,sbom,1823042,3
7224,1431,software supply chain,1903823,0
7224,1431,software supply chain,1823042,3
7225,1432,topic modeling,1118834,3
7226,1432,twitter,1595839,3
7227,1432,latent dirichlet allocation,1118834,3
7228,1432,lda,946538,3
7229,1432,re-organized lda,946538,3
7230,1432,ro-lda,946538,3
7231,1432,gmm,1885514,0
7232,1432,gaussian mixture model,1712821,0
7233,1432,unsupervised,946538,3
7233,1432,unsupervised,1146710,3
7234,1432,machine learning,1511175,3
7235,1434,voice,465324,3
7236,1434,high-frequency,465324,3
7237,1434,auditory masking,465324,3
7238,1434,piriform sinuses,465324,3
7239,1434,critical bands,465324,3
7240,1434,long-time average spectrum,465324,3
7241,1437,modelling,485806,3
7241,1437,modelling,1214365,3
7242,1437,nuclear,485806,3
7243,1437,fuel,485806,3
7244,1437,pwr,485806,3
7245,1437,numerical,485806,3
7246,1437,solver,485806,3
7247,1437,convergence,485806,3
7248,1437,qualification,485806,3
7249,1437,sonification,1834208,0
7250,1437,rowing,465549,3
7251,1437,sculler,465549,3
7252,1437,sports,465549,3
7253,1437,accelerometer,465549,3
7253,1437,accelerometer,1108645,3
7254,1438,acoustic analysis,774961,3
7255,1438,adult,774961,3
7256,1438,anger,774961,3
7257,1438,article,774961,3
7258,1438,controlled study,774961,3
7259,1438,emotion,1941305,0
7259,1438,emotion,774961,3
7260,1438,fear,774961,3
7261,1438,female,774961,3
7262,1438,happiness,774961,3
7263,1438,human,774961,3
7264,1438,human experiment,774961,3
7265,1438,locomotion,1783246,0
7265,1438,locomotion,1793358,0
7265,1438,locomotion,774961,3
7266,1438,male,774961,3
7267,1438,middle aged,774961,3
7268,1438,motor activity,774961,3
7269,1438,music,1941305,0
7269,1438,music,931547,0
7269,1438,music,774961,3
7269,1438,music,1116701,3
7270,1438,normal human,774961,3
7271,1438,recognition,464071,3
7271,1438,recognition,774961,3
7272,1438,sadness,774961,3
7273,1438,sound detection,774961,3
7274,1438,sound intensity,774961,3
7275,1438,walking,774961,3
7276,1442,web api,1117695,3
7277,1442,scraping,1117695,3
7278,1442,machine learning,1511175,3
7279,1442,supervised learning,1118354,0
7280,1442,web api content scraping,1117695,3
7281,1442,ddos,811568,3
7282,1442,application layer,811568,3
7283,1442,speak-up,811568,3
7284,1442,denial-of-service,811568,3
7285,1442,cyber attack,811568,3
7286,1443,ddos,811568,3
7287,1443,application layer,811568,3
7288,1443,speak-up,811568,3
7289,1443,denial-of-service,811568,3
7290,1443,cyber attack,811568,3
7291,1443,machine learning,1511175,3
7292,1443,ml,1267392,3
7293,1443,recurrent neural networks,1215272,3
7293,1443,recurrent neural networks,1118598,3
7293,1443,recurrent neural networks,1267392,3
7293,1443,recurrent neural networks,1267392,3
7293,1443,recurrent neural networks,1257845,0
7294,1443,rnn,1267392,3
7295,1443,deep learning,1712831,0
7296,1443,tracking,443263,3
7296,1443,tracking,1150643,0
7296,1443,tracking,1887674,0
7296,1443,tracking,473627,3
7296,1443,tracking,466293,3
7296,1443,tracking,465689,3
7296,1443,tracking,465018,3
7296,1443,tracking,1267392,3
7297,1443,golf,1118598,3
7297,1443,golf,1267392,3
7297,1443,golf,1267392,3
7298,1443,bounce,1267392,3
7299,1443,synthetic data,1755956,0
7299,1443,synthetic data,1267392,3
7300,1443,maskininlärning,1269787,0
7301,1443,ml,1267392,3
7302,1443,rnn,1267392,3
7303,1443,djupinlärning,1887987,3
7303,1443,djupinlärning,1788172,0
7304,1443,följning,1267392,3
7305,1443,studs,1267392,3
7306,1443,syntetiskt data,1267392,3
7307,1459,representation learning,1856441,3
7308,1459,clustering,898710,3
7309,1459,otc derivatives,1118387,3
7310,1459,classification,1118354,0
7310,1459,classification,1278712,3
7310,1459,classification,1857944,3
7310,1459,classification,473385,3
7310,1459,classification,971649,0
7310,1459,classification,1118387,3
7311,1460,automatic summarization,1116765,3
7312,1460,natural language processing,1589461,3
7312,1460,natural language processing,927314,0
7312,1460,natural language processing,1257845,0
7312,1460,natural language processing,1116765,3
7313,1460,textrank,1116765,3
7314,1460,semantic folding,1116765,3
7315,1460,extractive document summarization,1116765,3
7316,1461,anova,817395,3
7317,1461,backpropagation,817395,3
7317,1461,backpropagation,787315,0
7318,1461,configurations,817395,3
7319,1461,stock prediction,817395,3
7320,1461,artficial neural networks,817395,3
7321,1462,anova,817395,3
7322,1462,backpropagation,817395,3
7322,1462,backpropagation,787315,0
7323,1462,configurations,817395,3
7324,1462,stock prediction,817395,3
7325,1462,artficial neural networks,817395,3
7326,1463,information filtering,1244710,0
7327,1463,information retrieval,1697653,0
7327,1463,information retrieval,947155,0
7327,1463,information retrieval,1237438,0
7328,1463,search engine,1118011,3
7328,1463,search engine,1710603,0
7328,1463,search engine,798493,0
7328,1463,search engine,1243318,3
7329,1463,search engines,1799685,3
7330,1463,recommendation,1118011,3
7331,1463,music recommendation,1118011,3
7331,1463,music recommendation,850112,0
7331,1463,music recommendation,1090618,0
7332,1463,personalized recommendation,1118011,3
7333,1463,personalised recommendation,1118011,3
7334,1463,context aware recommendation,1118011,3
7335,1463,recommender systems,1244710,0
7336,1463,statistical learning,811087,3
7337,1463,artificial intelligence,1853540,3
7338,1463,machine learning,1511175,3
7339,1463,deep learning,1712831,0
7340,1463,neural networks,1194112,0
7340,1463,neural networks,1320166,3
7341,1463,artificial neural networks,1231223,0
7341,1463,artificial neural networks,846386,0
7341,1463,artificial neural networks,1200633,3
7341,1463,artificial neural networks,1632685,0
7342,1463,feed forward neural networks,1118011,3
7343,1463,convolutional neural networks,1464537,3
7344,1463,recurrent neural networks,1215272,3
7344,1463,recurrent neural networks,1118598,3
7344,1463,recurrent neural networks,1267392,3
7344,1463,recurrent neural networks,1267392,3
7344,1463,recurrent neural networks,1257845,0
7345,1463,deep neural networks,1136420,0
7345,1463,deep neural networks,1271052,0
7346,1463,embedding,1118011,3
7347,1463,statistical learning,811087,3
7348,1463,artificial intelligence,1853540,3
7349,1463,neural network,811087,3
7349,1463,neural network,1188541,0
7350,1463,machine learning,1511175,3
7351,1463,support vector machine,846825,0
7352,1463,twitter,1595839,3
7353,1463,stock forecasting.,811087,3
7354,1464,cnn,1613536,0
7355,1464,convolutional neural networks,1464537,3
7356,1464,transfer learning,1750932,0
7356,1464,transfer learning,1687996,3
7356,1464,transfer learning,1242627,3
7357,1464,mobile object detection,1242627,3
7358,1464,statistical learning,811087,3
7359,1464,artificial intelligence,1853540,3
7360,1464,neural network,811087,3
7360,1464,neural network,1188541,0
7361,1464,machine learning,1511175,3
7362,1464,support vector machine,846825,0
7363,1464,twitter,1595839,3
7364,1464,stock forecasting.,811087,3
7365,1475,learning analytics,1844579,0
7365,1475,learning analytics,1649695,3
7366,1475,adoption,1649695,3
7367,1475,higher education,1844579,0
7367,1475,higher education,1649695,3
7368,1475,students’ expectations.,1649695,3
7369,1476,learning analytics,1844579,0
7369,1476,learning analytics,1649695,3
7370,1476,adoption,1649695,3
7371,1476,higher education,1844579,0
7371,1476,higher education,1649695,3
7372,1476,students’ expectations.,1649695,3
7373,1477,learning analytics,1844579,0
7373,1477,learning analytics,1649695,3
7374,1477,adoption,1649695,3
7375,1477,higher education,1844579,0
7375,1477,higher education,1649695,3
7376,1477,students’ expectations.,1649695,3
7377,1478,learning analytics,1844579,0
7377,1478,learning analytics,1649695,3
7378,1478,adoption,1649695,3
7379,1478,higher education,1844579,0
7379,1478,higher education,1649695,3
7380,1478,students’ expectations.,1649695,3
7381,1479,ccs concepts,1499133,3
7382,1479,computing methodologies,1499133,3
7383,1479,motion capture,1499133,3
7383,1479,motion capture,1664509,2
7384,1479,animation,871461,3
7385,1479,neural networks,1194112,0
7385,1479,neural networks,1320166,3
7386,1479,gestures,1499133,3
7387,1479,motion capture,1499133,3
7387,1479,motion capture,1664509,2
7388,1479,data-driven animation,1499133,3
7389,1479,character control,1499133,3
7390,1479,probabilistic models,1499133,3
7391,1479,wasp_publications,1499133,3
7392,1482,adaptive control,1802149,3
7393,1482,model predictive control,1802149,3
7394,1484,agile,827957,0
7394,1484,agile,840439,3
7394,1484,agile,1584585,3
7395,1484,security,1794943,3
7395,1484,security,1464458,0
7396,1484,testing,445529,3
7396,1484,testing,1229962,0
7396,1484,testing,1750939,0
7397,1484,vulnerability scanner,840439,3
7398,1484,detection,1231003,0
7398,1484,detection,840439,3
7398,1484,detection,858059,0
7399,1486,student performance prediction,1851220,3
7400,1486,programming education,1851220,3
7401,1486,unit test snapshot,1851220,3
7402,1486,machine learning,1511175,3
7403,1486,educational data mining,1851220,3
7404,1486,förutsägelse av studentprestationer,1851220,3
7405,1486,programmeringsutbildning,1851220,3
7406,1486,snapshot av enhetstest,1851220,3
7407,1486,maskininlärning,1269787,0
7408,1486,educational data mining,1851220,3
7409,1487,human behavior,1595839,3
7410,1487,financial markets,1595839,3
7411,1487,sentiment analysis,1885510,0
7412,1487,twitter,1595839,3
7413,1487,mänskligt beteende,1595839,3
7414,1487,finansiella marknader,1595839,3
7415,1487,sentimentanalys,1885510,0
7416,1487,twitter,1595839,3
7417,1488,human-drone interactions,1834195,3
7418,1488,failures,1834195,3
7419,1488,user study,1834195,3
7420,1488,trust,1834195,3
7420,1488,trust,1111933,0
7420,1488,trust,1111933,0
7421,1488,risk-taking,1834195,3
7422,1488,survey,1834195,3
7423,1488,människodrönarinteraktioner,1834195,3
7424,1488,misslyckanden,1834195,3
7425,1488,användarstudie,1834195,3
7426,1488,tillit,1834195,3
7427,1488,risktagning,1834195,3
7428,1488,enkät,1834195,3
7429,1488,human behavior,1595839,3
7430,1488,financial markets,1595839,3
7431,1488,sentiment analysis,1885510,0
7432,1488,twitter,1595839,3
7433,1488,mänskligt beteende,1595839,3
7434,1488,finansiella marknader,1595839,3
7435,1488,sentimentanalys,1885510,0
7436,1488,twitter,1595839,3
7437,1489,artificial intelligence,1853540,3
7438,1489,machine learning,1511175,3
7439,1489,deep learning,1712831,0
7440,1489,time series regression,1853540,3
7441,1489,recurrent neural networks (rnn),1853540,3
7442,1489,long short-term memory (lstm),1853540,3
7443,1489,graph neural networks,1853540,3
7444,1489,graph convolutional networks (gcn),1853540,3
7445,1489,intelligent transportation systems (itp),1853540,3
7446,1489,short term traffic prediction (sttp),1853540,3
7447,1489,traffic forecasting,1853540,3
7448,1489,crowd insights,1853540,3
7449,1489,artificiell intelligens,1853540,3
7450,1489,maskininlärning,1269787,0
7451,1489,djupinlärning,1887987,3
7451,1489,djupinlärning,1788172,0
7452,1489,regression av tidsserier,1853540,3
7453,1489,smarta transportsystem,1853540,3
7454,1489,trafikprognos,1853540,3
7455,1489,folkströmsdata,1853540,3
7456,1499,machine learning,1511175,3
7457,1499,deep learning,1712831,0
7458,1499,cnn,1613536,0
7459,1499,cnns,846714,3
7460,1499,convolutional neural networks,1464537,3
7461,1499,convolutional neural nets,846714,3
7462,1499,neural networks,1194112,0
7462,1499,neural networks,1320166,3
7463,1499,neural nets,846714,3
7464,1499,synthetic biology,846714,3
7465,1499,alternative splicing,846714,3
7466,1499,as,846714,3
7467,1499,splicing,846714,3
7468,1499,dna regulation,846714,3
7469,1499,synthetic dna,846714,3
7470,1499,massively parallel library,846714,3
7471,1499,maskinlärning,846714,3
7472,1499,cnn,1613536,0
7473,1499,cnns,846714,3
7474,1499,convolutional neural networks,1464537,3
7475,1499,convolutional neural nets,846714,3
7476,1499,faltning,1885507,0
7477,1499,neurala nätverk,1601084,0
7478,1499,neurala nät,846714,3
7479,1499,syntetisk biologi,846714,3
7480,1499,alternativ splicing,846714,3
7481,1499,splicing,846714,3
7482,1499,as,846714,3
7483,1499,dna,846714,3
7484,1499,massivt parallellt bibliotek,846714,3
7485,1499,syntetiskt dna,846714,3
7486,1499,robot,871461,3
7486,1499,robot,1108625,0
7487,1499,robotic face,871461,3
7488,1499,kinect,858059,0
7489,1499,microsoft kinect,871461,3
7490,1499,animation,871461,3
7491,1499,telepresence,843594,3
7492,1499,robot,871461,3
7492,1499,robot,1108625,0
7493,1499,robotiskt ansikte,871461,3
7494,1499,kinect,858059,0
7495,1499,microsoft kinect,871461,3
7496,1499,animation,871461,3
7497,1499,telepresence,843594,3
7498,1500,robot,871461,3
7498,1500,robot,1108625,0
7499,1500,robotic face,871461,3
7500,1500,kinect,858059,0
7501,1500,microsoft kinect,871461,3
7502,1500,animation,871461,3
7503,1500,telepresence,843594,3
7504,1500,robot,871461,3
7504,1500,robot,1108625,0
7505,1500,robotiskt ansikte,871461,3
7506,1500,kinect,858059,0
7507,1500,microsoft kinect,871461,3
7508,1500,animation,871461,3
7509,1500,telepresence,843594,3
7510,1500,telepresence,843594,3
7511,1500,telenärvaro,843594,3
7512,1512,#csp,447563,3
7513,1512,dichotomy theorem,447563,3
7514,1512,counting problems,447563,3
7515,1512,computational complexity,1094244,0
7515,1512,computational complexity,447563,3
7516,1513,#csp,447563,3
7517,1513,dichotomy theorem,447563,3
7518,1513,counting problems,447563,3
7519,1513,computational complexity,1094244,0
7519,1513,computational complexity,447563,3
7520,1516,privacy,1808715,0
7521,1516,online social networks,1046856,3
7522,1516,decentralization,808202,3
7522,1516,decentralization,749552,1
7523,1516,privacy,1808715,0
7524,1516,online social networks,1046856,3
7525,1516,decentralized online social networks,1046856,3
7526,1516,tor,1046673,3
7527,1516,website fingerprinting,1046673,3
7528,1516,correlation attacks,1046673,3
7529,1516,anonymity,1046673,3
7529,1516,anonymity,1789914,0
7530,1516,dns,1046673,3
7531,1517,tor,1046673,3
7532,1517,website fingerprinting,1046673,3
7533,1517,correlation attacks,1046673,3
7534,1517,anonymity,1046673,3
7534,1517,anonymity,1789914,0
7535,1517,dns,1046673,3
7536,1518,tor,1046673,3
7537,1518,website fingerprinting,1046673,3
7538,1518,correlation attacks,1046673,3
7539,1518,anonymity,1046673,3
7539,1518,anonymity,1789914,0
7540,1518,dns,1046673,3
7541,1519,tor,1046673,3
7542,1519,website fingerprinting,1046673,3
7543,1519,correlation attacks,1046673,3
7544,1519,anonymity,1046673,3
7544,1519,anonymity,1789914,0
7545,1519,dns,1046673,3
7546,1520,tor,1046673,3
7547,1520,website fingerprinting,1046673,3
7548,1520,correlation attacks,1046673,3
7549,1520,anonymity,1046673,3
7549,1520,anonymity,1789914,0
7550,1520,dns,1046673,3
7551,1521,dynamic vision sensor,1597427,3
7552,1521,noise reduction,1597427,3
7553,1521,filter performance evaluation,1597427,3
7554,1521,histogram of averaged time surfaces,1597427,3
7555,1521,neuromorphic vision,1597427,3
7556,1521,event-based vision,1597427,3
7557,1521,dynamisk synsensor,1597427,3
7558,1521,brusreducering,1597427,3
7559,1521,utvärdering av filter prestanda,1597427,3
7560,1521,histogram av genomsnittliga tidsytor,1597427,3
7561,1521,neuromorfisk synsensor,1597427,3
7562,1521,händelsebaserad syn,1597427,3
7563,1522,dynamic vision sensor,1597427,3
7564,1522,noise reduction,1597427,3
7565,1522,filter performance evaluation,1597427,3
7566,1522,histogram of averaged time surfaces,1597427,3
7567,1522,neuromorphic vision,1597427,3
7568,1522,event-based vision,1597427,3
7569,1522,dynamisk synsensor,1597427,3
7570,1522,brusreducering,1597427,3
7571,1522,utvärdering av filter prestanda,1597427,3
7572,1522,histogram av genomsnittliga tidsytor,1597427,3
7573,1522,neuromorfisk synsensor,1597427,3
7574,1522,händelsebaserad syn,1597427,3
7575,1523,bachelor’s thesis,1797607,3
7576,1523,quantum computing,1797607,3
7577,1523,shor’s algorithm,1797607,3
7578,1523,noise,1797607,3
7579,1523,cryptography,1913448,3
7580,1523,qiskit,1797607,3
7581,1523,kandidatexamensarbete,1797607,3
7582,1523,kvantdatorer,1797607,3
7583,1523,shors algorithm,1797607,3
7584,1523,brus,1797607,3
7585,1523,kryptografi,1913448,3
7586,1523,qiskit,1797607,3
7587,1524,bachelor’s thesis,1797607,3
7588,1524,quantum computing,1797607,3
7589,1524,shor’s algorithm,1797607,3
7590,1524,noise,1797607,3
7591,1524,cryptography,1913448,3
7592,1524,qiskit,1797607,3
7593,1524,kandidatexamensarbete,1797607,3
7594,1524,kvantdatorer,1797607,3
7595,1524,shors algorithm,1797607,3
7596,1524,brus,1797607,3
7597,1524,kryptografi,1913448,3
7598,1524,qiskit,1797607,3
7599,1529,ai,1216455,3
7599,1529,ai,1241148,3
7599,1529,ai,1241148,3
7599,1529,ai,908072,0
7599,1529,ai,908072,0
7599,1529,ai,1278712,3
7599,1529,ai,1278712,3
7600,1529,consumer value,1216455,3
7601,1529,dota 2,1216455,3
7602,1529,esports,1216455,3
7603,1529,mssc,1216455,3
7604,1529,neural networks,1194112,0
7604,1529,neural networks,1320166,3
7605,1529,perfa,1216455,3
7606,1529,value proposition,1216455,3
7607,1529,ai,1216455,3
7607,1529,ai,1241148,3
7607,1529,ai,1241148,3
7607,1529,ai,908072,0
7607,1529,ai,908072,0
7607,1529,ai,1278712,3
7607,1529,ai,1278712,3
7608,1529,dota 2,1216455,3
7609,1529,e-sport,1216455,3
7610,1529,mssc,1216455,3
7611,1529,neurala nätverk,1601084,0
7612,1529,perfa,1216455,3
7613,1529,värdeerbjudande,1216455,3
7614,1530,deep learning,1712831,0
7615,1530,monocular,1252502,3
7616,1530,depth estimation,1252502,3
7617,1530,narrow field of view,1252502,3
7618,1530,rgb,1252502,3
7619,1530,rgbd,1252502,3
7620,1530,noicy depth,1252502,3
7621,1530,dense depth,1252502,3
7622,1530,narrow depth,1252502,3
7623,1530,sparse depth,1252502,3
7624,1531,multi-party interactions,1585967,3
7625,1531,non-verbal behaviors,1585967,3
7626,1531,eye-gaze patterns,1585967,3
7627,1531,head gestures,1585967,3
7628,1531,human-robot interaction,1887991,0
7629,1531,artificial listener,1585967,3
7630,1531,social signal processing,1585967,3
7631,1535,natural language processing,1589461,3
7631,1535,natural language processing,927314,0
7631,1535,natural language processing,1257845,0
7631,1535,natural language processing,1116765,3
7632,1535,abstractive text summarization,1783635,3
7632,1535,abstractive text summarization,1257845,0
7633,1535,transformer architecture,1887426,0
7634,1535,fine-tuning,1708538,3
7635,1535,resumes,1783635,3
7636,1535,språkteknologi,1589461,3
7637,1535,abstrakt textsammanfattning,1783635,3
7638,1535,transformer-arkitektur,1783635,3
7639,1535,finjustering,1899003,0
7639,1535,finjustering,1708538,3
7640,1535,cv,1783635,3
7641,1536,crowds,1118766,3
7642,1536,high density,1118766,3
7643,1536,groups,1118766,3
7644,1536,unilateral,1118766,3
7645,1536,lcp,1118766,3
7646,1536,swirl,1118766,3
7647,1536,streamline,1118766,3
7648,1545,eye tracking,1599676,3
7649,1545,deep learning,1712831,0
7650,1545,transfer learning,1750932,0
7650,1545,transfer learning,1687996,3
7650,1545,transfer learning,1242627,3
7651,1545,convolutional neural networks,1464537,3
7652,1545,supervised learning,1118354,0
7653,1546,video coding,1189830,3
7654,1546,video compression,1189830,3
7655,1546,intra-prediction,1189830,3
7656,1546,ann,1188541,0
7657,1546,cnn,1613536,0
7658,1546,fcn,1189830,3
7658,1546,fcn,1189830,3
7659,1546,artificial neural networks,1231223,0
7659,1546,artificial neural networks,846386,0
7659,1546,artificial neural networks,1200633,3
7659,1546,artificial neural networks,1632685,0
7660,1546,convolutional neural networks,1464537,3
7661,1546,fully connected networks,1189830,3
7662,1546,hevc,865774,3
7662,1546,hevc,1189830,3
7662,1546,hevc,1189830,3
7663,1546,videokodning,1189830,3
7663,1546,videokodning,1788172,0
7664,1546,videokomprimering,1189830,3
7665,1546,intra-prediktion,1189830,3
7666,1553,metadata,412088,0
7666,1553,metadata,369527,3
7666,1553,metadata,359423,3
7666,1553,metadata,359445,3
7667,1554,public key infrastructure,1913442,3
7668,1554,blockchain,1230535,3
7668,1554,blockchain,1111933,0
7668,1554,blockchain,1111933,0
7669,1554,merkle tree,1799790,3
7669,1554,merkle tree,1119313,0
7670,1554,proof of stake,1121040,3
7671,1554,certificate authority,1121040,3
7672,1554,graph decomposition,811055,3
7673,1554,strongly connected component,811055,3
7674,1554,pursuit-evasion,811055,3
7675,1554,search number,811055,3
7676,1554,el-system,811055,3
7677,1554,formal grammar,811055,3
7678,1554,greedy heuristic,811055,3
7679,1555,multi-agent games,1700117,3
7680,1555,multiagent games,1115157,3
7681,1555,multi-agent system,1713716,0
7681,1555,multi-agent system,1111933,0
7681,1555,multi-agent system,1111933,0
7682,1555,imperfect information,1700117,3
7683,1555,imperfect recall,1115157,3
7684,1555,collaboration,321168,0
7684,1555,collaboration,1789930,0
7685,1555,imperfect communication,1115157,3
7686,1555,finite-state strategy,1115157,3
7687,1555,concurrent games,1115157,3
7688,1555,concurrent system,1115157,3
7689,1555,strategy synthesis,1700117,3
7690,1555,strategy construction,1115157,3
7691,1555,automated programming,1115157,3
7692,1555,automated problem solving,1115157,3
7693,1555,automated collaboration,1115157,3
7694,1555,verification,459653,3
7694,1555,verification,114295,0
7694,1555,verification,7202,0
7694,1555,verification,1789914,0
7694,1555,verification,957404,3
7695,1555,knowledge-based subset construction,1115157,3
7696,1555,knowledge tracking,1115157,3
7697,1555,graph decomposition,811055,3
7698,1555,strongly connected component,811055,3
7699,1555,pursuit-evasion,811055,3
7700,1555,search number,811055,3
7701,1555,el-system,811055,3
7702,1555,formal grammar,811055,3
7703,1555,greedy heuristic,811055,3
7704,1558,geo-distributed systems,844010,3
7705,1558,replica selection algorithms,844010,3
7706,1558,symbolic execution,844010,3
7707,1559,geo-distributed systems,844010,3
7708,1559,replica selection algorithms,844010,3
7709,1559,symbolic execution,844010,3
7710,1560,energy harvesting,1875521,0
7711,1560,wireless peripherals,1144240,3
7712,1560,kinetic energy,1144240,3
7713,1560,bluetooth,1144240,3
7714,1560,low power,1144240,3
7714,1560,low power,1875521,0
7715,1560,smart home,1144240,3
7715,1560,smart home,1500879,0
7716,1560,iot,1464458,0
7717,1561,openstack,954536,3
7718,1561,cloud,1612613,0
7718,1561,cloud,1801007,3
7719,1561,cloud computing,1359662,0
7720,1561,hypervisor,1136624,3
7721,1561,networking,1897043,0
7721,1561,networking,1371780,3
7722,1561,performance,1778279,3
7723,1561,networking performance,954536,3
7724,1563,acoustic analysis,774961,3
7725,1563,adult,774961,3
7726,1563,anger,774961,3
7727,1563,article,774961,3
7728,1563,controlled study,774961,3
7729,1563,emotion,1941305,0
7729,1563,emotion,774961,3
7730,1563,fear,774961,3
7731,1563,female,774961,3
7732,1563,happiness,774961,3
7733,1563,human,774961,3
7734,1563,human experiment,774961,3
7735,1563,locomotion,1783246,0
7735,1563,locomotion,1793358,0
7735,1563,locomotion,774961,3
7736,1563,male,774961,3
7737,1563,middle aged,774961,3
7738,1563,motor activity,774961,3
7739,1563,music,1941305,0
7739,1563,music,931547,0
7739,1563,music,774961,3
7739,1563,music,1116701,3
7740,1563,normal human,774961,3
7741,1563,recognition,464071,3
7741,1563,recognition,774961,3
7742,1563,sadness,774961,3
7743,1563,sound detection,774961,3
7744,1563,sound intensity,774961,3
7745,1563,walking,774961,3
7746,1564,acoustic analysis,774961,3
7747,1564,adult,774961,3
7748,1564,anger,774961,3
7749,1564,article,774961,3
7750,1564,controlled study,774961,3
7751,1564,emotion,1941305,0
7751,1564,emotion,774961,3
7752,1564,fear,774961,3
7753,1564,female,774961,3
7754,1564,happiness,774961,3
7755,1564,human,774961,3
7756,1564,human experiment,774961,3
7757,1564,locomotion,1783246,0
7757,1564,locomotion,1793358,0
7757,1564,locomotion,774961,3
7758,1564,male,774961,3
7759,1564,middle aged,774961,3
7760,1564,motor activity,774961,3
7761,1564,music,1941305,0
7761,1564,music,931547,0
7761,1564,music,774961,3
7761,1564,music,1116701,3
7762,1564,normal human,774961,3
7763,1564,recognition,464071,3
7763,1564,recognition,774961,3
7764,1564,sadness,774961,3
7765,1564,sound detection,774961,3
7766,1564,sound intensity,774961,3
7767,1564,walking,774961,3
7768,1565,solo first pair second programming,1584585,3
7769,1565,sfpsp,1584585,3
7770,1565,agile,827957,0
7770,1565,agile,840439,3
7770,1565,agile,1584585,3
7771,1565,modern software development,1584585,3
7772,1565,pair programming,1584585,3
7773,1565,solo programming,1584585,3
7774,1565,solo first pair second programming,1584585,3
7775,1565,sfpsp,1584585,3
7776,1565,agila metoder,1584585,3
7777,1565,modern mjukvaruutveckling,1584585,3
7778,1565,parprogrammering,1584585,3
7779,1565,soloprogrammering,1584585,3
7780,1566,solo first pair second programming,1584585,3
7781,1566,sfpsp,1584585,3
7782,1566,agile,827957,0
7782,1566,agile,840439,3
7782,1566,agile,1584585,3
7783,1566,modern software development,1584585,3
7784,1566,pair programming,1584585,3
7785,1566,solo programming,1584585,3
7786,1566,solo first pair second programming,1584585,3
7787,1566,sfpsp,1584585,3
7788,1566,agila metoder,1584585,3
7789,1566,modern mjukvaruutveckling,1584585,3
7790,1566,parprogrammering,1584585,3
7791,1566,soloprogrammering,1584585,3
7792,1570,computer graphics,1634246,0
7793,1570,transparency,1279122,3
7794,1570,realtime,1279122,3
7795,1570,3d,1229126,0
7796,1570,rendering,1934675,0
7796,1570,rendering,1279122,3
7797,1570,datorgrafik,1634246,0
7798,1570,transparens,1279122,3
7799,1570,realtid,1601859,0
7800,1570,3d,1229126,0
7801,1575,procedural modeling,1757218,3
7802,1575,building facades,1757218,3
7803,1575,wear and tear,1757218,3
7804,1575,procedurell modellering,1757218,3
7805,1575,byggnadsfasader,1757218,3
7806,1575,slitage,1757218,3
7807,1577,thunderstorms,1814839,3
7808,1577,air-traffic management,1814839,3
7809,1577,weather data,1814839,3
7810,1577,numerical weather prediction,1814839,3
7811,1577,satellite images,1814839,3
7812,1577,convolutional neural network,1588971,0
7813,1577,machine learning,1511175,3
7814,1578,thunderstorms,1814839,3
7815,1578,air-traffic management,1814839,3
7816,1578,weather data,1814839,3
7817,1578,numerical weather prediction,1814839,3
7818,1578,satellite images,1814839,3
7819,1578,convolutional neural network,1588971,0
7820,1578,machine learning,1511175,3
7821,1579,thunderstorms,1814839,3
7822,1579,air-traffic management,1814839,3
7823,1579,weather data,1814839,3
7824,1579,numerical weather prediction,1814839,3
7825,1579,satellite images,1814839,3
7826,1579,convolutional neural network,1588971,0
7827,1579,machine learning,1511175,3
7828,1580,thunderstorms,1814839,3
7829,1580,air-traffic management,1814839,3
7830,1580,weather data,1814839,3
7831,1580,numerical weather prediction,1814839,3
7832,1580,satellite images,1814839,3
7833,1580,convolutional neural network,1588971,0
7834,1580,machine learning,1511175,3
7835,1581,thunderstorms,1814839,3
7836,1581,air-traffic management,1814839,3
7837,1581,weather data,1814839,3
7838,1581,numerical weather prediction,1814839,3
7839,1581,satellite images,1814839,3
7840,1581,convolutional neural network,1588971,0
7841,1581,machine learning,1511175,3
7842,1582,thunderstorms,1814839,3
7843,1582,air-traffic management,1814839,3
7844,1582,weather data,1814839,3
7845,1582,numerical weather prediction,1814839,3
7846,1582,satellite images,1814839,3
7847,1582,convolutional neural network,1588971,0
7848,1582,machine learning,1511175,3
7849,1593,multi-party interactions,1585967,3
7850,1593,non-verbal behaviors,1585967,3
7851,1593,eye-gaze patterns,1585967,3
7852,1593,head gestures,1585967,3
7853,1593,human-robot interaction,1887991,0
7854,1593,artificial listener,1585967,3
7855,1593,social signal processing,1585967,3
7856,1594,multi-party interactions,1585967,3
7857,1594,non-verbal behaviors,1585967,3
7858,1594,eye-gaze patterns,1585967,3
7859,1594,head gestures,1585967,3
7860,1594,human-robot interaction,1887991,0
7861,1594,artificial listener,1585967,3
7862,1594,social signal processing,1585967,3
7863,1595,multi-party interactions,1585967,3
7864,1595,non-verbal behaviors,1585967,3
7865,1595,eye-gaze patterns,1585967,3
7866,1595,head gestures,1585967,3
7867,1595,human-robot interaction,1887991,0
7868,1595,artificial listener,1585967,3
7869,1595,social signal processing,1585967,3
7870,1596,multi-party interactions,1585967,3
7871,1596,non-verbal behaviors,1585967,3
7872,1596,eye-gaze patterns,1585967,3
7873,1596,head gestures,1585967,3
7874,1596,human-robot interaction,1887991,0
7875,1596,artificial listener,1585967,3
7876,1596,social signal processing,1585967,3
7877,1597,motion generation,1664509,3
7878,1597,reinforcement learning,1882693,0
7879,1597,referring actions,1664509,3
7880,1597,pointing gestures,1664509,3
7881,1597,human-robot interaction,1887991,0
7882,1597,motion capture,1499133,3
7882,1597,motion capture,1664509,3
7883,1599,ablation studies,1941572,3
7884,1599,deep learning,1712831,0
7885,1599,feature ablation,1941572,3
7886,1599,model ablation,1941572,3
7887,1599,large language models,1941572,3
7888,1602,processmining,1708140,3
7889,1602,agilematurity,1708140,3
7890,1602,visualization,1708140,3
7891,1602,issuetrackingsystem,1708140,3
7892,1602,software process improvement,1708140,3
7893,1602,the scaled agile framework,1708140,3
7894,1602,inductive visual miner,1708140,3
7895,1602,process mining,1708140,3
7896,1602,agil mognad,1708140,3
7897,1602,visualisering,1708140,3
7898,1602,ärendehanteringssystem,1708140,3
7899,1602,mjukvaruprocessförbättring,1708140,3
7900,1602,the scaled agile framework,1708140,3
7901,1602,inductive visual miner,1708140,3
7902,1603,dense retrieval,1713362,3
7903,1603,binary retrieval,1713362,3
7904,1603,semantic search,1713362,3
7905,1603,colbert,1713362,3
7906,1603,multilingual,1713362,3
7907,1603,msmarco,1713362,3
7908,1603,tät informationssökning,1713362,3
7909,1603,binär informationssökning,1713362,3
7910,1603,semantisk sökning,1713362,3
7911,1603,colbert,1713362,3
7912,1603,flerspråkig,1713362,3
7913,1603,ms marco,1713362,3
7914,1605,social media,1118834,3
7914,1605,social media,1789914,0
7915,1605,topic modeling,1118834,3
7916,1605,geo-awareness,1118834,3
7917,1605,trend analysis,1118834,3
7918,1605,latent dirichlet allocation,1118834,3
7919,1605,streaming media,1118834,3
7920,1606,social media,1118834,3
7920,1606,social media,1789914,0
7921,1606,topic modeling,1118834,3
7922,1606,geo-awareness,1118834,3
7923,1606,trend analysis,1118834,3
7924,1606,latent dirichlet allocation,1118834,3
7925,1606,streaming media,1118834,3
7926,1606,geo-aware topic model lda latent dirichlet geographic location,953540,3
7927,1607,wireless sensor node design,398986,3
7928,1607,receiver,398986,3
7929,1607,simulator,398986,3
7930,1607,transceiver circuits,398986,3
7931,1607,system-level design and performance verification,398986,3
7932,1608,wireless sensor node design,398986,3
7933,1608,receiver,398986,3
7934,1608,simulator,398986,3
7935,1608,transceiver circuits,398986,3
7936,1608,system-level design and performance verification,398986,3
7937,1609,wireless sensor node design,398986,3
7938,1609,receiver,398986,3
7939,1609,simulator,398986,3
7940,1609,transceiver circuits,398986,3
7941,1609,system-level design and performance verification,398986,3
7942,1612,load balancing,1512016,3
7943,1612,media access control,1512016,3
7944,1612,real-time communication,1512016,3
7945,1612,traffic distribution,1512016,3
7946,1612,wireless network on chip,1512016,3
7947,1612,embedded systems,1512016,3
7948,1612,medium access control,1512016,3
7949,1612,servers,1512016,3
7950,1612,wireless interconnects,1512016,3
7951,1612,wireless networks,1512016,3
7952,1612,arbitration mechanisms,1512016,3
7953,1612,average case performance,1512016,3
7954,1612,communication platforms,1512016,3
7955,1612,multi-core embedded systems,1512016,3
7956,1612,network-on-chip(noc),1512016,3
7957,1612,optimization modeling,1512016,3
7958,1612,optimization techniques,1512016,3
7959,1612,performance optimizations,1512016,3
7960,1612,network-on-chip,1512016,3
7961,1613,load balancing,1512016,3
7962,1613,media access control,1512016,3
7963,1613,real-time communication,1512016,3
7964,1613,traffic distribution,1512016,3
7965,1613,wireless network on chip,1512016,3
7966,1613,embedded systems,1512016,3
7967,1613,medium access control,1512016,3
7968,1613,servers,1512016,3
7969,1613,wireless interconnects,1512016,3
7970,1613,wireless networks,1512016,3
7971,1613,arbitration mechanisms,1512016,3
7972,1613,average case performance,1512016,3
7973,1613,communication platforms,1512016,3
7974,1613,multi-core embedded systems,1512016,3
7975,1613,network-on-chip(noc),1512016,3
7976,1613,optimization modeling,1512016,3
7977,1613,optimization techniques,1512016,3
7978,1613,performance optimizations,1512016,3
7979,1613,network-on-chip,1512016,3
7980,1614,load balancing,1512016,3
7981,1614,media access control,1512016,3
7982,1614,real-time communication,1512016,3
7983,1614,traffic distribution,1512016,3
7984,1614,wireless network on chip,1512016,3
7985,1614,embedded systems,1512016,3
7986,1614,medium access control,1512016,3
7987,1614,servers,1512016,3
7988,1614,wireless interconnects,1512016,3
7989,1614,wireless networks,1512016,3
7990,1614,arbitration mechanisms,1512016,3
7991,1614,average case performance,1512016,3
7992,1614,communication platforms,1512016,3
7993,1614,multi-core embedded systems,1512016,3
7994,1614,network-on-chip(noc),1512016,3
7995,1614,optimization modeling,1512016,3
7996,1614,optimization techniques,1512016,3
7997,1614,performance optimizations,1512016,3
7998,1614,network-on-chip,1512016,3
7999,1615,load balancing,1512016,3
8000,1615,media access control,1512016,3
8001,1615,real-time communication,1512016,3
8002,1615,traffic distribution,1512016,3
8003,1615,wireless network on chip,1512016,3
8004,1615,embedded systems,1512016,3
8005,1615,medium access control,1512016,3
8006,1615,servers,1512016,3
8007,1615,wireless interconnects,1512016,3
8008,1615,wireless networks,1512016,3
8009,1615,arbitration mechanisms,1512016,3
8010,1615,average case performance,1512016,3
8011,1615,communication platforms,1512016,3
8012,1615,multi-core embedded systems,1512016,3
8013,1615,network-on-chip(noc),1512016,3
8014,1615,optimization modeling,1512016,3
8015,1615,optimization techniques,1512016,3
8016,1615,performance optimizations,1512016,3
8017,1615,network-on-chip,1512016,3
8018,1616,load balancing,1512016,3
8019,1616,media access control,1512016,3
8020,1616,real-time communication,1512016,3
8021,1616,traffic distribution,1512016,3
8022,1616,wireless network on chip,1512016,3
8023,1616,embedded systems,1512016,3
8024,1616,medium access control,1512016,3
8025,1616,servers,1512016,3
8026,1616,wireless interconnects,1512016,3
8027,1616,wireless networks,1512016,3
8028,1616,arbitration mechanisms,1512016,3
8029,1616,average case performance,1512016,3
8030,1616,communication platforms,1512016,3
8031,1616,multi-core embedded systems,1512016,3
8032,1616,network-on-chip(noc),1512016,3
8033,1616,optimization modeling,1512016,3
8034,1616,optimization techniques,1512016,3
8035,1616,performance optimizations,1512016,3
8036,1616,network-on-chip,1512016,3
8037,1617,load balancing,1512016,3
8038,1617,media access control,1512016,3
8039,1617,real-time communication,1512016,3
8040,1617,traffic distribution,1512016,3
8041,1617,wireless network on chip,1512016,3
8042,1617,embedded systems,1512016,3
8043,1617,medium access control,1512016,3
8044,1617,servers,1512016,3
8045,1617,wireless interconnects,1512016,3
8046,1617,wireless networks,1512016,3
8047,1617,arbitration mechanisms,1512016,3
8048,1617,average case performance,1512016,3
8049,1617,communication platforms,1512016,3
8050,1617,multi-core embedded systems,1512016,3
8051,1617,network-on-chip(noc),1512016,3
8052,1617,optimization modeling,1512016,3
8053,1617,optimization techniques,1512016,3
8054,1617,performance optimizations,1512016,3
8055,1617,network-on-chip,1512016,3
8056,1618,synthetic data set,1464537,3
8057,1618,generating synthetic data set,1464537,3
8058,1618,machine learning,1511175,3
8059,1618,deep learning,1712831,0
8060,1618,convolutional neural networks,1464537,3
8061,1618,machine learning model,1464537,3
8062,1618,character recognition in natural images,1464537,3
8063,1618,char74k,1464537,3
8064,1618,icdar2003.,1464537,3
8065,1618,syntetiskt dataset,1464537,3
8066,1618,generera syntetiskt data,1464537,3
8067,1618,maskininlärning,1269787,0
8068,1618,maskininlärningsmodell,1464537,3
8069,1618,djuplärning,1464537,3
8070,1618,konvolutionära neurala nätverk,1464537,3
8071,1618,teckenigenkänning i bilder,1464537,3
8072,1618,char74k,1464537,3
8073,1618,icdar2003,1464537,3
8074,1619,formal verification,1821827,3
8074,1619,formal verification,957404,3
8075,1619,automated verification,1801578,3
8076,1619,contract inference.,1801578,3
8077,1619,formell verifiering,1821827,3
8078,1619,automatiserad verifiering,1801578,3
8079,1619,kontraktgenerering.,1801578,3
8080,1619,synthetic data set,1464537,3
8081,1619,generating synthetic data set,1464537,3
8082,1619,machine learning,1511175,3
8083,1619,deep learning,1712831,0
8084,1619,convolutional neural networks,1464537,3
8085,1619,machine learning model,1464537,3
8086,1619,character recognition in natural images,1464537,3
8087,1619,char74k,1464537,3
8088,1619,icdar2003.,1464537,3
8089,1619,syntetiskt dataset,1464537,3
8090,1619,generera syntetiskt data,1464537,3
8091,1619,maskininlärning,1269787,0
8092,1619,maskininlärningsmodell,1464537,3
8093,1619,djuplärning,1464537,3
8094,1619,konvolutionära neurala nätverk,1464537,3
8095,1619,teckenigenkänning i bilder,1464537,3
8096,1619,char74k,1464537,3
8097,1619,icdar2003,1464537,3
8098,1624,capsnet,1230671,3
8099,1624,convolutional,1117041,3
8099,1624,convolutional,1230671,3
8099,1624,convolutional,1108415,3
8100,1624,network,1268555,3
8101,1624,capsule,1230671,3
8102,1624,neural,1241492,0
8102,1624,neural,1082065,0
8102,1624,neural,812135,0
8103,1624,clothing,1230671,3
8104,1624,clothes,1230671,3
8105,1624,sellpy,1230671,3
8106,1624,rotation,1230671,3
8107,1624,rotational,1230671,3
8108,1624,views,1230671,3
8109,1630,application programming interfaces (api),798214,3
8110,1630,computer software reusability,798214,3
8111,1630,distributed memory architecture,798214,3
8112,1630,parallel application,798214,3
8113,1630,peak performance,798214,3
8114,1630,programming models,798214,3
8115,1630,scheduler implementation,798214,3
8116,1630,task granularity,798214,3
8117,1630,task parallelism,798214,3
8118,1630,task performance,798214,3
8119,1630,ablation studies,1941572,3
8120,1630,deep learning,1712831,0
8121,1630,feature ablation,1941572,3
8122,1630,model ablation,1941572,3
8123,1630,large language models,1941572,3
8124,1633,convex hull,1105811,3
8125,1633,parallelization,1432272,3
8125,1633,parallelization,1105811,3
8126,1633,openmp,1105811,3
8127,1633,iterative orthant scan,1105811,3
8128,1633,computer graphics,1634246,0
8129,1633,minimal polygon,1105811,3
8130,1634,convex hull,1105811,3
8131,1634,parallelization,1432272,3
8131,1634,parallelization,1105811,3
8132,1634,openmp,1105811,3
8133,1634,iterative orthant scan,1105811,3
8134,1634,computer graphics,1634246,0
8135,1634,minimal polygon,1105811,3
8136,1647,dash,1185014,3
8137,1647,chunked,1185014,3
8138,1647,http,1253472,0
8139,1647,live,1185014,3
8140,1647,streaming,1903931,0
8141,1647,low delay,1185014,3
8142,1647,throughput,1190118,0
8142,1647,throughput,1185014,3
8143,1647,fetch,1185014,3
8144,1648,machine learning,1511175,3
8145,1648,random forest,1749935,0
8146,1648,support vector machine,846825,0
8147,1648,neural network,811087,3
8147,1648,neural network,1188541,0
8148,1651,ux,1634133,3
8149,1651,telemedicine,1634133,3
8150,1651,user satisfaction,1634133,3
8151,1651,user experience,1634133,3
8152,1652,ux,1634133,3
8153,1652,telemedicine,1634133,3
8154,1652,user satisfaction,1634133,3
8155,1652,user experience,1634133,3
8156,1653,ux,1634133,3
8157,1653,telemedicine,1634133,3
8158,1653,user satisfaction,1634133,3
8159,1653,user experience,1634133,3
8160,1654,ux,1634133,3
8161,1654,telemedicine,1634133,3
8162,1654,user satisfaction,1634133,3
8163,1654,user experience,1634133,3
8164,1655,speech production,1263713,3
8164,1655,speech production,971288,3
8165,1655,biomechanical articulatory model,971288,3
8166,1655,vocal tract geometry,971288,3
8167,1655,vocal tract acoustics,971288,3
8168,1655,finite element method,971288,3
8169,1656,speech production,1263713,3
8169,1656,speech production,971288,3
8170,1656,biomechanical articulatory model,971288,3
8171,1656,vocal tract geometry,971288,3
8172,1656,vocal tract acoustics,971288,3
8173,1656,finite element method,971288,3
8174,1657,machine learning,1511175,3
8175,1657,cluster analysis,1702325,0
8175,1657,cluster analysis,1219916,0
8176,1657,log file analysis,947287,0
8177,1658,eye tracking,1599676,3
8178,1658,gaze-to-object mapping,967519,3
8179,1658,3d virtual environments,967519,3
8180,1658,video games,947287,0
8181,1664,participatory design,1653009,3
8182,1664,industry 4.0,1913447,0
8183,1664,user ownership,1653009,3
8184,1664,expert users,1653009,3
8185,1664,knowledge-sharing,1653009,3
8186,1664,machine learning,1511175,3
8187,1664,neural networks,1194112,0
8187,1664,neural networks,1320166,3
8188,1664,layer-wise relevance propagation,1320166,3
8189,1664,sensitivity analysis,1320166,3
8190,1664,image classification,1750932,0
8190,1664,image classification,1320166,3
8191,1665,machine learning,1511175,3
8192,1665,neural networks,1194112,0
8192,1665,neural networks,1320166,3
8193,1665,layer-wise relevance propagation,1320166,3
8194,1665,sensitivity analysis,1320166,3
8195,1665,image classification,1750932,0
8195,1665,image classification,1320166,3
8196,1669,event-driven architecture,1589040,3
8197,1669,monolithic architecture,1612613,0
8198,1669,domain-driven design,945831,3
8199,1669,service- oriented architecture,1589040,3
8200,1669,organisational structure,1589040,3
8201,1669,event-driven arkitektur,1589040,3
8202,1669,monolitisk arkitektur,1589040,3
8203,1669,domändriven design,1589040,3
8204,1669,serviceorienterad arkitektur,1589040,3
8205,1669,organisationsstruktur,1589040,3
8206,1672,computer science,1194112,0
8207,1672,finance,1885510,0
8208,1672,clearing,1871803,3
8208,1672,clearing,1871803,3
8209,1672,software testing,1784176,0
8210,1672,model-based testing,1755837,3
8211,1672,modbat,1871803,3
8212,1672,test oracle,1871803,3
8213,1672,datavetenskap,7325,3
8214,1672,finans/ekonomi,1871803,3
8215,1672,mjukvarutestning,1784176,0
8216,1672,modellbaserad testning,1801581,0
8216,1672,modellbaserad testning,1609005,0
8216,1672,modellbaserad testning,1871803,3
8216,1672,modellbaserad testning,1755837,3
8217,1672,modbat,1871803,3
8218,1672,testorakel,1871803,3
8219,1676,ablation studies,1941572,3
8220,1676,deep learning,1712831,0
8221,1676,feature ablation,1941572,3
8222,1676,model ablation,1941572,3
8223,1676,large language models,1941572,3
8224,1677,ablation studies,1941572,3
8225,1677,deep learning,1712831,0
8226,1677,feature ablation,1941572,3
8227,1677,model ablation,1941572,3
8228,1677,large language models,1941572,3
8229,1678,ablation studies,1941572,3
8230,1678,deep learning,1712831,0
8231,1678,feature ablation,1941572,3
8232,1678,model ablation,1941572,3
8233,1678,large language models,1941572,3
8234,1679,attack simulations,1596039,3
8235,1679,threat modeling,1596039,3
8235,1679,threat modeling,1464458,0
8236,1679,cyber security,1596039,3
8237,1679,enterprise systems,1596039,3
8238,1679,attacksimuleringar,1596039,3
8239,1679,hotmodellering,1596039,3
8239,1679,hotmodellering,1464458,0
8240,1679,cybersäkerhet,1596039,3
8241,1679,företagssystem,1596039,3
8242,1680,attack simulations,1596039,3
8243,1680,threat modeling,1596039,3
8243,1680,threat modeling,1464458,0
8244,1680,cyber security,1596039,3
8245,1680,enterprise systems,1596039,3
8246,1680,attacksimuleringar,1596039,3
8247,1680,hotmodellering,1596039,3
8247,1680,hotmodellering,1464458,0
8248,1680,cybersäkerhet,1596039,3
8249,1680,företagssystem,1596039,3
8250,1683,differential privacy,1808715,0
8250,1683,differential privacy,1701846,3
8251,1683,hedonic pricing method,1701846,3
8252,1683,logistic regression,1700274,3
8252,1683,logistic regression,1701846,3
8253,1683,gdpr,1701846,3
8254,1683,privacy regulation,1701846,3
8255,1683,valuation,1701846,3
8256,1683,risk assessment,1746022,0
8256,1683,risk assessment,1701846,3
8257,1683,valuing emerging technologies,1701846,3
8258,1683,valuing non-market goods and services,1701846,3
8259,1683,mobility,1701846,3
8260,1684,differential privacy,1808715,0
8260,1684,differential privacy,1701846,3
8261,1684,hedonic pricing method,1701846,3
8262,1684,logistic regression,1700274,3
8262,1684,logistic regression,1701846,3
8263,1684,gdpr,1701846,3
8264,1684,privacy regulation,1701846,3
8265,1684,valuation,1701846,3
8266,1684,risk assessment,1746022,0
8266,1684,risk assessment,1701846,3
8267,1684,valuing emerging technologies,1701846,3
8268,1684,valuing non-market goods and services,1701846,3
8269,1684,mobility,1701846,3
8270,1687,gateway,1884875,3
8271,1687,vulnerability testing,1884875,3
8272,1687,automation,1884875,3
8273,1687,docker,1884875,3
8274,1687,network mapper,1884875,3
8275,1687,gateway,1884875,3
8276,1687,sårbarhetstestning,1884875,3
8277,1687,automatisering,1884875,3
8278,1687,docker,1884875,3
8279,1687,network mapper,1884875,3
8280,1688,gateway,1884875,3
8281,1688,vulnerability testing,1884875,3
8282,1688,automation,1884875,3
8283,1688,docker,1884875,3
8284,1688,network mapper,1884875,3
8285,1688,gateway,1884875,3
8286,1688,sårbarhetstestning,1884875,3
8287,1688,automatisering,1884875,3
8288,1688,docker,1884875,3
8289,1688,network mapper,1884875,3
8290,1691,probabilistic contracts,1751015,3
8291,1691,automata,1751015,3
8292,1691,algorithm,1751015,3
8293,1692,probabilistic contracts,1751015,3
8294,1692,automata,1751015,3
8295,1692,algorithm,1751015,3
8296,1697,clustering,898710,3
8297,1697,k-means,898710,3
8298,1697,cluster validation,898710,3
8299,1697,number of clusters,898710,3
8300,1710,information retrieval,1697653,0
8300,1710,information retrieval,947155,0
8300,1710,information retrieval,1237438,0
8301,1710,search engines,1799685,3
8302,1710,bm25 (best match 25),1799685,3
8303,1710,regression analysis,1511175,3
8304,1710,parameter estimation,1805112,0
8305,1710,learning to rank,1799685,3
8306,1710,informationsinhämtning,1799685,3
8307,1710,sökmotorer,1799685,3
8308,1710,bm25 (best match 25),1799685,3
8309,1710,regressionsanalys,1799685,3
8310,1710,parameterskattning,1799685,3
8311,1710,maskininlärning för rangordning,1799685,3
8312,1711,falsification attacks,1779730,3
8313,1711,maneuver coordination protocols,1779730,3
8314,1711,maneuver coordination service,1779730,3
8315,1711,smart vehicles,1779730,3
8316,1711,vehicular systems,1779730,3
8317,1711,vulnerability analysis,1779730,3
8318,1712,falsification attacks,1779730,3
8319,1712,maneuver coordination protocols,1779730,3
8320,1712,maneuver coordination service,1779730,3
8321,1712,smart vehicles,1779730,3
8322,1712,vehicular systems,1779730,3
8323,1712,vulnerability analysis,1779730,3
8324,1713,falsification attacks,1779730,3
8325,1713,maneuver coordination protocols,1779730,3
8326,1713,maneuver coordination service,1779730,3
8327,1713,smart vehicles,1779730,3
8328,1713,vehicular systems,1779730,3
8329,1713,vulnerability analysis,1779730,3
8330,1716,noise-contrastive estimation,1139156,3
8331,1716,nce,1139156,3
8332,1716,unnormalised models,1139156,3
8333,1716,statistical estimation,1139156,3
8334,1716,natural image statistics,1139156,3
8335,1716,unsupervised learning,1219916,0
8336,1716,neural network,811087,3
8336,1716,neural network,1188541,0
8337,1717,deep neural networks,1136420,0
8337,1717,deep neural networks,1271052,0
8338,1717,machine learning,1511175,3
8339,1717,inference speed,1138721,3
8340,1717,convolution,1885507,0
8341,1717,decomposition,1253472,0
8342,1717,network branches,1138721,3
8343,1717,julia,1138721,3
8344,1717,mxnet,1138721,3
8345,1717,gpu,970839,0
8346,1717,cpu.,1138721,3
8347,1718,cryptography,1913448,3
8348,1718,audit log,1799790,3
8349,1718,tamper-evident,1799790,3
8350,1718,merkle tree,1799790,3
8350,1718,merkle tree,1119313,0
8351,1718,kryptografi,1913448,3
8352,1718,granskningslogg,1799790,3
8353,1718,manipuleringsupptäckbarhet,1799790,3
8354,1718,merkle träd,1799790,3
8355,1719,location sharing,1856316,3
8356,1719,location privacy,1856316,3
8357,1719,android,970839,0
8358,1719,smartphone,953092,3
8358,1719,smartphone,1108645,3
8358,1719,smartphone,1108645,3
8358,1719,smartphone,798493,0
8359,1719,privacy,1808715,0
8360,1719,gtfs,1856316,3
8361,1719,location obfuscation,1856316,3
8362,1719,lppms,1856316,3
8363,1719,location privacy attacks,1856316,3
8364,1719,anonymity,1046673,3
8364,1719,anonymity,1789914,0
8365,1719,location inference attacks,1856316,3
8366,1719,platsdelning,1856316,3
8367,1719,android,970839,0
8368,1719,smarta telefoner,1856316,3
8369,1719,dataintegritet,1856316,3
8370,1719,smartphone,953092,3
8370,1719,smartphone,1108645,3
8370,1719,smartphone,1108645,3
8370,1719,smartphone,798493,0
8371,1719,obfuskering,1856316,3
8372,1719,anonymitet,1856316,3
8372,1719,anonymitet,1789914,0
